label,area,mean_intensity_GFP_ska,fname_GFP_ska,GFP_ska_cyto,GFP_ska_bg,mean_intensity_CENP_B_ds_red,fname_CENP_B_ds_red,CENP_B_ds_red_cyto,CENP_B_ds_red_bg
0_1,4.0,7344.75,EXPT-2021-005-SET5_GFP-SKA3WT_CENPBdsRed_MG132_MITOSIS1_R3D_D3D_Z00_C1_T0.tif,4439.570747849107,3273.705,24843.75,EXPT-2021-005-SET5_GFP-SKA3WT_CENPBdsRed_MG132_MITOSIS1_R3D_D3D_Z00_C0_T0.tif,16613.474295190714,12947.9925
0_2,6.0,6998.833333333333,EXPT-2021-005-SET5_GFP-SKA3WT_CENPBdsRed_MG132_MITOSIS1_R3D_D3D_Z00_C1_T0.tif,4439.570747849107,3273.705,26332.0,EXPT-2021-005-SET5_GFP-SKA3WT_CENPBdsRed_MG132_MITOSIS1_R3D_D3D_Z00_C0_T0.tif,16613.474295190714,12947.9925
0_3,5.0,4495.8,EXPT-2021-005-SET5_GFP-SKA3WT_CENPBdsRed_MG132_MITOSIS1_R3D_D3D_Z00_C1_T0.tif,4439.570747849107,3273.705,20922.4,EXPT-2021-005-SET5_GFP-SKA3WT_CENPBdsRed_MG132_MITOSIS1_R3D_D3D_Z00_C0_T0.tif,16613.474295190714,12947.9925
0_4,5.0,6620.6,EXPT-2021-005-SET5_GFP-SKA3WT_CENPBdsRed_MG132_MITOSIS1_R3D_D3D_Z00_C1_T0.tif,4439.570747849107,3273.705,16587.6,EXPT-2021-005-SET5_GFP-SKA3WT_CENPBdsRed_MG132_MITOSIS1_R3D_D3D_Z00_C0_T0.tif,16613.474295190714,12947.9925
0_5,5.0,5870.0,EXPT-2021-005-SET5_GFP-SKA3WT_CENPBdsRed_MG132_MITOSIS1_R3D_D3D_Z00_C1_T0.tif,4439.570747849107,3273.705,19225.6,EXPT-2021-005-SET5_GFP-SKA3WT_CENPBdsRed_MG132_MITOSIS1_R3D_D3D_Z00_C0_T0.tif,16613.474295190714,12947.9925
0_6,17.0,5806.35294117647,EXPT-2021-005-SET5_GFP-SKA3WT_CENPBdsRed_MG132_MITOSIS1_R3D_D3D_Z00_C1_T0.tif,4439.570747849107,3273.705,17051.176470588234,EXPT-2021-005-SET5_GFP-SKA3WT_CENPBdsRed_MG132_MITOSIS1_R3D_D3D_Z00_C0_T0.tif,16613.474295190714,12947.9925
0_7,13.0,3849.6923076923076,EXPT-2021-005-SET5_GFP-SKA3WT_CENPBdsRed_MG132_MITOSIS1_R3D_D3D_Z00_C1_T0.tif,4439.570747849107,3273.705,17597.30769230769,EXPT-2021-005-SET5_GFP-SKA3WT_CENPBdsRed_MG132_MITOSIS1_R3D_D3D_Z00_C0_T0.tif,16613.474295190714,12947.9925
0_8,16.0,5101.4375,EXPT-2021-005-SET5_GFP-SKA3WT_CENPBdsRed_MG132_MITOSIS1_R3D_D3D_Z00_C1_T0.tif,4439.570747849107,3273.705,20266.8125,EXPT-2021-005-SET5_GFP-SKA3WT_CENPBdsRed_MG132_MITOSIS1_R3D_D3D_Z00_C0_T0.tif,16613.474295190714,12947.9925
0_9,60.0,5539.4,EXPT-2021-005-SET5_GFP-SKA3WT_CENPBdsRed_MG132_MITOSIS1_R3D_D3D_Z00_C1_T0.tif,4439.570747849107,3273.705,20967.933333333334,EXPT-2021-005-SET5_GFP-SKA3WT_CENPBdsRed_MG132_MITOSIS1_R3D_D3D_Z00_C0_T0.tif,16613.474295190714,12947.9925
0_10,26.0,7586.653846153846,EXPT-2021-005-SET5_GFP-SKA3WT_CENPBdsRed_MG132_MITOSIS1_R3D_D3D_Z00_C1_T0.tif,4439.570747849107,3273.705,17788.884615384617,EXPT-2021-005-SET5_GFP-SKA3WT_CENPBdsRed_MG132_MITOSIS1_R3D_D3D_Z00_C0_T0.tif,16613.474295190714,12947.9925
0_11,31.0,4796.258064516129,EXPT-2021-005-SET5_GFP-SKA3WT_CENPBdsRed_MG132_MITOSIS1_R3D_D3D_Z00_C1_T0.tif,4439.570747849107,3273.705,15435.677419354839,EXPT-2021-005-SET5_GFP-SKA3WT_CENPBdsRed_MG132_MITOSIS1_R3D_D3D_Z00_C0_T0.tif,16613.474295190714,12947.9925
0_12,5.0,5998.0,EXPT-2021-005-SET5_GFP-SKA3WT_CENPBdsRed_MG132_MITOSIS1_R3D_D3D_Z00_C1_T0.tif,4439.570747849107,3273.705,16629.0,EXPT-2021-005-SET5_GFP-SKA3WT_CENPBdsRed_MG132_MITOSIS1_R3D_D3D_Z00_C0_T0.tif,16613.474295190714,12947.9925
1_1,6.0,4327.833333333333,EXPT-2021-005-SET5_GFP-SKA3WT_CENPBdsRed_MG132_MITOSIS1_R3D_D3D_Z01_C1_T0.tif,4454.13964565527,3275.255,22818.333333333332,EXPT-2021-005-SET5_GFP-SKA3WT_CENPBdsRed_MG132_MITOSIS1_R3D_D3D_Z01_C0_T0.tif,16336.341718610864,12556.73
1_2,6.0,6768.666666666667,EXPT-2021-005-SET5_GFP-SKA3WT_CENPBdsRed_MG132_MITOSIS1_R3D_D3D_Z01_C1_T0.tif,4454.13964565527,3275.255,25257.333333333332,EXPT-2021-005-SET5_GFP-SKA3WT_CENPBdsRed_MG132_MITOSIS1_R3D_D3D_Z01_C0_T0.tif,16336.341718610864,12556.73
1_3,4.0,7052.75,EXPT-2021-005-SET5_GFP-SKA3WT_CENPBdsRed_MG132_MITOSIS1_R3D_D3D_Z01_C1_T0.tif,4454.13964565527,3275.255,28447.5,EXPT-2021-005-SET5_GFP-SKA3WT_CENPBdsRed_MG132_MITOSIS1_R3D_D3D_Z01_C0_T0.tif,16336.341718610864,12556.73
1_4,15.0,5071.133333333333,EXPT-2021-005-SET5_GFP-SKA3WT_CENPBdsRed_MG132_MITOSIS1_R3D_D3D_Z01_C1_T0.tif,4454.13964565527,3275.255,16316.333333333334,EXPT-2021-005-SET5_GFP-SKA3WT_CENPBdsRed_MG132_MITOSIS1_R3D_D3D_Z01_C0_T0.tif,16336.341718610864,12556.73
1_5,5.0,5942.2,EXPT-2021-005-SET5_GFP-SKA3WT_CENPBdsRed_MG132_MITOSIS1_R3D_D3D_Z01_C1_T0.tif,4454.13964565527,3275.255,22169.8,EXPT-2021-005-SET5_GFP-SKA3WT_CENPBdsRed_MG132_MITOSIS1_R3D_D3D_Z01_C0_T0.tif,16336.341718610864,12556.73
1_6,59.0,5502.440677966101,EXPT-2021-005-SET5_GFP-SKA3WT_CENPBdsRed_MG132_MITOSIS1_R3D_D3D_Z01_C1_T0.tif,4454.13964565527,3275.255,20122.42372881356,EXPT-2021-005-SET5_GFP-SKA3WT_CENPBdsRed_MG132_MITOSIS1_R3D_D3D_Z01_C0_T0.tif,16336.341718610864,12556.73
1_7,54.0,5612.148148148148,EXPT-2021-005-SET5_GFP-SKA3WT_CENPBdsRed_MG132_MITOSIS1_R3D_D3D_Z01_C1_T0.tif,4454.13964565527,3275.255,20577.666666666668,EXPT-2021-005-SET5_GFP-SKA3WT_CENPBdsRed_MG132_MITOSIS1_R3D_D3D_Z01_C0_T0.tif,16336.341718610864,12556.73
1_8,44.0,4537.772727272727,EXPT-2021-005-SET5_GFP-SKA3WT_CENPBdsRed_MG132_MITOSIS1_R3D_D3D_Z01_C1_T0.tif,4454.13964565527,3275.255,15004.454545454546,EXPT-2021-005-SET5_GFP-SKA3WT_CENPBdsRed_MG132_MITOSIS1_R3D_D3D_Z01_C0_T0.tif,16336.341718610864,12556.73
1_9,38.0,9858.421052631578,EXPT-2021-005-SET5_GFP-SKA3WT_CENPBdsRed_MG132_MITOSIS1_R3D_D3D_Z01_C1_T0.tif,4454.13964565527,3275.255,18049.026315789473,EXPT-2021-005-SET5_GFP-SKA3WT_CENPBdsRed_MG132_MITOSIS1_R3D_D3D_Z01_C0_T0.tif,16336.341718610864,12556.73
2_1,11.0,7286.909090909091,EXPT-2021-005-SET5_GFP-SKA3WT_CENPBdsRed_MG132_MITOSIS1_R3D_D3D_Z02_C1_T0.tif,4491.1605979805045,3189.74,24385.81818181818,EXPT-2021-005-SET5_GFP-SKA3WT_CENPBdsRed_MG132_MITOSIS1_R3D_D3D_Z02_C0_T0.tif,15861.30033119894,12082.3125
2_2,8.0,5604.625,EXPT-2021-005-SET5_GFP-SKA3WT_CENPBdsRed_MG132_MITOSIS1_R3D_D3D_Z02_C1_T0.tif,4491.1605979805045,3189.74,23309.875,EXPT-2021-005-SET5_GFP-SKA3WT_CENPBdsRed_MG132_MITOSIS1_R3D_D3D_Z02_C0_T0.tif,15861.30033119894,12082.3125
2_3,5.0,6424.6,EXPT-2021-005-SET5_GFP-SKA3WT_CENPBdsRed_MG132_MITOSIS1_R3D_D3D_Z02_C1_T0.tif,4491.1605979805045,3189.74,25665.4,EXPT-2021-005-SET5_GFP-SKA3WT_CENPBdsRed_MG132_MITOSIS1_R3D_D3D_Z02_C0_T0.tif,15861.30033119894,12082.3125
2_4,4.0,6653.75,EXPT-2021-005-SET5_GFP-SKA3WT_CENPBdsRed_MG132_MITOSIS1_R3D_D3D_Z02_C1_T0.tif,4491.1605979805045,3189.74,25900.25,EXPT-2021-005-SET5_GFP-SKA3WT_CENPBdsRed_MG132_MITOSIS1_R3D_D3D_Z02_C0_T0.tif,15861.30033119894,12082.3125
2_6,45.0,5191.022222222222,EXPT-2021-005-SET5_GFP-SKA3WT_CENPBdsRed_MG132_MITOSIS1_R3D_D3D_Z02_C1_T0.tif,4491.1605979805045,3189.74,17316.866666666665,EXPT-2021-005-SET5_GFP-SKA3WT_CENPBdsRed_MG132_MITOSIS1_R3D_D3D_Z02_C0_T0.tif,15861.30033119894,12082.3125
2_7,20.0,5866.65,EXPT-2021-005-SET5_GFP-SKA3WT_CENPBdsRed_MG132_MITOSIS1_R3D_D3D_Z02_C1_T0.tif,4491.1605979805045,3189.74,20493.3,EXPT-2021-005-SET5_GFP-SKA3WT_CENPBdsRed_MG132_MITOSIS1_R3D_D3D_Z02_C0_T0.tif,15861.30033119894,12082.3125
2_8,10.0,5217.8,EXPT-2021-005-SET5_GFP-SKA3WT_CENPBdsRed_MG132_MITOSIS1_R3D_D3D_Z02_C1_T0.tif,4491.1605979805045,3189.74,18703.3,EXPT-2021-005-SET5_GFP-SKA3WT_CENPBdsRed_MG132_MITOSIS1_R3D_D3D_Z02_C0_T0.tif,15861.30033119894,12082.3125
2_9,50.0,6182.78,EXPT-2021-005-SET5_GFP-SKA3WT_CENPBdsRed_MG132_MITOSIS1_R3D_D3D_Z02_C1_T0.tif,4491.1605979805045,3189.74,20935.94,EXPT-2021-005-SET5_GFP-SKA3WT_CENPBdsRed_MG132_MITOSIS1_R3D_D3D_Z02_C0_T0.tif,15861.30033119894,12082.3125
2_10,18.0,4890.111111111111,EXPT-2021-005-SET5_GFP-SKA3WT_CENPBdsRed_MG132_MITOSIS1_R3D_D3D_Z02_C1_T0.tif,4491.1605979805045,3189.74,18025.61111111111,EXPT-2021-005-SET5_GFP-SKA3WT_CENPBdsRed_MG132_MITOSIS1_R3D_D3D_Z02_C0_T0.tif,15861.30033119894,12082.3125
2_11,51.0,5900.705882352941,EXPT-2021-005-SET5_GFP-SKA3WT_CENPBdsRed_MG132_MITOSIS1_R3D_D3D_Z02_C1_T0.tif,4491.1605979805045,3189.74,18929.21568627451,EXPT-2021-005-SET5_GFP-SKA3WT_CENPBdsRed_MG132_MITOSIS1_R3D_D3D_Z02_C0_T0.tif,15861.30033119894,12082.3125
2_12,5.0,4662.0,EXPT-2021-005-SET5_GFP-SKA3WT_CENPBdsRed_MG132_MITOSIS1_R3D_D3D_Z02_C1_T0.tif,4491.1605979805045,3189.74,16231.4,EXPT-2021-005-SET5_GFP-SKA3WT_CENPBdsRed_MG132_MITOSIS1_R3D_D3D_Z02_C0_T0.tif,15861.30033119894,12082.3125
2_13,5.0,6511.6,EXPT-2021-005-SET5_GFP-SKA3WT_CENPBdsRed_MG132_MITOSIS1_R3D_D3D_Z02_C1_T0.tif,4491.1605979805045,3189.74,18120.6,EXPT-2021-005-SET5_GFP-SKA3WT_CENPBdsRed_MG132_MITOSIS1_R3D_D3D_Z02_C0_T0.tif,15861.30033119894,12082.3125
2_14,56.0,4517.642857142857,EXPT-2021-005-SET5_GFP-SKA3WT_CENPBdsRed_MG132_MITOSIS1_R3D_D3D_Z02_C1_T0.tif,4491.1605979805045,3189.74,14513.767857142857,EXPT-2021-005-SET5_GFP-SKA3WT_CENPBdsRed_MG132_MITOSIS1_R3D_D3D_Z02_C0_T0.tif,15861.30033119894,12082.3125
2_15,39.0,14450.71794871795,EXPT-2021-005-SET5_GFP-SKA3WT_CENPBdsRed_MG132_MITOSIS1_R3D_D3D_Z02_C1_T0.tif,4491.1605979805045,3189.74,17792.82051282051,EXPT-2021-005-SET5_GFP-SKA3WT_CENPBdsRed_MG132_MITOSIS1_R3D_D3D_Z02_C0_T0.tif,15861.30033119894,12082.3125
2_16,9.0,9403.333333333334,EXPT-2021-005-SET5_GFP-SKA3WT_CENPBdsRed_MG132_MITOSIS1_R3D_D3D_Z02_C1_T0.tif,4491.1605979805045,3189.74,14970.333333333334,EXPT-2021-005-SET5_GFP-SKA3WT_CENPBdsRed_MG132_MITOSIS1_R3D_D3D_Z02_C0_T0.tif,15861.30033119894,12082.3125
3_1,8.0,6867.125,EXPT-2021-005-SET5_GFP-SKA3WT_CENPBdsRed_MG132_MITOSIS1_R3D_D3D_Z03_C1_T0.tif,4627.776262650259,3184.67,24787.5,EXPT-2021-005-SET5_GFP-SKA3WT_CENPBdsRed_MG132_MITOSIS1_R3D_D3D_Z03_C0_T0.tif,15381.723598549395,11577.19
3_2,5.0,7033.4,EXPT-2021-005-SET5_GFP-SKA3WT_CENPBdsRed_MG132_MITOSIS1_R3D_D3D_Z03_C1_T0.tif,4627.776262650259,3184.67,23983.2,EXPT-2021-005-SET5_GFP-SKA3WT_CENPBdsRed_MG132_MITOSIS1_R3D_D3D_Z03_C0_T0.tif,15381.723598549395,11577.19
3_3,4.0,6912.0,EXPT-2021-005-SET5_GFP-SKA3WT_CENPBdsRed_MG132_MITOSIS1_R3D_D3D_Z03_C1_T0.tif,4627.776262650259,3184.67,25427.25,EXPT-2021-005-SET5_GFP-SKA3WT_CENPBdsRed_MG132_MITOSIS1_R3D_D3D_Z03_C0_T0.tif,15381.723598549395,11577.19
3_4,5.0,5955.2,EXPT-2021-005-SET5_GFP-SKA3WT_CENPBdsRed_MG132_MITOSIS1_R3D_D3D_Z03_C1_T0.tif,4627.776262650259,3184.67,23742.8,EXPT-2021-005-SET5_GFP-SKA3WT_CENPBdsRed_MG132_MITOSIS1_R3D_D3D_Z03_C0_T0.tif,15381.723598549395,11577.19
3_5,4.0,6281.0,EXPT-2021-005-SET5_GFP-SKA3WT_CENPBdsRed_MG132_MITOSIS1_R3D_D3D_Z03_C1_T0.tif,4627.776262650259,3184.67,24571.0,EXPT-2021-005-SET5_GFP-SKA3WT_CENPBdsRed_MG132_MITOSIS1_R3D_D3D_Z03_C0_T0.tif,15381.723598549395,11577.19
4_1,5.0,4868.6,EXPT-2021-005-SET5_GFP-SKA3WT_CENPBdsRed_MG132_MITOSIS1_R3D_D3D_Z04_C1_T0.tif,4685.409017020463,3146.7525,22334.8,EXPT-2021-005-SET5_GFP-SKA3WT_CENPBdsRed_MG132_MITOSIS1_R3D_D3D_Z04_C0_T0.tif,14865.398106268758,11195.645
4_8,5.0,5521.0,EXPT-2021-005-SET5_GFP-SKA3WT_CENPBdsRed_MG132_MITOSIS1_R3D_D3D_Z04_C1_T0.tif,4685.409017020463,3146.7525,17288.8,EXPT-2021-005-SET5_GFP-SKA3WT_CENPBdsRed_MG132_MITOSIS1_R3D_D3D_Z04_C0_T0.tif,14865.398106268758,11195.645
7_1,4.0,6496.5,EXPT-2021-005-SET5_GFP-SKA3WT_CENPBdsRed_MG132_MITOSIS1_R3D_D3D_Z07_C1_T0.tif,4699.0377475889245,2989.73,19920.75,EXPT-2021-005-SET5_GFP-SKA3WT_CENPBdsRed_MG132_MITOSIS1_R3D_D3D_Z07_C0_T0.tif,14605.86133788737,11041.64
9_1,6.0,6109.166666666667,EXPT-2021-005-SET5_GFP-SKA3WT_CENPBdsRed_MG132_MITOSIS1_R3D_D3D_Z09_C1_T0.tif,4532.549374188958,2957.15,25074.333333333332,EXPT-2021-005-SET5_GFP-SKA3WT_CENPBdsRed_MG132_MITOSIS1_R3D_D3D_Z09_C0_T0.tif,14639.977110990885,11574.425
9_2,5.0,6463.8,EXPT-2021-005-SET5_GFP-SKA3WT_CENPBdsRed_MG132_MITOSIS1_R3D_D3D_Z09_C1_T0.tif,4532.549374188958,2957.15,24524.8,EXPT-2021-005-SET5_GFP-SKA3WT_CENPBdsRed_MG132_MITOSIS1_R3D_D3D_Z09_C0_T0.tif,14639.977110990885,11574.425
10_1,3.0,7091.666666666667,EXPT-2021-005-SET5_GFP-SKA3WT_CENPBdsRed_MG132_MITOSIS1_R3D_D3D_Z10_C1_T0.tif,4579.157215451724,2994.62,26511.0,EXPT-2021-005-SET5_GFP-SKA3WT_CENPBdsRed_MG132_MITOSIS1_R3D_D3D_Z10_C0_T0.tif,14721.461398459325,11641.03
10_6,32.0,10178.78125,EXPT-2021-005-SET5_GFP-SKA3WT_CENPBdsRed_MG132_MITOSIS1_R3D_D3D_Z10_C1_T0.tif,4579.157215451724,2994.62,16238.03125,EXPT-2021-005-SET5_GFP-SKA3WT_CENPBdsRed_MG132_MITOSIS1_R3D_D3D_Z10_C0_T0.tif,14721.461398459325,11641.03
10_7,99.0,8961.212121212122,EXPT-2021-005-SET5_GFP-SKA3WT_CENPBdsRed_MG132_MITOSIS1_R3D_D3D_Z10_C1_T0.tif,4579.157215451724,2994.62,17068.535353535353,EXPT-2021-005-SET5_GFP-SKA3WT_CENPBdsRed_MG132_MITOSIS1_R3D_D3D_Z10_C0_T0.tif,14721.461398459325,11641.03
10_8,31.0,10715.0,EXPT-2021-005-SET5_GFP-SKA3WT_CENPBdsRed_MG132_MITOSIS1_R3D_D3D_Z10_C1_T0.tif,4579.157215451724,2994.62,17372.1935483871,EXPT-2021-005-SET5_GFP-SKA3WT_CENPBdsRed_MG132_MITOSIS1_R3D_D3D_Z10_C0_T0.tif,14721.461398459325,11641.03
10_10,33.0,10933.424242424242,EXPT-2021-005-SET5_GFP-SKA3WT_CENPBdsRed_MG132_MITOSIS1_R3D_D3D_Z10_C1_T0.tif,4579.157215451724,2994.62,16638.545454545456,EXPT-2021-005-SET5_GFP-SKA3WT_CENPBdsRed_MG132_MITOSIS1_R3D_D3D_Z10_C0_T0.tif,14721.461398459325,11641.03
10_11,5.0,6847.2,EXPT-2021-005-SET5_GFP-SKA3WT_CENPBdsRed_MG132_MITOSIS1_R3D_D3D_Z10_C1_T0.tif,4579.157215451724,2994.62,16225.4,EXPT-2021-005-SET5_GFP-SKA3WT_CENPBdsRed_MG132_MITOSIS1_R3D_D3D_Z10_C0_T0.tif,14721.461398459325,11641.03
10_12,13.0,10190.076923076924,EXPT-2021-005-SET5_GFP-SKA3WT_CENPBdsRed_MG132_MITOSIS1_R3D_D3D_Z10_C1_T0.tif,4579.157215451724,2994.62,14940.615384615385,EXPT-2021-005-SET5_GFP-SKA3WT_CENPBdsRed_MG132_MITOSIS1_R3D_D3D_Z10_C0_T0.tif,14721.461398459325,11641.03
10_13,30.0,10595.533333333333,EXPT-2021-005-SET5_GFP-SKA3WT_CENPBdsRed_MG132_MITOSIS1_R3D_D3D_Z10_C1_T0.tif,4579.157215451724,2994.62,15371.566666666668,EXPT-2021-005-SET5_GFP-SKA3WT_CENPBdsRed_MG132_MITOSIS1_R3D_D3D_Z10_C0_T0.tif,14721.461398459325,11641.03
10_14,5.0,14919.0,EXPT-2021-005-SET5_GFP-SKA3WT_CENPBdsRed_MG132_MITOSIS1_R3D_D3D_Z10_C1_T0.tif,4579.157215451724,2994.62,15817.2,EXPT-2021-005-SET5_GFP-SKA3WT_CENPBdsRed_MG132_MITOSIS1_R3D_D3D_Z10_C0_T0.tif,14721.461398459325,11641.03
10_16,33.0,14213.181818181818,EXPT-2021-005-SET5_GFP-SKA3WT_CENPBdsRed_MG132_MITOSIS1_R3D_D3D_Z10_C1_T0.tif,4579.157215451724,2994.62,15720.363636363636,EXPT-2021-005-SET5_GFP-SKA3WT_CENPBdsRed_MG132_MITOSIS1_R3D_D3D_Z10_C0_T0.tif,14721.461398459325,11641.03
10_17,35.0,7639.428571428572,EXPT-2021-005-SET5_GFP-SKA3WT_CENPBdsRed_MG132_MITOSIS1_R3D_D3D_Z10_C1_T0.tif,4579.157215451724,2994.62,17189.942857142858,EXPT-2021-005-SET5_GFP-SKA3WT_CENPBdsRed_MG132_MITOSIS1_R3D_D3D_Z10_C0_T0.tif,14721.461398459325,11641.03
10_18,5.0,7886.2,EXPT-2021-005-SET5_GFP-SKA3WT_CENPBdsRed_MG132_MITOSIS1_R3D_D3D_Z10_C1_T0.tif,4579.157215451724,2994.62,15414.6,EXPT-2021-005-SET5_GFP-SKA3WT_CENPBdsRed_MG132_MITOSIS1_R3D_D3D_Z10_C0_T0.tif,14721.461398459325,11641.03
10_19,17.0,8662.941176470587,EXPT-2021-005-SET5_GFP-SKA3WT_CENPBdsRed_MG132_MITOSIS1_R3D_D3D_Z10_C1_T0.tif,4579.157215451724,2994.62,15810.588235294117,EXPT-2021-005-SET5_GFP-SKA3WT_CENPBdsRed_MG132_MITOSIS1_R3D_D3D_Z10_C0_T0.tif,14721.461398459325,11641.03
10_20,43.0,13935.93023255814,EXPT-2021-005-SET5_GFP-SKA3WT_CENPBdsRed_MG132_MITOSIS1_R3D_D3D_Z10_C1_T0.tif,4579.157215451724,2994.62,16300.581395348838,EXPT-2021-005-SET5_GFP-SKA3WT_CENPBdsRed_MG132_MITOSIS1_R3D_D3D_Z10_C0_T0.tif,14721.461398459325,11641.03
11_1,5.0,5956.8,EXPT-2021-005-SET5_GFP-SKA3WT_CENPBdsRed_MG132_MITOSIS1_R3D_D3D_Z11_C1_T0.tif,4647.35985504963,2982.335,26117.0,EXPT-2021-005-SET5_GFP-SKA3WT_CENPBdsRed_MG132_MITOSIS1_R3D_D3D_Z11_C0_T0.tif,14797.296543178225,11620.205
11_18,5.0,13895.2,EXPT-2021-005-SET5_GFP-SKA3WT_CENPBdsRed_MG132_MITOSIS1_R3D_D3D_Z11_C1_T0.tif,4647.35985504963,2982.335,13789.8,EXPT-2021-005-SET5_GFP-SKA3WT_CENPBdsRed_MG132_MITOSIS1_R3D_D3D_Z11_C0_T0.tif,14797.296543178225,11620.205
12_1,6.0,6425.666666666667,EXPT-2021-005-SET5_GFP-SKA3WT_CENPBdsRed_MG132_MITOSIS1_R3D_D3D_Z12_C1_T0.tif,4681.104169978275,2984.935,23314.666666666668,EXPT-2021-005-SET5_GFP-SKA3WT_CENPBdsRed_MG132_MITOSIS1_R3D_D3D_Z12_C0_T0.tif,14811.527248014272,11571.015
13_2,4.0,4965.25,EXPT-2021-005-SET5_GFP-SKA3WT_CENPBdsRed_MG132_MITOSIS1_R3D_D3D_Z13_C1_T0.tif,4556.324719001682,3053.3175,24662.5,EXPT-2021-005-SET5_GFP-SKA3WT_CENPBdsRed_MG132_MITOSIS1_R3D_D3D_Z13_C0_T0.tif,14817.14029787234,11527.4825
13_6,5.0,5284.4,EXPT-2021-005-SET5_GFP-SKA3WT_CENPBdsRed_MG132_MITOSIS1_R3D_D3D_Z13_C1_T0.tif,4556.324719001682,3053.3175,13172.6,EXPT-2021-005-SET5_GFP-SKA3WT_CENPBdsRed_MG132_MITOSIS1_R3D_D3D_Z13_C0_T0.tif,14817.14029787234,11527.4825
13_8,5.0,5334.0,EXPT-2021-005-SET5_GFP-SKA3WT_CENPBdsRed_MG132_MITOSIS1_R3D_D3D_Z13_C1_T0.tif,4556.324719001682,3053.3175,13658.0,EXPT-2021-005-SET5_GFP-SKA3WT_CENPBdsRed_MG132_MITOSIS1_R3D_D3D_Z13_C0_T0.tif,14817.14029787234,11527.4825
14_1,5.0,5992.4,EXPT-2021-005-SET5_GFP-SKA3WT_CENPBdsRed_MG132_MITOSIS1_R3D_D3D_Z14_C1_T0.tif,4446.207767228679,3104.365,25308.6,EXPT-2021-005-SET5_GFP-SKA3WT_CENPBdsRed_MG132_MITOSIS1_R3D_D3D_Z14_C0_T0.tif,14838.447981497056,11328.9825
14_3,4.0,5488.0,EXPT-2021-005-SET5_GFP-SKA3WT_CENPBdsRed_MG132_MITOSIS1_R3D_D3D_Z14_C1_T0.tif,4446.207767228679,3104.365,24139.25,EXPT-2021-005-SET5_GFP-SKA3WT_CENPBdsRed_MG132_MITOSIS1_R3D_D3D_Z14_C0_T0.tif,14838.447981497056,11328.9825
15_1,3.0,6094.333333333333,EXPT-2021-005-SET5_GFP-SKA3WT_CENPBdsRed_MG132_MITOSIS1_R3D_D3D_Z15_C1_T0.tif,4487.771326504261,3056.0975,25219.333333333332,EXPT-2021-005-SET5_GFP-SKA3WT_CENPBdsRed_MG132_MITOSIS1_R3D_D3D_Z15_C0_T0.tif,14878.183441281746,11323.115
15_2,13.0,5508.461538461538,EXPT-2021-005-SET5_GFP-SKA3WT_CENPBdsRed_MG132_MITOSIS1_R3D_D3D_Z15_C1_T0.tif,4487.771326504261,3056.0975,23156.76923076923,EXPT-2021-005-SET5_GFP-SKA3WT_CENPBdsRed_MG132_MITOSIS1_R3D_D3D_Z15_C0_T0.tif,14878.183441281746,11323.115
15_3,4.0,5656.5,EXPT-2021-005-SET5_GFP-SKA3WT_CENPBdsRed_MG132_MITOSIS1_R3D_D3D_Z15_C1_T0.tif,4487.771326504261,3056.0975,23068.75,EXPT-2021-005-SET5_GFP-SKA3WT_CENPBdsRed_MG132_MITOSIS1_R3D_D3D_Z15_C0_T0.tif,14878.183441281746,11323.115
15_14,5.0,9459.0,EXPT-2021-005-SET5_GFP-SKA3WT_CENPBdsRed_MG132_MITOSIS1_R3D_D3D_Z15_C1_T0.tif,4487.771326504261,3056.0975,16733.2,EXPT-2021-005-SET5_GFP-SKA3WT_CENPBdsRed_MG132_MITOSIS1_R3D_D3D_Z15_C0_T0.tif,14878.183441281746,11323.115
15_21,5.0,5584.8,EXPT-2021-005-SET5_GFP-SKA3WT_CENPBdsRed_MG132_MITOSIS1_R3D_D3D_Z15_C1_T0.tif,4487.771326504261,3056.0975,14962.6,EXPT-2021-005-SET5_GFP-SKA3WT_CENPBdsRed_MG132_MITOSIS1_R3D_D3D_Z15_C0_T0.tif,14878.183441281746,11323.115
16_1,5.0,4872.6,EXPT-2021-005-SET5_GFP-SKA3WT_CENPBdsRed_MG132_MITOSIS1_R3D_D3D_Z16_C1_T0.tif,4660.022213626568,3025.6425,20229.8,EXPT-2021-005-SET5_GFP-SKA3WT_CENPBdsRed_MG132_MITOSIS1_R3D_D3D_Z16_C0_T0.tif,14769.339210537284,11455.2775
16_2,14.0,5391.285714285715,EXPT-2021-005-SET5_GFP-SKA3WT_CENPBdsRed_MG132_MITOSIS1_R3D_D3D_Z16_C1_T0.tif,4660.022213626568,3025.6425,18323.714285714286,EXPT-2021-005-SET5_GFP-SKA3WT_CENPBdsRed_MG132_MITOSIS1_R3D_D3D_Z16_C0_T0.tif,14769.339210537284,11455.2775
17_1,4.0,6080.5,EXPT-2021-005-SET5_GFP-SKA3WT_CENPBdsRed_MG132_MITOSIS1_R3D_D3D_Z17_C1_T0.tif,4672.982137904255,2972.1175,24838.75,EXPT-2021-005-SET5_GFP-SKA3WT_CENPBdsRed_MG132_MITOSIS1_R3D_D3D_Z17_C0_T0.tif,14763.991339999164,11464.99
19_1,7.0,5319.428571428572,EXPT-2021-005-SET5_GFP-SKA3WT_CENPBdsRed_MG132_MITOSIS1_R3D_D3D_Z19_C1_T0.tif,4691.392781197538,2886.915,22966.0,EXPT-2021-005-SET5_GFP-SKA3WT_CENPBdsRed_MG132_MITOSIS1_R3D_D3D_Z19_C0_T0.tif,14842.31575436695,11415.565
21_1,3.0,5391.666666666667,EXPT-2021-005-SET5_GFP-SKA3WT_CENPBdsRed_MG132_MITOSIS1_R3D_D3D_Z21_C1_T0.tif,4658.734318327288,2951.7425,26644.0,EXPT-2021-005-SET5_GFP-SKA3WT_CENPBdsRed_MG132_MITOSIS1_R3D_D3D_Z21_C0_T0.tif,14954.533484536083,11496.1025
21_7,32.0,7070.03125,EXPT-2021-005-SET5_GFP-SKA3WT_CENPBdsRed_MG132_MITOSIS1_R3D_D3D_Z21_C1_T0.tif,4658.734318327288,2951.7425,20492.84375,EXPT-2021-005-SET5_GFP-SKA3WT_CENPBdsRed_MG132_MITOSIS1_R3D_D3D_Z21_C0_T0.tif,14954.533484536083,11496.1025
21_9,56.0,9118.875,EXPT-2021-005-SET5_GFP-SKA3WT_CENPBdsRed_MG132_MITOSIS1_R3D_D3D_Z21_C1_T0.tif,4658.734318327288,2951.7425,16945.428571428572,EXPT-2021-005-SET5_GFP-SKA3WT_CENPBdsRed_MG132_MITOSIS1_R3D_D3D_Z21_C0_T0.tif,14954.533484536083,11496.1025
21_10,46.0,10337.782608695652,EXPT-2021-005-SET5_GFP-SKA3WT_CENPBdsRed_MG132_MITOSIS1_R3D_D3D_Z21_C1_T0.tif,4658.734318327288,2951.7425,20718.0,EXPT-2021-005-SET5_GFP-SKA3WT_CENPBdsRed_MG132_MITOSIS1_R3D_D3D_Z21_C0_T0.tif,14954.533484536083,11496.1025
21_11,34.0,9561.617647058823,EXPT-2021-005-SET5_GFP-SKA3WT_CENPBdsRed_MG132_MITOSIS1_R3D_D3D_Z21_C1_T0.tif,4658.734318327288,2951.7425,20254.970588235294,EXPT-2021-005-SET5_GFP-SKA3WT_CENPBdsRed_MG132_MITOSIS1_R3D_D3D_Z21_C0_T0.tif,14954.533484536083,11496.1025
21_12,38.0,7841.473684210527,EXPT-2021-005-SET5_GFP-SKA3WT_CENPBdsRed_MG132_MITOSIS1_R3D_D3D_Z21_C1_T0.tif,4658.734318327288,2951.7425,18855.947368421053,EXPT-2021-005-SET5_GFP-SKA3WT_CENPBdsRed_MG132_MITOSIS1_R3D_D3D_Z21_C0_T0.tif,14954.533484536083,11496.1025
21_13,32.0,11714.625,EXPT-2021-005-SET5_GFP-SKA3WT_CENPBdsRed_MG132_MITOSIS1_R3D_D3D_Z21_C1_T0.tif,4658.734318327288,2951.7425,17429.15625,EXPT-2021-005-SET5_GFP-SKA3WT_CENPBdsRed_MG132_MITOSIS1_R3D_D3D_Z21_C0_T0.tif,14954.533484536083,11496.1025
21_14,52.0,9325.096153846154,EXPT-2021-005-SET5_GFP-SKA3WT_CENPBdsRed_MG132_MITOSIS1_R3D_D3D_Z21_C1_T0.tif,4658.734318327288,2951.7425,19089.21153846154,EXPT-2021-005-SET5_GFP-SKA3WT_CENPBdsRed_MG132_MITOSIS1_R3D_D3D_Z21_C0_T0.tif,14954.533484536083,11496.1025
21_15,35.0,8263.542857142857,EXPT-2021-005-SET5_GFP-SKA3WT_CENPBdsRed_MG132_MITOSIS1_R3D_D3D_Z21_C1_T0.tif,4658.734318327288,2951.7425,17065.2,EXPT-2021-005-SET5_GFP-SKA3WT_CENPBdsRed_MG132_MITOSIS1_R3D_D3D_Z21_C0_T0.tif,14954.533484536083,11496.1025
21_16,38.0,11767.026315789473,EXPT-2021-005-SET5_GFP-SKA3WT_CENPBdsRed_MG132_MITOSIS1_R3D_D3D_Z21_C1_T0.tif,4658.734318327288,2951.7425,18881.0,EXPT-2021-005-SET5_GFP-SKA3WT_CENPBdsRed_MG132_MITOSIS1_R3D_D3D_Z21_C0_T0.tif,14954.533484536083,11496.1025
21_17,29.0,14742.689655172413,EXPT-2021-005-SET5_GFP-SKA3WT_CENPBdsRed_MG132_MITOSIS1_R3D_D3D_Z21_C1_T0.tif,4658.734318327288,2951.7425,18474.96551724138,EXPT-2021-005-SET5_GFP-SKA3WT_CENPBdsRed_MG132_MITOSIS1_R3D_D3D_Z21_C0_T0.tif,14954.533484536083,11496.1025
21_18,35.0,9683.114285714286,EXPT-2021-005-SET5_GFP-SKA3WT_CENPBdsRed_MG132_MITOSIS1_R3D_D3D_Z21_C1_T0.tif,4658.734318327288,2951.7425,17441.85714285714,EXPT-2021-005-SET5_GFP-SKA3WT_CENPBdsRed_MG132_MITOSIS1_R3D_D3D_Z21_C0_T0.tif,14954.533484536083,11496.1025
21_19,5.0,7439.4,EXPT-2021-005-SET5_GFP-SKA3WT_CENPBdsRed_MG132_MITOSIS1_R3D_D3D_Z21_C1_T0.tif,4658.734318327288,2951.7425,18837.8,EXPT-2021-005-SET5_GFP-SKA3WT_CENPBdsRed_MG132_MITOSIS1_R3D_D3D_Z21_C0_T0.tif,14954.533484536083,11496.1025
21_20,33.0,10243.878787878788,EXPT-2021-005-SET5_GFP-SKA3WT_CENPBdsRed_MG132_MITOSIS1_R3D_D3D_Z21_C1_T0.tif,4658.734318327288,2951.7425,18851.909090909092,EXPT-2021-005-SET5_GFP-SKA3WT_CENPBdsRed_MG132_MITOSIS1_R3D_D3D_Z21_C0_T0.tif,14954.533484536083,11496.1025
22_7,52.0,7130.557692307692,EXPT-2021-005-SET5_GFP-SKA3WT_CENPBdsRed_MG132_MITOSIS1_R3D_D3D_Z22_C1_T0.tif,4548.208958596999,2936.0125,18850.30769230769,EXPT-2021-005-SET5_GFP-SKA3WT_CENPBdsRed_MG132_MITOSIS1_R3D_D3D_Z22_C0_T0.tif,14847.846036155735,11546.4675
22_8,67.0,8791.298507462687,EXPT-2021-005-SET5_GFP-SKA3WT_CENPBdsRed_MG132_MITOSIS1_R3D_D3D_Z22_C1_T0.tif,4548.208958596999,2936.0125,16689.641791044774,EXPT-2021-005-SET5_GFP-SKA3WT_CENPBdsRed_MG132_MITOSIS1_R3D_D3D_Z22_C0_T0.tif,14847.846036155735,11546.4675
22_16,5.0,8511.2,EXPT-2021-005-SET5_GFP-SKA3WT_CENPBdsRed_MG132_MITOSIS1_R3D_D3D_Z22_C1_T0.tif,4548.208958596999,2936.0125,18633.4,EXPT-2021-005-SET5_GFP-SKA3WT_CENPBdsRed_MG132_MITOSIS1_R3D_D3D_Z22_C0_T0.tif,14847.846036155735,11546.4675
23_4,41.0,12831.170731707318,EXPT-2021-005-SET5_GFP-SKA3WT_CENPBdsRed_MG132_MITOSIS1_R3D_D3D_Z23_C1_T0.tif,4769.029732739421,2961.475,18991.48780487805,EXPT-2021-005-SET5_GFP-SKA3WT_CENPBdsRed_MG132_MITOSIS1_R3D_D3D_Z23_C0_T0.tif,14794.739190907645,11435.235
23_7,69.0,8135.391304347826,EXPT-2021-005-SET5_GFP-SKA3WT_CENPBdsRed_MG132_MITOSIS1_R3D_D3D_Z23_C1_T0.tif,4769.029732739421,2961.475,18091.057971014492,EXPT-2021-005-SET5_GFP-SKA3WT_CENPBdsRed_MG132_MITOSIS1_R3D_D3D_Z23_C0_T0.tif,14794.739190907645,11435.235
23_8,33.0,11819.818181818182,EXPT-2021-005-SET5_GFP-SKA3WT_CENPBdsRed_MG132_MITOSIS1_R3D_D3D_Z23_C1_T0.tif,4769.029732739421,2961.475,18603.363636363636,EXPT-2021-005-SET5_GFP-SKA3WT_CENPBdsRed_MG132_MITOSIS1_R3D_D3D_Z23_C0_T0.tif,14794.739190907645,11435.235
23_12,26.0,9991.846153846154,EXPT-2021-005-SET5_GFP-SKA3WT_CENPBdsRed_MG132_MITOSIS1_R3D_D3D_Z23_C1_T0.tif,4769.029732739421,2961.475,20576.19230769231,EXPT-2021-005-SET5_GFP-SKA3WT_CENPBdsRed_MG132_MITOSIS1_R3D_D3D_Z23_C0_T0.tif,14794.739190907645,11435.235
23_13,10.0,8647.0,EXPT-2021-005-SET5_GFP-SKA3WT_CENPBdsRed_MG132_MITOSIS1_R3D_D3D_Z23_C1_T0.tif,4769.029732739421,2961.475,18109.8,EXPT-2021-005-SET5_GFP-SKA3WT_CENPBdsRed_MG132_MITOSIS1_R3D_D3D_Z23_C0_T0.tif,14794.739190907645,11435.235
23_14,9.0,7213.555555555556,EXPT-2021-005-SET5_GFP-SKA3WT_CENPBdsRed_MG132_MITOSIS1_R3D_D3D_Z23_C1_T0.tif,4769.029732739421,2961.475,19844.11111111111,EXPT-2021-005-SET5_GFP-SKA3WT_CENPBdsRed_MG132_MITOSIS1_R3D_D3D_Z23_C0_T0.tif,14794.739190907645,11435.235
23_15,11.0,7067.454545454545,EXPT-2021-005-SET5_GFP-SKA3WT_CENPBdsRed_MG132_MITOSIS1_R3D_D3D_Z23_C1_T0.tif,4769.029732739421,2961.475,16656.090909090908,EXPT-2021-005-SET5_GFP-SKA3WT_CENPBdsRed_MG132_MITOSIS1_R3D_D3D_Z23_C0_T0.tif,14794.739190907645,11435.235
23_16,45.0,13448.933333333332,EXPT-2021-005-SET5_GFP-SKA3WT_CENPBdsRed_MG132_MITOSIS1_R3D_D3D_Z23_C1_T0.tif,4769.029732739421,2961.475,19705.0,EXPT-2021-005-SET5_GFP-SKA3WT_CENPBdsRed_MG132_MITOSIS1_R3D_D3D_Z23_C0_T0.tif,14794.739190907645,11435.235
23_17,30.0,9647.866666666667,EXPT-2021-005-SET5_GFP-SKA3WT_CENPBdsRed_MG132_MITOSIS1_R3D_D3D_Z23_C1_T0.tif,4769.029732739421,2961.475,20185.166666666668,EXPT-2021-005-SET5_GFP-SKA3WT_CENPBdsRed_MG132_MITOSIS1_R3D_D3D_Z23_C0_T0.tif,14794.739190907645,11435.235
23_18,5.0,8423.4,EXPT-2021-005-SET5_GFP-SKA3WT_CENPBdsRed_MG132_MITOSIS1_R3D_D3D_Z23_C1_T0.tif,4769.029732739421,2961.475,17588.4,EXPT-2021-005-SET5_GFP-SKA3WT_CENPBdsRed_MG132_MITOSIS1_R3D_D3D_Z23_C0_T0.tif,14794.739190907645,11435.235
23_19,5.0,10564.4,EXPT-2021-005-SET5_GFP-SKA3WT_CENPBdsRed_MG132_MITOSIS1_R3D_D3D_Z23_C1_T0.tif,4769.029732739421,2961.475,18897.2,EXPT-2021-005-SET5_GFP-SKA3WT_CENPBdsRed_MG132_MITOSIS1_R3D_D3D_Z23_C0_T0.tif,14794.739190907645,11435.235
24_3,5.0,8257.6,EXPT-2021-005-SET5_GFP-SKA3WT_CENPBdsRed_MG132_MITOSIS1_R3D_D3D_Z24_C1_T0.tif,4689.227493233928,2967.2325,16101.8,EXPT-2021-005-SET5_GFP-SKA3WT_CENPBdsRed_MG132_MITOSIS1_R3D_D3D_Z24_C0_T0.tif,14801.911525909416,11252.87
24_4,43.0,11348.883720930233,EXPT-2021-005-SET5_GFP-SKA3WT_CENPBdsRed_MG132_MITOSIS1_R3D_D3D_Z24_C1_T0.tif,4689.227493233928,2967.2325,19275.325581395347,EXPT-2021-005-SET5_GFP-SKA3WT_CENPBdsRed_MG132_MITOSIS1_R3D_D3D_Z24_C0_T0.tif,14801.911525909416,11252.87
24_5,5.0,7348.6,EXPT-2021-005-SET5_GFP-SKA3WT_CENPBdsRed_MG132_MITOSIS1_R3D_D3D_Z24_C1_T0.tif,4689.227493233928,2967.2325,19006.0,EXPT-2021-005-SET5_GFP-SKA3WT_CENPBdsRed_MG132_MITOSIS1_R3D_D3D_Z24_C0_T0.tif,14801.911525909416,11252.87
24_8,5.0,9111.0,EXPT-2021-005-SET5_GFP-SKA3WT_CENPBdsRed_MG132_MITOSIS1_R3D_D3D_Z24_C1_T0.tif,4689.227493233928,2967.2325,18687.0,EXPT-2021-005-SET5_GFP-SKA3WT_CENPBdsRed_MG132_MITOSIS1_R3D_D3D_Z24_C0_T0.tif,14801.911525909416,11252.87
24_9,41.0,11534.292682926829,EXPT-2021-005-SET5_GFP-SKA3WT_CENPBdsRed_MG132_MITOSIS1_R3D_D3D_Z24_C1_T0.tif,4689.227493233928,2967.2325,19215.682926829268,EXPT-2021-005-SET5_GFP-SKA3WT_CENPBdsRed_MG132_MITOSIS1_R3D_D3D_Z24_C0_T0.tif,14801.911525909416,11252.87
24_10,24.0,8769.666666666666,EXPT-2021-005-SET5_GFP-SKA3WT_CENPBdsRed_MG132_MITOSIS1_R3D_D3D_Z24_C1_T0.tif,4689.227493233928,2967.2325,20053.708333333332,EXPT-2021-005-SET5_GFP-SKA3WT_CENPBdsRed_MG132_MITOSIS1_R3D_D3D_Z24_C0_T0.tif,14801.911525909416,11252.87
24_11,36.0,9174.944444444445,EXPT-2021-005-SET5_GFP-SKA3WT_CENPBdsRed_MG132_MITOSIS1_R3D_D3D_Z24_C1_T0.tif,4689.227493233928,2967.2325,19440.833333333332,EXPT-2021-005-SET5_GFP-SKA3WT_CENPBdsRed_MG132_MITOSIS1_R3D_D3D_Z24_C0_T0.tif,14801.911525909416,11252.87
24_12,36.0,10877.833333333334,EXPT-2021-005-SET5_GFP-SKA3WT_CENPBdsRed_MG132_MITOSIS1_R3D_D3D_Z24_C1_T0.tif,4689.227493233928,2967.2325,18851.333333333332,EXPT-2021-005-SET5_GFP-SKA3WT_CENPBdsRed_MG132_MITOSIS1_R3D_D3D_Z24_C0_T0.tif,14801.911525909416,11252.87
24_13,15.0,11472.0,EXPT-2021-005-SET5_GFP-SKA3WT_CENPBdsRed_MG132_MITOSIS1_R3D_D3D_Z24_C1_T0.tif,4689.227493233928,2967.2325,19449.533333333333,EXPT-2021-005-SET5_GFP-SKA3WT_CENPBdsRed_MG132_MITOSIS1_R3D_D3D_Z24_C0_T0.tif,14801.911525909416,11252.87
24_14,24.0,9323.208333333334,EXPT-2021-005-SET5_GFP-SKA3WT_CENPBdsRed_MG132_MITOSIS1_R3D_D3D_Z24_C1_T0.tif,4689.227493233928,2967.2325,19295.708333333332,EXPT-2021-005-SET5_GFP-SKA3WT_CENPBdsRed_MG132_MITOSIS1_R3D_D3D_Z24_C0_T0.tif,14801.911525909416,11252.87
24_15,38.0,8936.71052631579,EXPT-2021-005-SET5_GFP-SKA3WT_CENPBdsRed_MG132_MITOSIS1_R3D_D3D_Z24_C1_T0.tif,4689.227493233928,2967.2325,18043.92105263158,EXPT-2021-005-SET5_GFP-SKA3WT_CENPBdsRed_MG132_MITOSIS1_R3D_D3D_Z24_C0_T0.tif,14801.911525909416,11252.87
28_3,5.0,6094.6,EXPT-2021-005-SET5_GFP-SKA3WT_CENPBdsRed_MG132_MITOSIS1_R3D_D3D_Z28_C1_T0.tif,4518.277016471008,2788.1375,19188.0,EXPT-2021-005-SET5_GFP-SKA3WT_CENPBdsRed_MG132_MITOSIS1_R3D_D3D_Z28_C0_T0.tif,14838.14194847021,11050.0575
29_7,34.0,9517.529411764706,EXPT-2021-005-SET5_GFP-SKA3WT_CENPBdsRed_MG132_MITOSIS1_R3D_D3D_Z29_C1_T0.tif,4474.089493670886,2855.1825,20565.147058823528,EXPT-2021-005-SET5_GFP-SKA3WT_CENPBdsRed_MG132_MITOSIS1_R3D_D3D_Z29_C0_T0.tif,14777.596708470151,11072.3325
30_16,30.0,10276.4,EXPT-2021-005-SET5_GFP-SKA3WT_CENPBdsRed_MG132_MITOSIS1_R3D_D3D_Z30_C1_T0.tif,4440.637738413831,2818.56,17499.4,EXPT-2021-005-SET5_GFP-SKA3WT_CENPBdsRed_MG132_MITOSIS1_R3D_D3D_Z30_C0_T0.tif,14657.139859867653,11134.535
32_5,24.0,8355.083333333334,EXPT-2021-005-SET5_GFP-SKA3WT_CENPBdsRed_MG132_MITOSIS1_R3D_D3D_Z32_C1_T0.tif,4662.360754477731,2784.2725,18994.916666666668,EXPT-2021-005-SET5_GFP-SKA3WT_CENPBdsRed_MG132_MITOSIS1_R3D_D3D_Z32_C0_T0.tif,14560.253783557686,11228.2625
32_9,13.0,6803.384615384615,EXPT-2021-005-SET5_GFP-SKA3WT_CENPBdsRed_MG132_MITOSIS1_R3D_D3D_Z32_C1_T0.tif,4662.360754477731,2784.2725,15921.076923076924,EXPT-2021-005-SET5_GFP-SKA3WT_CENPBdsRed_MG132_MITOSIS1_R3D_D3D_Z32_C0_T0.tif,14560.253783557686,11228.2625
32_13,33.0,10131.181818181818,EXPT-2021-005-SET5_GFP-SKA3WT_CENPBdsRed_MG132_MITOSIS1_R3D_D3D_Z32_C1_T0.tif,4662.360754477731,2784.2725,17890.60606060606,EXPT-2021-005-SET5_GFP-SKA3WT_CENPBdsRed_MG132_MITOSIS1_R3D_D3D_Z32_C0_T0.tif,14560.253783557686,11228.2625
32_14,5.0,7404.2,EXPT-2021-005-SET5_GFP-SKA3WT_CENPBdsRed_MG132_MITOSIS1_R3D_D3D_Z32_C1_T0.tif,4662.360754477731,2784.2725,17439.8,EXPT-2021-005-SET5_GFP-SKA3WT_CENPBdsRed_MG132_MITOSIS1_R3D_D3D_Z32_C0_T0.tif,14560.253783557686,11228.2625
32_15,45.0,11382.2,EXPT-2021-005-SET5_GFP-SKA3WT_CENPBdsRed_MG132_MITOSIS1_R3D_D3D_Z32_C1_T0.tif,4662.360754477731,2784.2725,19285.82222222222,EXPT-2021-005-SET5_GFP-SKA3WT_CENPBdsRed_MG132_MITOSIS1_R3D_D3D_Z32_C0_T0.tif,14560.253783557686,11228.2625
32_16,5.0,6861.0,EXPT-2021-005-SET5_GFP-SKA3WT_CENPBdsRed_MG132_MITOSIS1_R3D_D3D_Z32_C1_T0.tif,4662.360754477731,2784.2725,15364.0,EXPT-2021-005-SET5_GFP-SKA3WT_CENPBdsRed_MG132_MITOSIS1_R3D_D3D_Z32_C0_T0.tif,14560.253783557686,11228.2625
32_17,8.0,10945.25,EXPT-2021-005-SET5_GFP-SKA3WT_CENPBdsRed_MG132_MITOSIS1_R3D_D3D_Z32_C1_T0.tif,4662.360754477731,2784.2725,18149.0,EXPT-2021-005-SET5_GFP-SKA3WT_CENPBdsRed_MG132_MITOSIS1_R3D_D3D_Z32_C0_T0.tif,14560.253783557686,11228.2625
32_18,25.0,8474.36,EXPT-2021-005-SET5_GFP-SKA3WT_CENPBdsRed_MG132_MITOSIS1_R3D_D3D_Z32_C1_T0.tif,4662.360754477731,2784.2725,18479.88,EXPT-2021-005-SET5_GFP-SKA3WT_CENPBdsRed_MG132_MITOSIS1_R3D_D3D_Z32_C0_T0.tif,14560.253783557686,11228.2625
32_19,26.0,11013.346153846154,EXPT-2021-005-SET5_GFP-SKA3WT_CENPBdsRed_MG132_MITOSIS1_R3D_D3D_Z32_C1_T0.tif,4662.360754477731,2784.2725,19432.576923076922,EXPT-2021-005-SET5_GFP-SKA3WT_CENPBdsRed_MG132_MITOSIS1_R3D_D3D_Z32_C0_T0.tif,14560.253783557686,11228.2625
32_20,37.0,8994.567567567568,EXPT-2021-005-SET5_GFP-SKA3WT_CENPBdsRed_MG132_MITOSIS1_R3D_D3D_Z32_C1_T0.tif,4662.360754477731,2784.2725,20125.297297297297,EXPT-2021-005-SET5_GFP-SKA3WT_CENPBdsRed_MG132_MITOSIS1_R3D_D3D_Z32_C0_T0.tif,14560.253783557686,11228.2625
32_21,28.0,9112.357142857143,EXPT-2021-005-SET5_GFP-SKA3WT_CENPBdsRed_MG132_MITOSIS1_R3D_D3D_Z32_C1_T0.tif,4662.360754477731,2784.2725,18239.535714285714,EXPT-2021-005-SET5_GFP-SKA3WT_CENPBdsRed_MG132_MITOSIS1_R3D_D3D_Z32_C0_T0.tif,14560.253783557686,11228.2625
33_3,31.0,9204.516129032258,EXPT-2021-005-SET5_GFP-SKA3WT_CENPBdsRed_MG132_MITOSIS1_R3D_D3D_Z33_C1_T0.tif,4668.208721943221,2786.7275,19934.322580645163,EXPT-2021-005-SET5_GFP-SKA3WT_CENPBdsRed_MG132_MITOSIS1_R3D_D3D_Z33_C0_T0.tif,14548.00493458802,10971.3325
33_5,14.0,7922.285714285715,EXPT-2021-005-SET5_GFP-SKA3WT_CENPBdsRed_MG132_MITOSIS1_R3D_D3D_Z33_C1_T0.tif,4668.208721943221,2786.7275,18922.85714285714,EXPT-2021-005-SET5_GFP-SKA3WT_CENPBdsRed_MG132_MITOSIS1_R3D_D3D_Z33_C0_T0.tif,14548.00493458802,10971.3325
33_7,21.0,10354.333333333334,EXPT-2021-005-SET5_GFP-SKA3WT_CENPBdsRed_MG132_MITOSIS1_R3D_D3D_Z33_C1_T0.tif,4668.208721943221,2786.7275,18928.47619047619,EXPT-2021-005-SET5_GFP-SKA3WT_CENPBdsRed_MG132_MITOSIS1_R3D_D3D_Z33_C0_T0.tif,14548.00493458802,10971.3325
33_8,59.0,9538.440677966102,EXPT-2021-005-SET5_GFP-SKA3WT_CENPBdsRed_MG132_MITOSIS1_R3D_D3D_Z33_C1_T0.tif,4668.208721943221,2786.7275,16923.525423728814,EXPT-2021-005-SET5_GFP-SKA3WT_CENPBdsRed_MG132_MITOSIS1_R3D_D3D_Z33_C0_T0.tif,14548.00493458802,10971.3325
33_9,80.0,10761.5125,EXPT-2021-005-SET5_GFP-SKA3WT_CENPBdsRed_MG132_MITOSIS1_R3D_D3D_Z33_C1_T0.tif,4668.208721943221,2786.7275,19862.8125,EXPT-2021-005-SET5_GFP-SKA3WT_CENPBdsRed_MG132_MITOSIS1_R3D_D3D_Z33_C0_T0.tif,14548.00493458802,10971.3325
33_10,25.0,8768.56,EXPT-2021-005-SET5_GFP-SKA3WT_CENPBdsRed_MG132_MITOSIS1_R3D_D3D_Z33_C1_T0.tif,4668.208721943221,2786.7275,19104.44,EXPT-2021-005-SET5_GFP-SKA3WT_CENPBdsRed_MG132_MITOSIS1_R3D_D3D_Z33_C0_T0.tif,14548.00493458802,10971.3325
33_11,17.0,10059.29411764706,EXPT-2021-005-SET5_GFP-SKA3WT_CENPBdsRed_MG132_MITOSIS1_R3D_D3D_Z33_C1_T0.tif,4668.208721943221,2786.7275,18498.117647058825,EXPT-2021-005-SET5_GFP-SKA3WT_CENPBdsRed_MG132_MITOSIS1_R3D_D3D_Z33_C0_T0.tif,14548.00493458802,10971.3325
33_12,40.0,11617.8,EXPT-2021-005-SET5_GFP-SKA3WT_CENPBdsRed_MG132_MITOSIS1_R3D_D3D_Z33_C1_T0.tif,4668.208721943221,2786.7275,19823.35,EXPT-2021-005-SET5_GFP-SKA3WT_CENPBdsRed_MG132_MITOSIS1_R3D_D3D_Z33_C0_T0.tif,14548.00493458802,10971.3325
33_13,31.0,9640.129032258064,EXPT-2021-005-SET5_GFP-SKA3WT_CENPBdsRed_MG132_MITOSIS1_R3D_D3D_Z33_C1_T0.tif,4668.208721943221,2786.7275,19228.967741935485,EXPT-2021-005-SET5_GFP-SKA3WT_CENPBdsRed_MG132_MITOSIS1_R3D_D3D_Z33_C0_T0.tif,14548.00493458802,10971.3325
33_14,19.0,11570.526315789473,EXPT-2021-005-SET5_GFP-SKA3WT_CENPBdsRed_MG132_MITOSIS1_R3D_D3D_Z33_C1_T0.tif,4668.208721943221,2786.7275,19940.684210526317,EXPT-2021-005-SET5_GFP-SKA3WT_CENPBdsRed_MG132_MITOSIS1_R3D_D3D_Z33_C0_T0.tif,14548.00493458802,10971.3325
33_15,35.0,9382.4,EXPT-2021-005-SET5_GFP-SKA3WT_CENPBdsRed_MG132_MITOSIS1_R3D_D3D_Z33_C1_T0.tif,4668.208721943221,2786.7275,19633.82857142857,EXPT-2021-005-SET5_GFP-SKA3WT_CENPBdsRed_MG132_MITOSIS1_R3D_D3D_Z33_C0_T0.tif,14548.00493458802,10971.3325
33_16,5.0,15242.2,EXPT-2021-005-SET5_GFP-SKA3WT_CENPBdsRed_MG132_MITOSIS1_R3D_D3D_Z33_C1_T0.tif,4668.208721943221,2786.7275,19334.2,EXPT-2021-005-SET5_GFP-SKA3WT_CENPBdsRed_MG132_MITOSIS1_R3D_D3D_Z33_C0_T0.tif,14548.00493458802,10971.3325
33_17,5.0,8480.4,EXPT-2021-005-SET5_GFP-SKA3WT_CENPBdsRed_MG132_MITOSIS1_R3D_D3D_Z33_C1_T0.tif,4668.208721943221,2786.7275,17669.6,EXPT-2021-005-SET5_GFP-SKA3WT_CENPBdsRed_MG132_MITOSIS1_R3D_D3D_Z33_C0_T0.tif,14548.00493458802,10971.3325
33_18,14.0,8862.5,EXPT-2021-005-SET5_GFP-SKA3WT_CENPBdsRed_MG132_MITOSIS1_R3D_D3D_Z33_C1_T0.tif,4668.208721943221,2786.7275,19280.071428571428,EXPT-2021-005-SET5_GFP-SKA3WT_CENPBdsRed_MG132_MITOSIS1_R3D_D3D_Z33_C0_T0.tif,14548.00493458802,10971.3325
33_19,39.0,10483.179487179486,EXPT-2021-005-SET5_GFP-SKA3WT_CENPBdsRed_MG132_MITOSIS1_R3D_D3D_Z33_C1_T0.tif,4668.208721943221,2786.7275,20003.076923076922,EXPT-2021-005-SET5_GFP-SKA3WT_CENPBdsRed_MG132_MITOSIS1_R3D_D3D_Z33_C0_T0.tif,14548.00493458802,10971.3325
33_20,5.0,7276.2,EXPT-2021-005-SET5_GFP-SKA3WT_CENPBdsRed_MG132_MITOSIS1_R3D_D3D_Z33_C1_T0.tif,4668.208721943221,2786.7275,16604.4,EXPT-2021-005-SET5_GFP-SKA3WT_CENPBdsRed_MG132_MITOSIS1_R3D_D3D_Z33_C0_T0.tif,14548.00493458802,10971.3325
33_21,19.0,6617.1578947368425,EXPT-2021-005-SET5_GFP-SKA3WT_CENPBdsRed_MG132_MITOSIS1_R3D_D3D_Z33_C1_T0.tif,4668.208721943221,2786.7275,19185.894736842107,EXPT-2021-005-SET5_GFP-SKA3WT_CENPBdsRed_MG132_MITOSIS1_R3D_D3D_Z33_C0_T0.tif,14548.00493458802,10971.3325
34_1,14.0,6990.071428571428,EXPT-2021-005-SET5_GFP-SKA3WT_CENPBdsRed_MG132_MITOSIS1_R3D_D3D_Z34_C1_T0.tif,4560.427739188886,2804.135,19185.85714285714,EXPT-2021-005-SET5_GFP-SKA3WT_CENPBdsRed_MG132_MITOSIS1_R3D_D3D_Z34_C0_T0.tif,14456.976373190186,11019.0775
34_6,5.0,7574.4,EXPT-2021-005-SET5_GFP-SKA3WT_CENPBdsRed_MG132_MITOSIS1_R3D_D3D_Z34_C1_T0.tif,4560.427739188886,2804.135,19050.6,EXPT-2021-005-SET5_GFP-SKA3WT_CENPBdsRed_MG132_MITOSIS1_R3D_D3D_Z34_C0_T0.tif,14456.976373190186,11019.0775
34_7,5.0,10318.4,EXPT-2021-005-SET5_GFP-SKA3WT_CENPBdsRed_MG132_MITOSIS1_R3D_D3D_Z34_C1_T0.tif,4560.427739188886,2804.135,19233.4,EXPT-2021-005-SET5_GFP-SKA3WT_CENPBdsRed_MG132_MITOSIS1_R3D_D3D_Z34_C0_T0.tif,14456.976373190186,11019.0775
34_8,36.0,10345.861111111111,EXPT-2021-005-SET5_GFP-SKA3WT_CENPBdsRed_MG132_MITOSIS1_R3D_D3D_Z34_C1_T0.tif,4560.427739188886,2804.135,20100.88888888889,EXPT-2021-005-SET5_GFP-SKA3WT_CENPBdsRed_MG132_MITOSIS1_R3D_D3D_Z34_C0_T0.tif,14456.976373190186,11019.0775
34_9,37.0,11377.432432432432,EXPT-2021-005-SET5_GFP-SKA3WT_CENPBdsRed_MG132_MITOSIS1_R3D_D3D_Z34_C1_T0.tif,4560.427739188886,2804.135,17261.108108108107,EXPT-2021-005-SET5_GFP-SKA3WT_CENPBdsRed_MG132_MITOSIS1_R3D_D3D_Z34_C0_T0.tif,14456.976373190186,11019.0775
34_10,17.0,9681.70588235294,EXPT-2021-005-SET5_GFP-SKA3WT_CENPBdsRed_MG132_MITOSIS1_R3D_D3D_Z34_C1_T0.tif,4560.427739188886,2804.135,19401.882352941175,EXPT-2021-005-SET5_GFP-SKA3WT_CENPBdsRed_MG132_MITOSIS1_R3D_D3D_Z34_C0_T0.tif,14456.976373190186,11019.0775
34_11,31.0,8738.225806451614,EXPT-2021-005-SET5_GFP-SKA3WT_CENPBdsRed_MG132_MITOSIS1_R3D_D3D_Z34_C1_T0.tif,4560.427739188886,2804.135,16540.41935483871,EXPT-2021-005-SET5_GFP-SKA3WT_CENPBdsRed_MG132_MITOSIS1_R3D_D3D_Z34_C0_T0.tif,14456.976373190186,11019.0775
34_12,18.0,10756.722222222223,EXPT-2021-005-SET5_GFP-SKA3WT_CENPBdsRed_MG132_MITOSIS1_R3D_D3D_Z34_C1_T0.tif,4560.427739188886,2804.135,20905.666666666668,EXPT-2021-005-SET5_GFP-SKA3WT_CENPBdsRed_MG132_MITOSIS1_R3D_D3D_Z34_C0_T0.tif,14456.976373190186,11019.0775
34_13,18.0,10661.555555555555,EXPT-2021-005-SET5_GFP-SKA3WT_CENPBdsRed_MG132_MITOSIS1_R3D_D3D_Z34_C1_T0.tif,4560.427739188886,2804.135,20732.0,EXPT-2021-005-SET5_GFP-SKA3WT_CENPBdsRed_MG132_MITOSIS1_R3D_D3D_Z34_C0_T0.tif,14456.976373190186,11019.0775
34_14,25.0,9260.56,EXPT-2021-005-SET5_GFP-SKA3WT_CENPBdsRed_MG132_MITOSIS1_R3D_D3D_Z34_C1_T0.tif,4560.427739188886,2804.135,18469.16,EXPT-2021-005-SET5_GFP-SKA3WT_CENPBdsRed_MG132_MITOSIS1_R3D_D3D_Z34_C0_T0.tif,14456.976373190186,11019.0775
34_15,22.0,9439.136363636364,EXPT-2021-005-SET5_GFP-SKA3WT_CENPBdsRed_MG132_MITOSIS1_R3D_D3D_Z34_C1_T0.tif,4560.427739188886,2804.135,19038.045454545456,EXPT-2021-005-SET5_GFP-SKA3WT_CENPBdsRed_MG132_MITOSIS1_R3D_D3D_Z34_C0_T0.tif,14456.976373190186,11019.0775
34_16,40.0,9615.95,EXPT-2021-005-SET5_GFP-SKA3WT_CENPBdsRed_MG132_MITOSIS1_R3D_D3D_Z34_C1_T0.tif,4560.427739188886,2804.135,20522.225,EXPT-2021-005-SET5_GFP-SKA3WT_CENPBdsRed_MG132_MITOSIS1_R3D_D3D_Z34_C0_T0.tif,14456.976373190186,11019.0775
34_17,17.0,9558.0,EXPT-2021-005-SET5_GFP-SKA3WT_CENPBdsRed_MG132_MITOSIS1_R3D_D3D_Z34_C1_T0.tif,4560.427739188886,2804.135,18364.470588235294,EXPT-2021-005-SET5_GFP-SKA3WT_CENPBdsRed_MG132_MITOSIS1_R3D_D3D_Z34_C0_T0.tif,14456.976373190186,11019.0775
34_18,24.0,9046.291666666666,EXPT-2021-005-SET5_GFP-SKA3WT_CENPBdsRed_MG132_MITOSIS1_R3D_D3D_Z34_C1_T0.tif,4560.427739188886,2804.135,18801.25,EXPT-2021-005-SET5_GFP-SKA3WT_CENPBdsRed_MG132_MITOSIS1_R3D_D3D_Z34_C0_T0.tif,14456.976373190186,11019.0775
35_1,24.0,6829.583333333333,EXPT-2021-005-SET5_GFP-SKA3WT_CENPBdsRed_MG132_MITOSIS1_R3D_D3D_Z35_C1_T0.tif,4570.122275751319,2797.6575,19743.708333333332,EXPT-2021-005-SET5_GFP-SKA3WT_CENPBdsRed_MG132_MITOSIS1_R3D_D3D_Z35_C0_T0.tif,14453.917139268451,10849.93
35_2,32.0,8569.0625,EXPT-2021-005-SET5_GFP-SKA3WT_CENPBdsRed_MG132_MITOSIS1_R3D_D3D_Z35_C1_T0.tif,4570.122275751319,2797.6575,19590.5,EXPT-2021-005-SET5_GFP-SKA3WT_CENPBdsRed_MG132_MITOSIS1_R3D_D3D_Z35_C0_T0.tif,14453.917139268451,10849.93
35_4,5.0,8537.6,EXPT-2021-005-SET5_GFP-SKA3WT_CENPBdsRed_MG132_MITOSIS1_R3D_D3D_Z35_C1_T0.tif,4570.122275751319,2797.6575,17867.8,EXPT-2021-005-SET5_GFP-SKA3WT_CENPBdsRed_MG132_MITOSIS1_R3D_D3D_Z35_C0_T0.tif,14453.917139268451,10849.93
35_5,5.0,9414.4,EXPT-2021-005-SET5_GFP-SKA3WT_CENPBdsRed_MG132_MITOSIS1_R3D_D3D_Z35_C1_T0.tif,4570.122275751319,2797.6575,18279.8,EXPT-2021-005-SET5_GFP-SKA3WT_CENPBdsRed_MG132_MITOSIS1_R3D_D3D_Z35_C0_T0.tif,14453.917139268451,10849.93
35_6,32.0,10735.1875,EXPT-2021-005-SET5_GFP-SKA3WT_CENPBdsRed_MG132_MITOSIS1_R3D_D3D_Z35_C1_T0.tif,4570.122275751319,2797.6575,19396.34375,EXPT-2021-005-SET5_GFP-SKA3WT_CENPBdsRed_MG132_MITOSIS1_R3D_D3D_Z35_C0_T0.tif,14453.917139268451,10849.93
35_7,33.0,8805.09090909091,EXPT-2021-005-SET5_GFP-SKA3WT_CENPBdsRed_MG132_MITOSIS1_R3D_D3D_Z35_C1_T0.tif,4570.122275751319,2797.6575,16417.21212121212,EXPT-2021-005-SET5_GFP-SKA3WT_CENPBdsRed_MG132_MITOSIS1_R3D_D3D_Z35_C0_T0.tif,14453.917139268451,10849.93
35_8,46.0,8852.630434782608,EXPT-2021-005-SET5_GFP-SKA3WT_CENPBdsRed_MG132_MITOSIS1_R3D_D3D_Z35_C1_T0.tif,4570.122275751319,2797.6575,18187.282608695652,EXPT-2021-005-SET5_GFP-SKA3WT_CENPBdsRed_MG132_MITOSIS1_R3D_D3D_Z35_C0_T0.tif,14453.917139268451,10849.93
35_9,16.0,8017.6875,EXPT-2021-005-SET5_GFP-SKA3WT_CENPBdsRed_MG132_MITOSIS1_R3D_D3D_Z35_C1_T0.tif,4570.122275751319,2797.6575,18677.0,EXPT-2021-005-SET5_GFP-SKA3WT_CENPBdsRed_MG132_MITOSIS1_R3D_D3D_Z35_C0_T0.tif,14453.917139268451,10849.93
35_10,28.0,9000.535714285714,EXPT-2021-005-SET5_GFP-SKA3WT_CENPBdsRed_MG132_MITOSIS1_R3D_D3D_Z35_C1_T0.tif,4570.122275751319,2797.6575,17935.64285714286,EXPT-2021-005-SET5_GFP-SKA3WT_CENPBdsRed_MG132_MITOSIS1_R3D_D3D_Z35_C0_T0.tif,14453.917139268451,10849.93
35_11,27.0,9045.481481481482,EXPT-2021-005-SET5_GFP-SKA3WT_CENPBdsRed_MG132_MITOSIS1_R3D_D3D_Z35_C1_T0.tif,4570.122275751319,2797.6575,19767.444444444445,EXPT-2021-005-SET5_GFP-SKA3WT_CENPBdsRed_MG132_MITOSIS1_R3D_D3D_Z35_C0_T0.tif,14453.917139268451,10849.93
35_12,23.0,9718.08695652174,EXPT-2021-005-SET5_GFP-SKA3WT_CENPBdsRed_MG132_MITOSIS1_R3D_D3D_Z35_C1_T0.tif,4570.122275751319,2797.6575,19052.956521739132,EXPT-2021-005-SET5_GFP-SKA3WT_CENPBdsRed_MG132_MITOSIS1_R3D_D3D_Z35_C0_T0.tif,14453.917139268451,10849.93
35_13,32.0,9703.15625,EXPT-2021-005-SET5_GFP-SKA3WT_CENPBdsRed_MG132_MITOSIS1_R3D_D3D_Z35_C1_T0.tif,4570.122275751319,2797.6575,19947.96875,EXPT-2021-005-SET5_GFP-SKA3WT_CENPBdsRed_MG132_MITOSIS1_R3D_D3D_Z35_C0_T0.tif,14453.917139268451,10849.93
35_14,5.0,7913.0,EXPT-2021-005-SET5_GFP-SKA3WT_CENPBdsRed_MG132_MITOSIS1_R3D_D3D_Z35_C1_T0.tif,4570.122275751319,2797.6575,16084.8,EXPT-2021-005-SET5_GFP-SKA3WT_CENPBdsRed_MG132_MITOSIS1_R3D_D3D_Z35_C0_T0.tif,14453.917139268451,10849.93
35_15,17.0,8792.470588235294,EXPT-2021-005-SET5_GFP-SKA3WT_CENPBdsRed_MG132_MITOSIS1_R3D_D3D_Z35_C1_T0.tif,4570.122275751319,2797.6575,18070.352941176472,EXPT-2021-005-SET5_GFP-SKA3WT_CENPBdsRed_MG132_MITOSIS1_R3D_D3D_Z35_C0_T0.tif,14453.917139268451,10849.93
35_16,26.0,9037.576923076924,EXPT-2021-005-SET5_GFP-SKA3WT_CENPBdsRed_MG132_MITOSIS1_R3D_D3D_Z35_C1_T0.tif,4570.122275751319,2797.6575,18394.0,EXPT-2021-005-SET5_GFP-SKA3WT_CENPBdsRed_MG132_MITOSIS1_R3D_D3D_Z35_C0_T0.tif,14453.917139268451,10849.93
36_1,38.0,6486.5,EXPT-2021-005-SET5_GFP-SKA3WT_CENPBdsRed_MG132_MITOSIS1_R3D_D3D_Z36_C1_T0.tif,4476.52587567729,2764.9475,18801.21052631579,EXPT-2021-005-SET5_GFP-SKA3WT_CENPBdsRed_MG132_MITOSIS1_R3D_D3D_Z36_C0_T0.tif,14372.763941363155,10657.2175
36_2,13.0,7405.307692307692,EXPT-2021-005-SET5_GFP-SKA3WT_CENPBdsRed_MG132_MITOSIS1_R3D_D3D_Z36_C1_T0.tif,4476.52587567729,2764.9475,18282.384615384617,EXPT-2021-005-SET5_GFP-SKA3WT_CENPBdsRed_MG132_MITOSIS1_R3D_D3D_Z36_C0_T0.tif,14372.763941363155,10657.2175
36_3,71.0,8626.239436619719,EXPT-2021-005-SET5_GFP-SKA3WT_CENPBdsRed_MG132_MITOSIS1_R3D_D3D_Z36_C1_T0.tif,4476.52587567729,2764.9475,17978.169014084506,EXPT-2021-005-SET5_GFP-SKA3WT_CENPBdsRed_MG132_MITOSIS1_R3D_D3D_Z36_C0_T0.tif,14372.763941363155,10657.2175
36_4,29.0,7459.758620689655,EXPT-2021-005-SET5_GFP-SKA3WT_CENPBdsRed_MG132_MITOSIS1_R3D_D3D_Z36_C1_T0.tif,4476.52587567729,2764.9475,18730.724137931036,EXPT-2021-005-SET5_GFP-SKA3WT_CENPBdsRed_MG132_MITOSIS1_R3D_D3D_Z36_C0_T0.tif,14372.763941363155,10657.2175
36_5,29.0,10483.034482758621,EXPT-2021-005-SET5_GFP-SKA3WT_CENPBdsRed_MG132_MITOSIS1_R3D_D3D_Z36_C1_T0.tif,4476.52587567729,2764.9475,19636.068965517243,EXPT-2021-005-SET5_GFP-SKA3WT_CENPBdsRed_MG132_MITOSIS1_R3D_D3D_Z36_C0_T0.tif,14372.763941363155,10657.2175
36_7,24.0,7314.166666666667,EXPT-2021-005-SET5_GFP-SKA3WT_CENPBdsRed_MG132_MITOSIS1_R3D_D3D_Z36_C1_T0.tif,4476.52587567729,2764.9475,18569.791666666668,EXPT-2021-005-SET5_GFP-SKA3WT_CENPBdsRed_MG132_MITOSIS1_R3D_D3D_Z36_C0_T0.tif,14372.763941363155,10657.2175
36_8,5.0,7967.4,EXPT-2021-005-SET5_GFP-SKA3WT_CENPBdsRed_MG132_MITOSIS1_R3D_D3D_Z36_C1_T0.tif,4476.52587567729,2764.9475,16202.2,EXPT-2021-005-SET5_GFP-SKA3WT_CENPBdsRed_MG132_MITOSIS1_R3D_D3D_Z36_C0_T0.tif,14372.763941363155,10657.2175
36_9,20.0,8964.35,EXPT-2021-005-SET5_GFP-SKA3WT_CENPBdsRed_MG132_MITOSIS1_R3D_D3D_Z36_C1_T0.tif,4476.52587567729,2764.9475,18435.65,EXPT-2021-005-SET5_GFP-SKA3WT_CENPBdsRed_MG132_MITOSIS1_R3D_D3D_Z36_C0_T0.tif,14372.763941363155,10657.2175
36_10,33.0,9134.545454545454,EXPT-2021-005-SET5_GFP-SKA3WT_CENPBdsRed_MG132_MITOSIS1_R3D_D3D_Z36_C1_T0.tif,4476.52587567729,2764.9475,18137.454545454544,EXPT-2021-005-SET5_GFP-SKA3WT_CENPBdsRed_MG132_MITOSIS1_R3D_D3D_Z36_C0_T0.tif,14372.763941363155,10657.2175
36_11,23.0,8686.695652173914,EXPT-2021-005-SET5_GFP-SKA3WT_CENPBdsRed_MG132_MITOSIS1_R3D_D3D_Z36_C1_T0.tif,4476.52587567729,2764.9475,18883.608695652172,EXPT-2021-005-SET5_GFP-SKA3WT_CENPBdsRed_MG132_MITOSIS1_R3D_D3D_Z36_C0_T0.tif,14372.763941363155,10657.2175
36_12,5.0,8778.4,EXPT-2021-005-SET5_GFP-SKA3WT_CENPBdsRed_MG132_MITOSIS1_R3D_D3D_Z36_C1_T0.tif,4476.52587567729,2764.9475,19027.4,EXPT-2021-005-SET5_GFP-SKA3WT_CENPBdsRed_MG132_MITOSIS1_R3D_D3D_Z36_C0_T0.tif,14372.763941363155,10657.2175
36_13,24.0,10301.458333333334,EXPT-2021-005-SET5_GFP-SKA3WT_CENPBdsRed_MG132_MITOSIS1_R3D_D3D_Z36_C1_T0.tif,4476.52587567729,2764.9475,18709.333333333332,EXPT-2021-005-SET5_GFP-SKA3WT_CENPBdsRed_MG132_MITOSIS1_R3D_D3D_Z36_C0_T0.tif,14372.763941363155,10657.2175
36_14,31.0,8744.967741935483,EXPT-2021-005-SET5_GFP-SKA3WT_CENPBdsRed_MG132_MITOSIS1_R3D_D3D_Z36_C1_T0.tif,4476.52587567729,2764.9475,18867.58064516129,EXPT-2021-005-SET5_GFP-SKA3WT_CENPBdsRed_MG132_MITOSIS1_R3D_D3D_Z36_C0_T0.tif,14372.763941363155,10657.2175
36_15,29.0,8460.689655172413,EXPT-2021-005-SET5_GFP-SKA3WT_CENPBdsRed_MG132_MITOSIS1_R3D_D3D_Z36_C1_T0.tif,4476.52587567729,2764.9475,18503.931034482757,EXPT-2021-005-SET5_GFP-SKA3WT_CENPBdsRed_MG132_MITOSIS1_R3D_D3D_Z36_C0_T0.tif,14372.763941363155,10657.2175
38_1,27.0,6848.555555555556,EXPT-2021-005-SET5_GFP-SKA3WT_CENPBdsRed_MG132_MITOSIS1_R3D_D3D_Z38_C1_T0.tif,4406.009103699413,2801.015,18826.555555555555,EXPT-2021-005-SET5_GFP-SKA3WT_CENPBdsRed_MG132_MITOSIS1_R3D_D3D_Z38_C0_T0.tif,14223.40881391201,10727.885
38_2,8.0,5492.75,EXPT-2021-005-SET5_GFP-SKA3WT_CENPBdsRed_MG132_MITOSIS1_R3D_D3D_Z38_C1_T0.tif,4406.009103699413,2801.015,17373.125,EXPT-2021-005-SET5_GFP-SKA3WT_CENPBdsRed_MG132_MITOSIS1_R3D_D3D_Z38_C0_T0.tif,14223.40881391201,10727.885
38_3,93.0,9499.731182795698,EXPT-2021-005-SET5_GFP-SKA3WT_CENPBdsRed_MG132_MITOSIS1_R3D_D3D_Z38_C1_T0.tif,4406.009103699413,2801.015,17089.279569892475,EXPT-2021-005-SET5_GFP-SKA3WT_CENPBdsRed_MG132_MITOSIS1_R3D_D3D_Z38_C0_T0.tif,14223.40881391201,10727.885
38_4,14.0,6544.785714285715,EXPT-2021-005-SET5_GFP-SKA3WT_CENPBdsRed_MG132_MITOSIS1_R3D_D3D_Z38_C1_T0.tif,4406.009103699413,2801.015,18556.85714285714,EXPT-2021-005-SET5_GFP-SKA3WT_CENPBdsRed_MG132_MITOSIS1_R3D_D3D_Z38_C0_T0.tif,14223.40881391201,10727.885
38_5,8.0,13672.25,EXPT-2021-005-SET5_GFP-SKA3WT_CENPBdsRed_MG132_MITOSIS1_R3D_D3D_Z38_C1_T0.tif,4406.009103699413,2801.015,17974.25,EXPT-2021-005-SET5_GFP-SKA3WT_CENPBdsRed_MG132_MITOSIS1_R3D_D3D_Z38_C0_T0.tif,14223.40881391201,10727.885
38_6,37.0,7360.027027027027,EXPT-2021-005-SET5_GFP-SKA3WT_CENPBdsRed_MG132_MITOSIS1_R3D_D3D_Z38_C1_T0.tif,4406.009103699413,2801.015,17800.64864864865,EXPT-2021-005-SET5_GFP-SKA3WT_CENPBdsRed_MG132_MITOSIS1_R3D_D3D_Z38_C0_T0.tif,14223.40881391201,10727.885
38_7,41.0,10670.951219512195,EXPT-2021-005-SET5_GFP-SKA3WT_CENPBdsRed_MG132_MITOSIS1_R3D_D3D_Z38_C1_T0.tif,4406.009103699413,2801.015,19774.926829268294,EXPT-2021-005-SET5_GFP-SKA3WT_CENPBdsRed_MG132_MITOSIS1_R3D_D3D_Z38_C0_T0.tif,14223.40881391201,10727.885
38_8,8.0,9236.75,EXPT-2021-005-SET5_GFP-SKA3WT_CENPBdsRed_MG132_MITOSIS1_R3D_D3D_Z38_C1_T0.tif,4406.009103699413,2801.015,16951.0,EXPT-2021-005-SET5_GFP-SKA3WT_CENPBdsRed_MG132_MITOSIS1_R3D_D3D_Z38_C0_T0.tif,14223.40881391201,10727.885
38_9,5.0,10410.0,EXPT-2021-005-SET5_GFP-SKA3WT_CENPBdsRed_MG132_MITOSIS1_R3D_D3D_Z38_C1_T0.tif,4406.009103699413,2801.015,18584.0,EXPT-2021-005-SET5_GFP-SKA3WT_CENPBdsRed_MG132_MITOSIS1_R3D_D3D_Z38_C0_T0.tif,14223.40881391201,10727.885
38_10,27.0,9108.074074074075,EXPT-2021-005-SET5_GFP-SKA3WT_CENPBdsRed_MG132_MITOSIS1_R3D_D3D_Z38_C1_T0.tif,4406.009103699413,2801.015,18563.037037037036,EXPT-2021-005-SET5_GFP-SKA3WT_CENPBdsRed_MG132_MITOSIS1_R3D_D3D_Z38_C0_T0.tif,14223.40881391201,10727.885
38_11,36.0,8755.166666666666,EXPT-2021-005-SET5_GFP-SKA3WT_CENPBdsRed_MG132_MITOSIS1_R3D_D3D_Z38_C1_T0.tif,4406.009103699413,2801.015,17907.305555555555,EXPT-2021-005-SET5_GFP-SKA3WT_CENPBdsRed_MG132_MITOSIS1_R3D_D3D_Z38_C0_T0.tif,14223.40881391201,10727.885
38_12,5.0,6298.8,EXPT-2021-005-SET5_GFP-SKA3WT_CENPBdsRed_MG132_MITOSIS1_R3D_D3D_Z38_C1_T0.tif,4406.009103699413,2801.015,17867.0,EXPT-2021-005-SET5_GFP-SKA3WT_CENPBdsRed_MG132_MITOSIS1_R3D_D3D_Z38_C0_T0.tif,14223.40881391201,10727.885
38_13,5.0,5744.4,EXPT-2021-005-SET5_GFP-SKA3WT_CENPBdsRed_MG132_MITOSIS1_R3D_D3D_Z38_C1_T0.tif,4406.009103699413,2801.015,17188.2,EXPT-2021-005-SET5_GFP-SKA3WT_CENPBdsRed_MG132_MITOSIS1_R3D_D3D_Z38_C0_T0.tif,14223.40881391201,10727.885
38_14,32.0,11625.21875,EXPT-2021-005-SET5_GFP-SKA3WT_CENPBdsRed_MG132_MITOSIS1_R3D_D3D_Z38_C1_T0.tif,4406.009103699413,2801.015,18757.6875,EXPT-2021-005-SET5_GFP-SKA3WT_CENPBdsRed_MG132_MITOSIS1_R3D_D3D_Z38_C0_T0.tif,14223.40881391201,10727.885
38_15,5.0,10062.8,EXPT-2021-005-SET5_GFP-SKA3WT_CENPBdsRed_MG132_MITOSIS1_R3D_D3D_Z38_C1_T0.tif,4406.009103699413,2801.015,19024.2,EXPT-2021-005-SET5_GFP-SKA3WT_CENPBdsRed_MG132_MITOSIS1_R3D_D3D_Z38_C0_T0.tif,14223.40881391201,10727.885
38_16,10.0,6517.0,EXPT-2021-005-SET5_GFP-SKA3WT_CENPBdsRed_MG132_MITOSIS1_R3D_D3D_Z38_C1_T0.tif,4406.009103699413,2801.015,17953.8,EXPT-2021-005-SET5_GFP-SKA3WT_CENPBdsRed_MG132_MITOSIS1_R3D_D3D_Z38_C0_T0.tif,14223.40881391201,10727.885
38_17,5.0,7306.4,EXPT-2021-005-SET5_GFP-SKA3WT_CENPBdsRed_MG132_MITOSIS1_R3D_D3D_Z38_C1_T0.tif,4406.009103699413,2801.015,20396.6,EXPT-2021-005-SET5_GFP-SKA3WT_CENPBdsRed_MG132_MITOSIS1_R3D_D3D_Z38_C0_T0.tif,14223.40881391201,10727.885
39_14,8.0,9598.375,EXPT-2021-005-SET5_GFP-SKA3WT_CENPBdsRed_MG132_MITOSIS1_R3D_D3D_Z39_C1_T0.tif,4512.241908393481,2813.7075,17083.875,EXPT-2021-005-SET5_GFP-SKA3WT_CENPBdsRed_MG132_MITOSIS1_R3D_D3D_Z39_C0_T0.tif,14159.443713607936,10859.43
40_1,4.0,4930.0,EXPT-2021-005-SET5_GFP-SKA3WT_CENPBdsRed_MG132_MITOSIS1_R3D_D3D_Z40_C1_T0.tif,4422.888621794872,2751.4675,21780.25,EXPT-2021-005-SET5_GFP-SKA3WT_CENPBdsRed_MG132_MITOSIS1_R3D_D3D_Z40_C0_T0.tif,14155.846386506779,10983.3475
40_3,21.0,7275.0952380952385,EXPT-2021-005-SET5_GFP-SKA3WT_CENPBdsRed_MG132_MITOSIS1_R3D_D3D_Z40_C1_T0.tif,4422.888621794872,2751.4675,17314.285714285714,EXPT-2021-005-SET5_GFP-SKA3WT_CENPBdsRed_MG132_MITOSIS1_R3D_D3D_Z40_C0_T0.tif,14155.846386506779,10983.3475
40_4,8.0,5158.875,EXPT-2021-005-SET5_GFP-SKA3WT_CENPBdsRed_MG132_MITOSIS1_R3D_D3D_Z40_C1_T0.tif,4422.888621794872,2751.4675,16852.875,EXPT-2021-005-SET5_GFP-SKA3WT_CENPBdsRed_MG132_MITOSIS1_R3D_D3D_Z40_C0_T0.tif,14155.846386506779,10983.3475
40_5,24.0,7523.083333333333,EXPT-2021-005-SET5_GFP-SKA3WT_CENPBdsRed_MG132_MITOSIS1_R3D_D3D_Z40_C1_T0.tif,4422.888621794872,2751.4675,17570.75,EXPT-2021-005-SET5_GFP-SKA3WT_CENPBdsRed_MG132_MITOSIS1_R3D_D3D_Z40_C0_T0.tif,14155.846386506779,10983.3475
40_6,28.0,7971.0,EXPT-2021-005-SET5_GFP-SKA3WT_CENPBdsRed_MG132_MITOSIS1_R3D_D3D_Z40_C1_T0.tif,4422.888621794872,2751.4675,18534.0,EXPT-2021-005-SET5_GFP-SKA3WT_CENPBdsRed_MG132_MITOSIS1_R3D_D3D_Z40_C0_T0.tif,14155.846386506779,10983.3475
40_7,24.0,10027.666666666666,EXPT-2021-005-SET5_GFP-SKA3WT_CENPBdsRed_MG132_MITOSIS1_R3D_D3D_Z40_C1_T0.tif,4422.888621794872,2751.4675,18157.416666666668,EXPT-2021-005-SET5_GFP-SKA3WT_CENPBdsRed_MG132_MITOSIS1_R3D_D3D_Z40_C0_T0.tif,14155.846386506779,10983.3475
40_8,44.0,9834.15909090909,EXPT-2021-005-SET5_GFP-SKA3WT_CENPBdsRed_MG132_MITOSIS1_R3D_D3D_Z40_C1_T0.tif,4422.888621794872,2751.4675,18510.159090909092,EXPT-2021-005-SET5_GFP-SKA3WT_CENPBdsRed_MG132_MITOSIS1_R3D_D3D_Z40_C0_T0.tif,14155.846386506779,10983.3475
40_9,27.0,11230.555555555555,EXPT-2021-005-SET5_GFP-SKA3WT_CENPBdsRed_MG132_MITOSIS1_R3D_D3D_Z40_C1_T0.tif,4422.888621794872,2751.4675,18832.48148148148,EXPT-2021-005-SET5_GFP-SKA3WT_CENPBdsRed_MG132_MITOSIS1_R3D_D3D_Z40_C0_T0.tif,14155.846386506779,10983.3475
40_10,29.0,9364.103448275862,EXPT-2021-005-SET5_GFP-SKA3WT_CENPBdsRed_MG132_MITOSIS1_R3D_D3D_Z40_C1_T0.tif,4422.888621794872,2751.4675,19089.620689655174,EXPT-2021-005-SET5_GFP-SKA3WT_CENPBdsRed_MG132_MITOSIS1_R3D_D3D_Z40_C0_T0.tif,14155.846386506779,10983.3475
40_11,21.0,8444.857142857143,EXPT-2021-005-SET5_GFP-SKA3WT_CENPBdsRed_MG132_MITOSIS1_R3D_D3D_Z40_C1_T0.tif,4422.888621794872,2751.4675,18465.809523809523,EXPT-2021-005-SET5_GFP-SKA3WT_CENPBdsRed_MG132_MITOSIS1_R3D_D3D_Z40_C0_T0.tif,14155.846386506779,10983.3475
40_12,27.0,9572.407407407407,EXPT-2021-005-SET5_GFP-SKA3WT_CENPBdsRed_MG132_MITOSIS1_R3D_D3D_Z40_C1_T0.tif,4422.888621794872,2751.4675,18594.25925925926,EXPT-2021-005-SET5_GFP-SKA3WT_CENPBdsRed_MG132_MITOSIS1_R3D_D3D_Z40_C0_T0.tif,14155.846386506779,10983.3475
41_1,54.0,6877.851851851852,EXPT-2021-005-SET5_GFP-SKA3WT_CENPBdsRed_MG132_MITOSIS1_R3D_D3D_Z41_C1_T0.tif,4377.845094156802,2718.9575,18475.98148148148,EXPT-2021-005-SET5_GFP-SKA3WT_CENPBdsRed_MG132_MITOSIS1_R3D_D3D_Z41_C0_T0.tif,14279.214425374756,10909.7075
41_2,32.0,7593.84375,EXPT-2021-005-SET5_GFP-SKA3WT_CENPBdsRed_MG132_MITOSIS1_R3D_D3D_Z41_C1_T0.tif,4377.845094156802,2718.9575,17848.34375,EXPT-2021-005-SET5_GFP-SKA3WT_CENPBdsRed_MG132_MITOSIS1_R3D_D3D_Z41_C0_T0.tif,14279.214425374756,10909.7075
41_3,18.0,8245.333333333334,EXPT-2021-005-SET5_GFP-SKA3WT_CENPBdsRed_MG132_MITOSIS1_R3D_D3D_Z41_C1_T0.tif,4377.845094156802,2718.9575,19235.11111111111,EXPT-2021-005-SET5_GFP-SKA3WT_CENPBdsRed_MG132_MITOSIS1_R3D_D3D_Z41_C0_T0.tif,14279.214425374756,10909.7075
41_4,35.0,11597.314285714287,EXPT-2021-005-SET5_GFP-SKA3WT_CENPBdsRed_MG132_MITOSIS1_R3D_D3D_Z41_C1_T0.tif,4377.845094156802,2718.9575,19011.8,EXPT-2021-005-SET5_GFP-SKA3WT_CENPBdsRed_MG132_MITOSIS1_R3D_D3D_Z41_C0_T0.tif,14279.214425374756,10909.7075
41_5,29.0,9094.551724137931,EXPT-2021-005-SET5_GFP-SKA3WT_CENPBdsRed_MG132_MITOSIS1_R3D_D3D_Z41_C1_T0.tif,4377.845094156802,2718.9575,18432.41379310345,EXPT-2021-005-SET5_GFP-SKA3WT_CENPBdsRed_MG132_MITOSIS1_R3D_D3D_Z41_C0_T0.tif,14279.214425374756,10909.7075
41_6,32.0,8106.78125,EXPT-2021-005-SET5_GFP-SKA3WT_CENPBdsRed_MG132_MITOSIS1_R3D_D3D_Z41_C1_T0.tif,4377.845094156802,2718.9575,19363.15625,EXPT-2021-005-SET5_GFP-SKA3WT_CENPBdsRed_MG132_MITOSIS1_R3D_D3D_Z41_C0_T0.tif,14279.214425374756,10909.7075
41_7,8.0,9755.625,EXPT-2021-005-SET5_GFP-SKA3WT_CENPBdsRed_MG132_MITOSIS1_R3D_D3D_Z41_C1_T0.tif,4377.845094156802,2718.9575,17636.625,EXPT-2021-005-SET5_GFP-SKA3WT_CENPBdsRed_MG132_MITOSIS1_R3D_D3D_Z41_C0_T0.tif,14279.214425374756,10909.7075
41_8,12.0,6300.25,EXPT-2021-005-SET5_GFP-SKA3WT_CENPBdsRed_MG132_MITOSIS1_R3D_D3D_Z41_C1_T0.tif,4377.845094156802,2718.9575,17672.0,EXPT-2021-005-SET5_GFP-SKA3WT_CENPBdsRed_MG132_MITOSIS1_R3D_D3D_Z41_C0_T0.tif,14279.214425374756,10909.7075
41_9,9.0,7411.222222222223,EXPT-2021-005-SET5_GFP-SKA3WT_CENPBdsRed_MG132_MITOSIS1_R3D_D3D_Z41_C1_T0.tif,4377.845094156802,2718.9575,18937.88888888889,EXPT-2021-005-SET5_GFP-SKA3WT_CENPBdsRed_MG132_MITOSIS1_R3D_D3D_Z41_C0_T0.tif,14279.214425374756,10909.7075
41_10,21.0,8885.285714285714,EXPT-2021-005-SET5_GFP-SKA3WT_CENPBdsRed_MG132_MITOSIS1_R3D_D3D_Z41_C1_T0.tif,4377.845094156802,2718.9575,19432.571428571428,EXPT-2021-005-SET5_GFP-SKA3WT_CENPBdsRed_MG132_MITOSIS1_R3D_D3D_Z41_C0_T0.tif,14279.214425374756,10909.7075
42_1,22.0,7890.318181818182,EXPT-2021-005-SET5_GFP-SKA3WT_CENPBdsRed_MG132_MITOSIS1_R3D_D3D_Z42_C1_T0.tif,4363.079387605901,2723.6375,20445.590909090908,EXPT-2021-005-SET5_GFP-SKA3WT_CENPBdsRed_MG132_MITOSIS1_R3D_D3D_Z42_C0_T0.tif,14400.892443424309,10813.56
42_2,20.0,8198.1,EXPT-2021-005-SET5_GFP-SKA3WT_CENPBdsRed_MG132_MITOSIS1_R3D_D3D_Z42_C1_T0.tif,4363.079387605901,2723.6375,18309.0,EXPT-2021-005-SET5_GFP-SKA3WT_CENPBdsRed_MG132_MITOSIS1_R3D_D3D_Z42_C0_T0.tif,14400.892443424309,10813.56
42_3,29.0,7403.586206896552,EXPT-2021-005-SET5_GFP-SKA3WT_CENPBdsRed_MG132_MITOSIS1_R3D_D3D_Z42_C1_T0.tif,4363.079387605901,2723.6375,20247.206896551725,EXPT-2021-005-SET5_GFP-SKA3WT_CENPBdsRed_MG132_MITOSIS1_R3D_D3D_Z42_C0_T0.tif,14400.892443424309,10813.56
42_4,5.0,7518.6,EXPT-2021-005-SET5_GFP-SKA3WT_CENPBdsRed_MG132_MITOSIS1_R3D_D3D_Z42_C1_T0.tif,4363.079387605901,2723.6375,19767.0,EXPT-2021-005-SET5_GFP-SKA3WT_CENPBdsRed_MG132_MITOSIS1_R3D_D3D_Z42_C0_T0.tif,14400.892443424309,10813.56
42_5,25.0,8939.96,EXPT-2021-005-SET5_GFP-SKA3WT_CENPBdsRed_MG132_MITOSIS1_R3D_D3D_Z42_C1_T0.tif,4363.079387605901,2723.6375,19190.52,EXPT-2021-005-SET5_GFP-SKA3WT_CENPBdsRed_MG132_MITOSIS1_R3D_D3D_Z42_C0_T0.tif,14400.892443424309,10813.56
42_6,30.0,10914.5,EXPT-2021-005-SET5_GFP-SKA3WT_CENPBdsRed_MG132_MITOSIS1_R3D_D3D_Z42_C1_T0.tif,4363.079387605901,2723.6375,19424.066666666666,EXPT-2021-005-SET5_GFP-SKA3WT_CENPBdsRed_MG132_MITOSIS1_R3D_D3D_Z42_C0_T0.tif,14400.892443424309,10813.56
42_7,5.0,12583.0,EXPT-2021-005-SET5_GFP-SKA3WT_CENPBdsRed_MG132_MITOSIS1_R3D_D3D_Z42_C1_T0.tif,4363.079387605901,2723.6375,20823.6,EXPT-2021-005-SET5_GFP-SKA3WT_CENPBdsRed_MG132_MITOSIS1_R3D_D3D_Z42_C0_T0.tif,14400.892443424309,10813.56
42_8,26.0,7635.346153846154,EXPT-2021-005-SET5_GFP-SKA3WT_CENPBdsRed_MG132_MITOSIS1_R3D_D3D_Z42_C1_T0.tif,4363.079387605901,2723.6375,20207.576923076922,EXPT-2021-005-SET5_GFP-SKA3WT_CENPBdsRed_MG132_MITOSIS1_R3D_D3D_Z42_C0_T0.tif,14400.892443424309,10813.56
42_9,5.0,10812.6,EXPT-2021-005-SET5_GFP-SKA3WT_CENPBdsRed_MG132_MITOSIS1_R3D_D3D_Z42_C1_T0.tif,4363.079387605901,2723.6375,20830.4,EXPT-2021-005-SET5_GFP-SKA3WT_CENPBdsRed_MG132_MITOSIS1_R3D_D3D_Z42_C0_T0.tif,14400.892443424309,10813.56
