,Unnamed: 0,label,area,mean_intensity_GFP_ska,fname_GFP_ska,GFP_ska_cyto,GFP_ska_bg,mean_intensity_CENP_B_ds_red,fname_CENP_B_ds_red,CENP_B_ds_red_cyto,CENP_B_ds_red_bg,CENP_B_ds_red@kt/CENP_B_ds_red@cyto,GFP_ska@kt/GFP_ska@cyto,CENP_B_ds_red@kt/CENP_B_ds_red@cyto:GFP_ska@kt/GFP_ska@cyto,condition,cell,Experiment
0,0,0_1,4.0,7344.75,SKA3WT-CENPB-SET5\Particle_Channel\SKA3WT-CENPB-SET5_Z00_C1_T0.tif,4439.570747849107,3273.705,24843.75,SKA3WT-CENPB-SET5\Mask_Channel\SKA3WT-CENPB-SET5_Z00_C0_T0.tif,16613.474295190714,12947.9925,1.495397624757622,1.6543829160867414,0.9039005481843457,WildType,SKA_WildT_cell_4,SKA3WT-CENPB-SET5
1,1,0_2,6.0,6998.833333333332,SKA3WT-CENPB-SET5\Particle_Channel\SKA3WT-CENPB-SET5_Z00_C1_T0.tif,4439.570747849107,3273.705,26332.0,SKA3WT-CENPB-SET5\Mask_Channel\SKA3WT-CENPB-SET5_Z00_C0_T0.tif,16613.474295190714,12947.9925,1.584978525992159,1.5764662240655007,1.005399609453545,WildType,SKA_WildT_cell_4,SKA3WT-CENPB-SET5
2,2,0_3,5.0,4495.8,SKA3WT-CENPB-SET5\Particle_Channel\SKA3WT-CENPB-SET5_Z00_C1_T0.tif,4439.570747849107,3273.705,20922.4,SKA3WT-CENPB-SET5\Mask_Channel\SKA3WT-CENPB-SET5_Z00_C0_T0.tif,16613.474295190714,12947.9925,1.2593633112645584,1.0126654704575067,1.2436123754625479,WildType,SKA_WildT_cell_4,SKA3WT-CENPB-SET5
3,3,0_4,5.0,6620.6,SKA3WT-CENPB-SET5\Particle_Channel\SKA3WT-CENPB-SET5_Z00_C1_T0.tif,4439.570747849107,3273.705,16587.6,SKA3WT-CENPB-SET5\Mask_Channel\SKA3WT-CENPB-SET5_Z00_C0_T0.tif,16613.474295190714,12947.9925,0.9984425716902451,1.4912702997711127,0.6695248821380609,WildType,SKA_WildT_cell_4,SKA3WT-CENPB-SET5
4,4,0_5,5.0,5870.0,SKA3WT-CENPB-SET5\Particle_Channel\SKA3WT-CENPB-SET5_Z00_C1_T0.tif,4439.570747849107,3273.705,19225.6,SKA3WT-CENPB-SET5\Mask_Channel\SKA3WT-CENPB-SET5_Z00_C0_T0.tif,16613.474295190714,12947.9925,1.157229346396584,1.3221999002592562,0.8752302478389804,WildType,SKA_WildT_cell_4,SKA3WT-CENPB-SET5
5,5,0_6,17.0,5806.352941176469,SKA3WT-CENPB-SET5\Particle_Channel\SKA3WT-CENPB-SET5_Z00_C1_T0.tif,4439.570747849107,3273.705,17051.176470588234,SKA3WT-CENPB-SET5\Mask_Channel\SKA3WT-CENPB-SET5_Z00_C0_T0.tif,16613.474295190714,12947.9925,1.0263462155850342,1.3078635910891936,0.7847502006920227,WildType,SKA_WildT_cell_4,SKA3WT-CENPB-SET5
6,6,0_7,13.0,3849.6923076923076,SKA3WT-CENPB-SET5\Particle_Channel\SKA3WT-CENPB-SET5_Z00_C1_T0.tif,4439.570747849107,3273.705,17597.30769230769,SKA3WT-CENPB-SET5\Mask_Channel\SKA3WT-CENPB-SET5_Z00_C0_T0.tif,16613.474295190714,12947.9925,1.0592190037818747,0.8671316499590451,1.2215204044644223,WildType,SKA_WildT_cell_4,SKA3WT-CENPB-SET5
7,7,0_8,16.0,5101.4375,SKA3WT-CENPB-SET5\Particle_Channel\SKA3WT-CENPB-SET5_Z00_C1_T0.tif,4439.570747849107,3273.705,20266.8125,SKA3WT-CENPB-SET5\Mask_Channel\SKA3WT-CENPB-SET5_Z00_C0_T0.tif,16613.474295190714,12947.9925,1.2199021192013315,1.1490835014785057,1.0616305234838936,WildType,SKA_WildT_cell_4,SKA3WT-CENPB-SET5
8,8,0_9,60.0,5539.4,SKA3WT-CENPB-SET5\Particle_Channel\SKA3WT-CENPB-SET5_Z00_C1_T0.tif,4439.570747849107,3273.705,20967.933333333334,SKA3WT-CENPB-SET5\Mask_Channel\SKA3WT-CENPB-SET5_Z00_C0_T0.tif,16613.474295190714,12947.9925,1.2621040584751833,1.247733241481452,1.011517539579749,WildType,SKA_WildT_cell_4,SKA3WT-CENPB-SET5
9,9,0_10,26.0,7586.653846153847,SKA3WT-CENPB-SET5\Particle_Channel\SKA3WT-CENPB-SET5_Z00_C1_T0.tif,4439.570747849107,3273.705,17788.884615384617,SKA3WT-CENPB-SET5\Mask_Channel\SKA3WT-CENPB-SET5_Z00_C0_T0.tif,16613.474295190714,12947.9925,1.070750422175942,1.7088710321441427,0.6265835174421897,WildType,SKA_WildT_cell_4,SKA3WT-CENPB-SET5
10,10,0_11,31.0,4796.258064516129,SKA3WT-CENPB-SET5\Particle_Channel\SKA3WT-CENPB-SET5_Z00_C1_T0.tif,4439.570747849107,3273.705,15435.677419354839,SKA3WT-CENPB-SET5\Mask_Channel\SKA3WT-CENPB-SET5_Z00_C0_T0.tif,16613.474295190714,12947.9925,0.9291059260147154,1.0803427486406947,0.8600103320763083,WildType,SKA_WildT_cell_4,SKA3WT-CENPB-SET5
11,11,0_12,5.0,5998.0,SKA3WT-CENPB-SET5\Particle_Channel\SKA3WT-CENPB-SET5_Z00_C1_T0.tif,4439.570747849107,3273.705,16629.0,SKA3WT-CENPB-SET5\Mask_Channel\SKA3WT-CENPB-SET5_Z00_C0_T0.tif,16613.474295190714,12947.9925,1.000934524864181,1.3510315164829674,0.7408668951482598,WildType,SKA_WildT_cell_4,SKA3WT-CENPB-SET5
12,12,1_1,6.0,4327.833333333333,SKA3WT-CENPB-SET5\Particle_Channel\SKA3WT-CENPB-SET5_Z01_C1_T0.tif,4454.13964565527,3275.255,22818.33333333333,SKA3WT-CENPB-SET5\Mask_Channel\SKA3WT-CENPB-SET5_Z01_C0_T0.tif,16336.341718610864,12556.73,1.3967835471596424,0.9716429383966124,1.437548189733761,WildType,SKA_WildT_cell_4,SKA3WT-CENPB-SET5
13,13,1_2,6.0,6768.666666666668,SKA3WT-CENPB-SET5\Particle_Channel\SKA3WT-CENPB-SET5_Z01_C1_T0.tif,4454.13964565527,3275.255,25257.33333333333,SKA3WT-CENPB-SET5\Mask_Channel\SKA3WT-CENPB-SET5_Z01_C0_T0.tif,16336.341718610864,12556.73,1.546082578852975,1.5196350373228804,1.0174038771682226,WildType,SKA_WildT_cell_4,SKA3WT-CENPB-SET5
14,14,1_3,4.0,7052.75,SKA3WT-CENPB-SET5\Particle_Channel\SKA3WT-CENPB-SET5_Z01_C1_T0.tif,4454.13964565527,3275.255,28447.5,SKA3WT-CENPB-SET5\Mask_Channel\SKA3WT-CENPB-SET5_Z01_C0_T0.tif,16336.341718610864,12556.73,1.7413629373087691,1.5834146571671834,1.0997516850223958,WildType,SKA_WildT_cell_4,SKA3WT-CENPB-SET5
15,15,1_4,15.0,5071.133333333333,SKA3WT-CENPB-SET5\Particle_Channel\SKA3WT-CENPB-SET5_Z01_C1_T0.tif,4454.13964565527,3275.255,16316.333333333336,SKA3WT-CENPB-SET5\Mask_Channel\SKA3WT-CENPB-SET5_Z01_C0_T0.tif,16336.341718610864,12556.73,0.9987752224076745,1.1385214063236435,0.8772564282588079,WildType,SKA_WildT_cell_4,SKA3WT-CENPB-SET5
16,16,1_5,5.0,5942.2,SKA3WT-CENPB-SET5\Particle_Channel\SKA3WT-CENPB-SET5_Z01_C1_T0.tif,4454.13964565527,3275.255,22169.8,SKA3WT-CENPB-SET5\Mask_Channel\SKA3WT-CENPB-SET5_Z01_C0_T0.tif,16336.341718610864,12556.73,1.3570847367096563,1.3340848003713215,1.0172402356521364,WildType,SKA_WildT_cell_4,SKA3WT-CENPB-SET5
17,17,1_6,59.0,5502.440677966101,SKA3WT-CENPB-SET5\Particle_Channel\SKA3WT-CENPB-SET5_Z01_C1_T0.tif,4454.13964565527,3275.255,20122.42372881356,SKA3WT-CENPB-SET5\Mask_Channel\SKA3WT-CENPB-SET5_Z01_C0_T0.tif,16336.341718610864,12556.73,1.2317582525767978,1.2353543255729267,0.9970890351685447,WildType,SKA_WildT_cell_4,SKA3WT-CENPB-SET5
18,18,1_7,54.0,5612.148148148148,SKA3WT-CENPB-SET5\Particle_Channel\SKA3WT-CENPB-SET5_Z01_C1_T0.tif,4454.13964565527,3275.255,20577.666666666668,SKA3WT-CENPB-SET5\Mask_Channel\SKA3WT-CENPB-SET5_Z01_C0_T0.tif,16336.341718610864,12556.73,1.2596251364663826,1.2599847769978296,0.9997145675582654,WildType,SKA_WildT_cell_4,SKA3WT-CENPB-SET5
19,19,1_8,44.0,4537.772727272727,SKA3WT-CENPB-SET5\Particle_Channel\SKA3WT-CENPB-SET5_Z01_C1_T0.tif,4454.13964565527,3275.255,15004.454545454546,SKA3WT-CENPB-SET5\Mask_Channel\SKA3WT-CENPB-SET5_Z01_C0_T0.tif,16336.341718610864,12556.73,0.9184709039454659,1.0187764839611697,0.901543094491444,WildType,SKA_WildT_cell_4,SKA3WT-CENPB-SET5
20,20,1_9,38.0,9858.421052631578,SKA3WT-CENPB-SET5\Particle_Channel\SKA3WT-CENPB-SET5_Z01_C1_T0.tif,4454.13964565527,3275.255,18049.026315789473,SKA3WT-CENPB-SET5\Mask_Channel\SKA3WT-CENPB-SET5_Z01_C0_T0.tif,16336.341718610864,12556.73,1.1048389306907964,2.2133165632217753,0.4991779978741753,WildType,SKA_WildT_cell_4,SKA3WT-CENPB-SET5
21,21,2_1,11.0,7286.909090909091,SKA3WT-CENPB-SET5\Particle_Channel\SKA3WT-CENPB-SET5_Z02_C1_T0.tif,4491.1605979805045,3189.74,24385.818181818184,SKA3WT-CENPB-SET5\Mask_Channel\SKA3WT-CENPB-SET5_Z02_C0_T0.tif,15861.30033119894,12082.3125,1.5374412987976556,1.6225002272654696,0.9475753981180202,WildType,SKA_WildT_cell_4,SKA3WT-CENPB-SET5
22,22,2_2,8.0,5604.625,SKA3WT-CENPB-SET5\Particle_Channel\SKA3WT-CENPB-SET5_Z02_C1_T0.tif,4491.1605979805045,3189.74,23309.875,SKA3WT-CENPB-SET5\Mask_Channel\SKA3WT-CENPB-SET5_Z02_C0_T0.tif,15861.30033119894,12082.3125,1.4696068111231604,1.247923532843643,1.1776417163753357,WildType,SKA_WildT_cell_4,SKA3WT-CENPB-SET5
23,23,2_3,5.0,6424.6,SKA3WT-CENPB-SET5\Particle_Channel\SKA3WT-CENPB-SET5_Z02_C1_T0.tif,4491.1605979805045,3189.74,25665.4,SKA3WT-CENPB-SET5\Mask_Channel\SKA3WT-CENPB-SET5_Z02_C0_T0.tif,15861.30033119894,12082.3125,1.6181144965470797,1.430498834285482,1.1311540126876856,WildType,SKA_WildT_cell_4,SKA3WT-CENPB-SET5
24,24,2_4,4.0,6653.75,SKA3WT-CENPB-SET5\Particle_Channel\SKA3WT-CENPB-SET5_Z02_C1_T0.tif,4491.1605979805045,3189.74,25900.25,SKA3WT-CENPB-SET5\Mask_Channel\SKA3WT-CENPB-SET5_Z02_C0_T0.tif,15861.30033119894,12082.3125,1.6329209748998068,1.4815212804885949,1.1021920484066765,WildType,SKA_WildT_cell_4,SKA3WT-CENPB-SET5
25,26,2_6,45.0,5191.022222222222,SKA3WT-CENPB-SET5\Particle_Channel\SKA3WT-CENPB-SET5_Z02_C1_T0.tif,4491.1605979805045,3189.74,17316.866666666665,SKA3WT-CENPB-SET5\Mask_Channel\SKA3WT-CENPB-SET5_Z02_C0_T0.tif,15861.30033119894,12082.3125,1.0917684114841864,1.1558309058367713,0.9445745099658791,WildType,SKA_WildT_cell_4,SKA3WT-CENPB-SET5
26,27,2_7,20.0,5866.65,SKA3WT-CENPB-SET5\Particle_Channel\SKA3WT-CENPB-SET5_Z02_C1_T0.tif,4491.1605979805045,3189.74,20493.3,SKA3WT-CENPB-SET5\Mask_Channel\SKA3WT-CENPB-SET5_Z02_C0_T0.tif,15861.30033119894,12082.3125,1.2920315215070977,1.3062659132336523,0.9891029907598848,WildType,SKA_WildT_cell_4,SKA3WT-CENPB-SET5
27,28,2_8,10.0,5217.8,SKA3WT-CENPB-SET5\Particle_Channel\SKA3WT-CENPB-SET5_Z02_C1_T0.tif,4491.1605979805045,3189.74,18703.3,SKA3WT-CENPB-SET5\Mask_Channel\SKA3WT-CENPB-SET5_Z02_C0_T0.tif,15861.30033119894,12082.3125,1.179178226845052,1.161793234992807,1.0149639293194477,WildType,SKA_WildT_cell_4,SKA3WT-CENPB-SET5
28,29,2_9,50.0,6182.78,SKA3WT-CENPB-SET5\Particle_Channel\SKA3WT-CENPB-SET5_Z02_C1_T0.tif,4491.1605979805045,3189.74,20935.94,SKA3WT-CENPB-SET5\Mask_Channel\SKA3WT-CENPB-SET5_Z02_C0_T0.tif,15861.30033119894,12082.3125,1.3199384390206217,1.3766552910132293,0.9588009777299707,WildType,SKA_WildT_cell_4,SKA3WT-CENPB-SET5
29,30,2_10,18.0,4890.11111111111,SKA3WT-CENPB-SET5\Particle_Channel\SKA3WT-CENPB-SET5_Z02_C1_T0.tif,4491.1605979805045,3189.74,18025.61111111111,SKA3WT-CENPB-SET5\Mask_Channel\SKA3WT-CENPB-SET5_Z02_C0_T0.tif,15861.30033119894,12082.3125,1.1364522917238382,1.088830159694133,1.0437369700000623,WildType,SKA_WildT_cell_4,SKA3WT-CENPB-SET5
30,31,2_11,51.0,5900.7058823529405,SKA3WT-CENPB-SET5\Particle_Channel\SKA3WT-CENPB-SET5_Z02_C1_T0.tif,4491.1605979805045,3189.74,18929.21568627451,SKA3WT-CENPB-SET5\Mask_Channel\SKA3WT-CENPB-SET5_Z02_C0_T0.tif,15861.30033119894,12082.3125,1.1934214276896975,1.313848782207043,0.9083400189213191,WildType,SKA_WildT_cell_4,SKA3WT-CENPB-SET5
31,32,2_12,5.0,4662.0,SKA3WT-CENPB-SET5\Particle_Channel\SKA3WT-CENPB-SET5_Z02_C1_T0.tif,4491.1605979805045,3189.74,16231.4,SKA3WT-CENPB-SET5\Mask_Channel\SKA3WT-CENPB-SET5_Z02_C0_T0.tif,15861.30033119894,12082.3125,1.0233335011047662,1.0380390320703106,0.9858333545163374,WildType,SKA_WildT_cell_4,SKA3WT-CENPB-SET5
32,33,2_13,5.0,6511.6,SKA3WT-CENPB-SET5\Particle_Channel\SKA3WT-CENPB-SET5_Z02_C1_T0.tif,4491.1605979805045,3189.74,18120.6,SKA3WT-CENPB-SET5\Mask_Channel\SKA3WT-CENPB-SET5_Z02_C0_T0.tif,15861.30033119894,12082.3125,1.1424410118732227,1.449870219053847,0.7879608787459296,WildType,SKA_WildT_cell_4,SKA3WT-CENPB-SET5
33,34,2_14,56.0,4517.642857142857,SKA3WT-CENPB-SET5\Particle_Channel\SKA3WT-CENPB-SET5_Z02_C1_T0.tif,4491.1605979805045,3189.74,14513.767857142857,SKA3WT-CENPB-SET5\Mask_Channel\SKA3WT-CENPB-SET5_Z02_C0_T0.tif,15861.30033119894,12082.3125,0.9150427489601526,1.0058965291007986,0.9096788014351108,WildType,SKA_WildT_cell_4,SKA3WT-CENPB-SET5
35,36,2_16,9.0,9403.333333333334,SKA3WT-CENPB-SET5\Particle_Channel\SKA3WT-CENPB-SET5_Z02_C1_T0.tif,4491.1605979805045,3189.74,14970.333333333336,SKA3WT-CENPB-SET5\Mask_Channel\SKA3WT-CENPB-SET5_Z02_C0_T0.tif,15861.30033119894,12082.3125,0.9438276194724663,2.0937423920136897,0.45078497864521205,WildType,SKA_WildT_cell_4,SKA3WT-CENPB-SET5
36,37,3_1,8.0,6867.125,SKA3WT-CENPB-SET5\Particle_Channel\SKA3WT-CENPB-SET5_Z03_C1_T0.tif,4627.776262650259,3184.67,24787.5,SKA3WT-CENPB-SET5\Mask_Channel\SKA3WT-CENPB-SET5_Z03_C0_T0.tif,15381.723598549397,11577.19,1.6114904055575172,1.4838930428471706,1.0859882478224465,WildType,SKA_WildT_cell_4,SKA3WT-CENPB-SET5
37,38,3_2,5.0,7033.4,SKA3WT-CENPB-SET5\Particle_Channel\SKA3WT-CENPB-SET5_Z03_C1_T0.tif,4627.776262650259,3184.67,23983.2,SKA3WT-CENPB-SET5\Mask_Channel\SKA3WT-CENPB-SET5_Z03_C0_T0.tif,15381.723598549397,11577.19,1.5592010769366433,1.5198228265192915,1.0259097637765688,WildType,SKA_WildT_cell_4,SKA3WT-CENPB-SET5
38,39,3_3,4.0,6912.0,SKA3WT-CENPB-SET5\Particle_Channel\SKA3WT-CENPB-SET5_Z03_C1_T0.tif,4627.776262650259,3184.67,25427.25,SKA3WT-CENPB-SET5\Mask_Channel\SKA3WT-CENPB-SET5_Z03_C0_T0.tif,15381.723598549397,11577.19,1.6530819733620727,1.493589924773416,1.1067843629253542,WildType,SKA_WildT_cell_4,SKA3WT-CENPB-SET5
39,40,3_4,5.0,5955.2,SKA3WT-CENPB-SET5\Particle_Channel\SKA3WT-CENPB-SET5_Z03_C1_T0.tif,4627.776262650259,3184.67,23742.8,SKA3WT-CENPB-SET5\Mask_Channel\SKA3WT-CENPB-SET5_Z03_C0_T0.tif,15381.723598549397,11577.19,1.543572139226264,1.2868383564830217,1.1995074062331383,WildType,SKA_WildT_cell_4,SKA3WT-CENPB-SET5
40,41,3_5,4.0,6281.0,SKA3WT-CENPB-SET5\Particle_Channel\SKA3WT-CENPB-SET5_Z03_C1_T0.tif,4627.776262650259,3184.67,24571.0,SKA3WT-CENPB-SET5\Mask_Channel\SKA3WT-CENPB-SET5_Z03_C0_T0.tif,15381.723598549397,11577.19,1.5974152599073628,1.357239339916352,1.176959150038941,WildType,SKA_WildT_cell_4,SKA3WT-CENPB-SET5
41,58,4_1,5.0,4868.6,SKA3WT-CENPB-SET5\Particle_Channel\SKA3WT-CENPB-SET5_Z04_C1_T0.tif,4685.409017020464,3146.7525,22334.8,SKA3WT-CENPB-SET5\Mask_Channel\SKA3WT-CENPB-SET5_Z04_C0_T0.tif,14865.398106268758,11195.645,1.5024690116157322,1.0390981838115023,1.4459355574124337,WildType,SKA_WildT_cell_4,SKA3WT-CENPB-SET5
42,65,4_8,5.0,5521.0,SKA3WT-CENPB-SET5\Particle_Channel\SKA3WT-CENPB-SET5_Z04_C1_T0.tif,4685.409017020464,3146.7525,17288.8,SKA3WT-CENPB-SET5\Mask_Channel\SKA3WT-CENPB-SET5_Z04_C0_T0.tif,14865.398106268758,11195.645,1.1630230066095095,1.1783389624991383,0.9870020797265796,WildType,SKA_WildT_cell_4,SKA3WT-CENPB-SET5
43,112,7_1,4.0,6496.5,SKA3WT-CENPB-SET5\Particle_Channel\SKA3WT-CENPB-SET5_Z07_C1_T0.tif,4699.037747588925,2989.73,19920.75,SKA3WT-CENPB-SET5\Mask_Channel\SKA3WT-CENPB-SET5_Z07_C0_T0.tif,14605.861337887369,11041.64,1.3638873832333254,1.3825170915754723,0.9865247898520249,WildType,SKA_WildT_cell_4,SKA3WT-CENPB-SET5
44,145,9_1,6.0,6109.166666666668,SKA3WT-CENPB-SET5\Particle_Channel\SKA3WT-CENPB-SET5_Z09_C1_T0.tif,4532.549374188958,2957.15,25074.33333333333,SKA3WT-CENPB-SET5\Mask_Channel\SKA3WT-CENPB-SET5_Z09_C0_T0.tif,14639.977110990883,11574.425,1.7127303644832141,1.347843379590283,1.2707191283633037,WildType,SKA_WildT_cell_4,SKA3WT-CENPB-SET5
45,146,9_2,5.0,6463.8,SKA3WT-CENPB-SET5\Particle_Channel\SKA3WT-CENPB-SET5_Z09_C1_T0.tif,4532.549374188958,2957.15,24524.8,SKA3WT-CENPB-SET5\Mask_Channel\SKA3WT-CENPB-SET5_Z09_C0_T0.tif,14639.977110990883,11574.425,1.6751938759240368,1.4260848512337752,1.1746803666519179,WildType,SKA_WildT_cell_4,SKA3WT-CENPB-SET5
46,167,10_1,3.0,7091.666666666668,SKA3WT-CENPB-SET5\Particle_Channel\SKA3WT-CENPB-SET5_Z10_C1_T0.tif,4579.157215451724,2994.62,26511.0,SKA3WT-CENPB-SET5\Mask_Channel\SKA3WT-CENPB-SET5_Z10_C0_T0.tif,14721.461398459323,11641.03,1.8008402347048584,1.5486838151651208,1.162819819688535,WildType,SKA_WildT_cell_4,SKA3WT-CENPB-SET5
47,172,10_6,32.0,10178.78125,SKA3WT-CENPB-SET5\Particle_Channel\SKA3WT-CENPB-SET5_Z10_C1_T0.tif,4579.157215451724,2994.62,16238.03125,SKA3WT-CENPB-SET5\Mask_Channel\SKA3WT-CENPB-SET5_Z10_C0_T0.tif,14721.461398459323,11641.03,1.1030176156084202,2.222850356754105,0.4962176658707204,WildType,SKA_WildT_cell_4,SKA3WT-CENPB-SET5
48,173,10_7,99.0,8961.212121212122,SKA3WT-CENPB-SET5\Particle_Channel\SKA3WT-CENPB-SET5_Z10_C1_T0.tif,4579.157215451724,2994.62,17068.535353535353,SKA3WT-CENPB-SET5\Mask_Channel\SKA3WT-CENPB-SET5_Z10_C0_T0.tif,14721.461398459323,11641.03,1.1594321305167206,1.9569566406180088,0.5924669491658082,WildType,SKA_WildT_cell_4,SKA3WT-CENPB-SET5
49,174,10_8,31.0,10715.0,SKA3WT-CENPB-SET5\Particle_Channel\SKA3WT-CENPB-SET5_Z10_C1_T0.tif,4579.157215451724,2994.62,17372.1935483871,SKA3WT-CENPB-SET5\Mask_Channel\SKA3WT-CENPB-SET5_Z10_C0_T0.tif,14721.461398459323,11641.03,1.1800590361365337,2.3399502344762775,0.504309458701224,WildType,SKA_WildT_cell_4,SKA3WT-CENPB-SET5
50,176,10_10,33.0,10933.424242424242,SKA3WT-CENPB-SET5\Particle_Channel\SKA3WT-CENPB-SET5_Z10_C1_T0.tif,4579.157215451724,2994.62,16638.545454545456,SKA3WT-CENPB-SET5\Mask_Channel\SKA3WT-CENPB-SET5_Z10_C0_T0.tif,14721.461398459323,11641.03,1.1302237600056992,2.38764989451136,0.47336243165458025,WildType,SKA_WildT_cell_4,SKA3WT-CENPB-SET5
51,177,10_11,5.0,6847.2,SKA3WT-CENPB-SET5\Particle_Channel\SKA3WT-CENPB-SET5_Z10_C1_T0.tif,4579.157215451724,2994.62,16225.4,SKA3WT-CENPB-SET5\Mask_Channel\SKA3WT-CENPB-SET5_Z10_C0_T0.tif,14721.461398459323,11641.03,1.1021595995692433,1.495296989781238,0.7370840756728128,WildType,SKA_WildT_cell_4,SKA3WT-CENPB-SET5
52,178,10_12,13.0,10190.076923076924,SKA3WT-CENPB-SET5\Particle_Channel\SKA3WT-CENPB-SET5_Z10_C1_T0.tif,4579.157215451724,2994.62,14940.615384615383,SKA3WT-CENPB-SET5\Mask_Channel\SKA3WT-CENPB-SET5_Z10_C0_T0.tif,14721.461398459323,11641.03,1.0148867004588957,2.2253171148376247,0.45606385431181534,WildType,SKA_WildT_cell_4,SKA3WT-CENPB-SET5
53,179,10_13,30.0,10595.533333333333,SKA3WT-CENPB-SET5\Particle_Channel\SKA3WT-CENPB-SET5_Z10_C1_T0.tif,4579.157215451724,2994.62,15371.566666666668,SKA3WT-CENPB-SET5\Mask_Channel\SKA3WT-CENPB-SET5_Z10_C0_T0.tif,14721.461398459323,11641.03,1.044160375835743,2.3138610086546474,0.45126322278227554,WildType,SKA_WildT_cell_4,SKA3WT-CENPB-SET5
56,183,10_17,35.0,7639.428571428572,SKA3WT-CENPB-SET5\Particle_Channel\SKA3WT-CENPB-SET5_Z10_C1_T0.tif,4579.157215451724,2994.62,17189.942857142858,SKA3WT-CENPB-SET5\Mask_Channel\SKA3WT-CENPB-SET5_Z10_C0_T0.tif,14721.461398459323,11641.03,1.1676791041235808,1.6683044962182976,0.6999196530192592,WildType,SKA_WildT_cell_4,SKA3WT-CENPB-SET5
57,184,10_18,5.0,7886.2,SKA3WT-CENPB-SET5\Particle_Channel\SKA3WT-CENPB-SET5_Z10_C1_T0.tif,4579.157215451724,2994.62,15414.6,SKA3WT-CENPB-SET5\Mask_Channel\SKA3WT-CENPB-SET5_Z10_C0_T0.tif,14721.461398459323,11641.03,1.047083545768983,1.7221946373426802,0.6079937325694016,WildType,SKA_WildT_cell_4,SKA3WT-CENPB-SET5
58,185,10_19,17.0,8662.941176470587,SKA3WT-CENPB-SET5\Particle_Channel\SKA3WT-CENPB-SET5_Z10_C1_T0.tif,4579.157215451724,2994.62,15810.588235294117,SKA3WT-CENPB-SET5\Mask_Channel\SKA3WT-CENPB-SET5_Z10_C0_T0.tif,14721.461398459323,11641.03,1.0739822499516778,1.8918199941331357,0.567697906398222,WildType,SKA_WildT_cell_4,SKA3WT-CENPB-SET5
59,186,10_20,43.0,13935.93023255814,SKA3WT-CENPB-SET5\Particle_Channel\SKA3WT-CENPB-SET5_Z10_C1_T0.tif,4579.157215451724,2994.62,16300.581395348838,SKA3WT-CENPB-SET5\Mask_Channel\SKA3WT-CENPB-SET5_Z10_C0_T0.tif,14721.461398459323,11641.03,1.107266524304087,3.0433395441268747,0.363832726598293,WildType,SKA_WildT_cell_4,SKA3WT-CENPB-SET5
60,187,11_1,5.0,5956.8,SKA3WT-CENPB-SET5\Particle_Channel\SKA3WT-CENPB-SET5_Z11_C1_T0.tif,4647.35985504963,2982.335,26117.0,SKA3WT-CENPB-SET5\Mask_Channel\SKA3WT-CENPB-SET5_Z11_C0_T0.tif,14797.296543178225,11620.205,1.764984564835279,1.2817600069268547,1.3770008077151688,WildType,SKA_WildT_cell_4,SKA3WT-CENPB-SET5
61,204,11_18,5.0,13895.2,SKA3WT-CENPB-SET5\Particle_Channel\SKA3WT-CENPB-SET5_Z11_C1_T0.tif,4647.35985504963,2982.335,13789.8,SKA3WT-CENPB-SET5\Mask_Channel\SKA3WT-CENPB-SET5_Z11_C0_T0.tif,14797.296543178225,11620.205,0.9319134721509182,2.9899126457577947,0.3116858525860793,WildType,SKA_WildT_cell_4,SKA3WT-CENPB-SET5
62,208,12_1,6.0,6425.666666666668,SKA3WT-CENPB-SET5\Particle_Channel\SKA3WT-CENPB-SET5_Z12_C1_T0.tif,4681.104169978275,2984.935,23314.66666666667,SKA3WT-CENPB-SET5\Mask_Channel\SKA3WT-CENPB-SET5_Z12_C0_T0.tif,14811.527248014272,11571.015,1.5740893073529865,1.3726818360242747,1.1467255310320505,WildType,SKA_WildT_cell_4,SKA3WT-CENPB-SET5
63,230,13_2,4.0,4965.25,SKA3WT-CENPB-SET5\Particle_Channel\SKA3WT-CENPB-SET5_Z13_C1_T0.tif,4556.324719001682,3053.3175,24662.5,SKA3WT-CENPB-SET5\Mask_Channel\SKA3WT-CENPB-SET5_Z13_C0_T0.tif,14817.140297872342,11527.4825,1.6644574799323049,1.0897489327950964,1.527377022212941,WildType,SKA_WildT_cell_4,SKA3WT-CENPB-SET5
64,234,13_6,5.0,5284.4,SKA3WT-CENPB-SET5\Particle_Channel\SKA3WT-CENPB-SET5_Z13_C1_T0.tif,4556.324719001682,3053.3175,13172.6,SKA3WT-CENPB-SET5\Mask_Channel\SKA3WT-CENPB-SET5_Z13_C0_T0.tif,14817.140297872342,11527.4825,0.8890109518563114,1.159794423334657,0.766524596057476,WildType,SKA_WildT_cell_4,SKA3WT-CENPB-SET5
65,236,13_8,5.0,5334.0,SKA3WT-CENPB-SET5\Particle_Channel\SKA3WT-CENPB-SET5_Z13_C1_T0.tif,4556.324719001682,3053.3175,13658.0,SKA3WT-CENPB-SET5\Mask_Channel\SKA3WT-CENPB-SET5_Z13_C0_T0.tif,14817.140297872342,11527.4825,0.9217703096164388,1.1706803902178227,0.7873799863043145,WildType,SKA_WildT_cell_4,SKA3WT-CENPB-SET5
66,262,14_1,5.0,5992.4,SKA3WT-CENPB-SET5\Particle_Channel\SKA3WT-CENPB-SET5_Z14_C1_T0.tif,4446.20776722868,3104.365,25308.6,SKA3WT-CENPB-SET5\Mask_Channel\SKA3WT-CENPB-SET5_Z14_C0_T0.tif,14838.447981497056,11328.9825,1.7056096453994918,1.3477552812911082,1.2655187993517414,WildType,SKA_WildT_cell_4,SKA3WT-CENPB-SET5
67,264,14_3,4.0,5488.0,SKA3WT-CENPB-SET5\Particle_Channel\SKA3WT-CENPB-SET5_Z14_C1_T0.tif,4446.20776722868,3104.365,24139.25,SKA3WT-CENPB-SET5\Mask_Channel\SKA3WT-CENPB-SET5_Z14_C0_T0.tif,14838.447981497056,11328.9825,1.6268042338457949,1.2343102903220085,1.317986446845057,WildType,SKA_WildT_cell_4,SKA3WT-CENPB-SET5
68,290,15_1,3.0,6094.333333333332,SKA3WT-CENPB-SET5\Particle_Channel\SKA3WT-CENPB-SET5_Z15_C1_T0.tif,4487.771326504261,3056.0975,25219.33333333333,SKA3WT-CENPB-SET5\Mask_Channel\SKA3WT-CENPB-SET5_Z15_C0_T0.tif,14878.183441281746,11323.115,1.6950546034644602,1.3579866017996283,1.2482115811880201,WildType,SKA_WildT_cell_4,SKA3WT-CENPB-SET5
69,291,15_2,13.0,5508.461538461538,SKA3WT-CENPB-SET5\Particle_Channel\SKA3WT-CENPB-SET5_Z15_C1_T0.tif,4487.771326504261,3056.0975,23156.769230769234,SKA3WT-CENPB-SET5\Mask_Channel\SKA3WT-CENPB-SET5_Z15_C0_T0.tif,14878.183441281746,11323.115,1.5564245004882324,1.2274381062887938,1.2680268703683493,WildType,SKA_WildT_cell_4,SKA3WT-CENPB-SET5
70,292,15_3,4.0,5656.5,SKA3WT-CENPB-SET5\Particle_Channel\SKA3WT-CENPB-SET5_Z15_C1_T0.tif,4487.771326504261,3056.0975,23068.75,SKA3WT-CENPB-SET5\Mask_Channel\SKA3WT-CENPB-SET5_Z15_C0_T0.tif,14878.183441281746,11323.115,1.550508507375457,1.2604251840091232,1.2301471971891622,WildType,SKA_WildT_cell_4,SKA3WT-CENPB-SET5
71,303,15_14,5.0,9459.0,SKA3WT-CENPB-SET5\Particle_Channel\SKA3WT-CENPB-SET5_Z15_C1_T0.tif,4487.771326504261,3056.0975,16733.2,SKA3WT-CENPB-SET5\Mask_Channel\SKA3WT-CENPB-SET5_Z15_C0_T0.tif,14878.183441281746,11323.115,1.124680312353942,2.107727714230053,0.533598483694458,WildType,SKA_WildT_cell_4,SKA3WT-CENPB-SET5
72,310,15_21,5.0,5584.8,SKA3WT-CENPB-SET5\Particle_Channel\SKA3WT-CENPB-SET5_Z15_C1_T0.tif,4487.771326504261,3056.0975,14962.6,SKA3WT-CENPB-SET5\Mask_Channel\SKA3WT-CENPB-SET5_Z15_C0_T0.tif,14878.183441281746,11323.115,1.0056738484944356,1.244448434129612,0.8081281802550707,WildType,SKA_WildT_cell_4,SKA3WT-CENPB-SET5
73,312,16_1,5.0,4872.6,SKA3WT-CENPB-SET5\Particle_Channel\SKA3WT-CENPB-SET5_Z16_C1_T0.tif,4660.022213626568,3025.6425,20229.8,SKA3WT-CENPB-SET5\Mask_Channel\SKA3WT-CENPB-SET5_Z16_C0_T0.tif,14769.339210537286,11455.2775,1.3697159846912386,1.0456173332718939,1.3099591419407626,WildType,SKA_WildT_cell_4,SKA3WT-CENPB-SET5
74,313,16_2,14.0,5391.285714285715,SKA3WT-CENPB-SET5\Particle_Channel\SKA3WT-CENPB-SET5_Z16_C1_T0.tif,4660.022213626568,3025.6425,18323.714285714286,SKA3WT-CENPB-SET5\Mask_Channel\SKA3WT-CENPB-SET5_Z16_C0_T0.tif,14769.339210537286,11455.2775,1.2406590453715836,1.1569227499647594,1.0723784672826036,WildType,SKA_WildT_cell_4,SKA3WT-CENPB-SET5
75,333,17_1,4.0,6080.5,SKA3WT-CENPB-SET5\Particle_Channel\SKA3WT-CENPB-SET5_Z17_C1_T0.tif,4672.982137904255,2972.1175,24838.75,SKA3WT-CENPB-SET5\Mask_Channel\SKA3WT-CENPB-SET5_Z17_C0_T0.tif,14763.991339999166,11464.99,1.6823871965236064,1.3012033473611757,1.2929471784217792,WildType,SKA_WildT_cell_4,SKA3WT-CENPB-SET5
76,382,19_1,7.0,5319.428571428572,SKA3WT-CENPB-SET5\Particle_Channel\SKA3WT-CENPB-SET5_Z19_C1_T0.tif,4691.392781197538,2886.915,22966.0,SKA3WT-CENPB-SET5\Mask_Channel\SKA3WT-CENPB-SET5_Z19_C0_T0.tif,14842.315754366951,11415.565,1.5473326656079847,1.1338697950741015,1.364647574465869,WildType,SKA_WildT_cell_4,SKA3WT-CENPB-SET5
77,433,21_1,3.0,5391.666666666667,SKA3WT-CENPB-SET5\Particle_Channel\SKA3WT-CENPB-SET5_Z21_C1_T0.tif,4658.734318327288,2951.7425,26644.0,SKA3WT-CENPB-SET5\Mask_Channel\SKA3WT-CENPB-SET5_Z21_C0_T0.tif,14954.533484536085,11496.1025,1.781667079588377,1.1573243499754966,1.539470831686985,WildType,SKA_WildT_cell_4,SKA3WT-CENPB-SET5
78,439,21_7,32.0,7070.03125,SKA3WT-CENPB-SET5\Particle_Channel\SKA3WT-CENPB-SET5_Z21_C1_T0.tif,4658.734318327288,2951.7425,20492.84375,SKA3WT-CENPB-SET5\Mask_Channel\SKA3WT-CENPB-SET5_Z21_C0_T0.tif,14954.533484536085,11496.1025,1.3703432321169278,1.5175862727751526,0.9029755057094928,WildType,SKA_WildT_cell_4,SKA3WT-CENPB-SET5
79,441,21_9,56.0,9118.875,SKA3WT-CENPB-SET5\Particle_Channel\SKA3WT-CENPB-SET5_Z21_C1_T0.tif,4658.734318327288,2951.7425,16945.428571428572,SKA3WT-CENPB-SET5\Mask_Channel\SKA3WT-CENPB-SET5_Z21_C0_T0.tif,14954.533484536085,11496.1025,1.1331298692099754,1.9573717617093305,0.5789037582827073,WildType,SKA_WildT_cell_4,SKA3WT-CENPB-SET5
80,442,21_10,46.0,10337.782608695652,SKA3WT-CENPB-SET5\Particle_Channel\SKA3WT-CENPB-SET5_Z21_C1_T0.tif,4658.734318327288,2951.7425,20718.0,SKA3WT-CENPB-SET5\Mask_Channel\SKA3WT-CENPB-SET5_Z21_C0_T0.tif,14954.533484536085,11496.1025,1.385399285201621,2.219010980735089,0.6243318745284809,WildType,SKA_WildT_cell_4,SKA3WT-CENPB-SET5
81,443,21_11,34.0,9561.617647058825,SKA3WT-CENPB-SET5\Particle_Channel\SKA3WT-CENPB-SET5_Z21_C1_T0.tif,4658.734318327288,2951.7425,20254.970588235294,SKA3WT-CENPB-SET5\Mask_Channel\SKA3WT-CENPB-SET5_Z21_C0_T0.tif,14954.533484536085,11496.1025,1.354436807352111,2.0524067254584097,0.6599261201746425,WildType,SKA_WildT_cell_4,SKA3WT-CENPB-SET5
82,444,21_12,38.0,7841.473684210528,SKA3WT-CENPB-SET5\Particle_Channel\SKA3WT-CENPB-SET5_Z21_C1_T0.tif,4658.734318327288,2951.7425,18855.947368421053,SKA3WT-CENPB-SET5\Mask_Channel\SKA3WT-CENPB-SET5_Z21_C0_T0.tif,14954.533484536085,11496.1025,1.26088502780239,1.6831768348245275,0.7491102549149794,WildType,SKA_WildT_cell_4,SKA3WT-CENPB-SET5
83,445,21_13,32.0,11714.625,SKA3WT-CENPB-SET5\Particle_Channel\SKA3WT-CENPB-SET5_Z21_C1_T0.tif,4658.734318327288,2951.7425,17429.15625,SKA3WT-CENPB-SET5\Mask_Channel\SKA3WT-CENPB-SET5_Z21_C0_T0.tif,14954.533484536085,11496.1025,1.1654764267987918,2.514550991653484,0.46349285843370935,WildType,SKA_WildT_cell_4,SKA3WT-CENPB-SET5
84,446,21_14,52.0,9325.096153846154,SKA3WT-CENPB-SET5\Particle_Channel\SKA3WT-CENPB-SET5_Z21_C1_T0.tif,4658.734318327288,2951.7425,19089.21153846154,SKA3WT-CENPB-SET5\Mask_Channel\SKA3WT-CENPB-SET5_Z21_C0_T0.tif,14954.533484536085,11496.1025,1.2764832522660081,2.0016372509506652,0.6377195726447189,WildType,SKA_WildT_cell_4,SKA3WT-CENPB-SET5
85,447,21_15,35.0,8263.542857142857,SKA3WT-CENPB-SET5\Particle_Channel\SKA3WT-CENPB-SET5_Z21_C1_T0.tif,4658.734318327288,2951.7425,17065.2,SKA3WT-CENPB-SET5\Mask_Channel\SKA3WT-CENPB-SET5_Z21_C0_T0.tif,14954.533484536085,11496.1025,1.1411389073184046,1.7737742254659996,0.6433394345994675,WildType,SKA_WildT_cell_4,SKA3WT-CENPB-SET5
86,448,21_16,38.0,11767.026315789473,SKA3WT-CENPB-SET5\Particle_Channel\SKA3WT-CENPB-SET5_Z21_C1_T0.tif,4658.734318327288,2951.7425,18881.0,SKA3WT-CENPB-SET5\Mask_Channel\SKA3WT-CENPB-SET5_Z21_C0_T0.tif,14954.533484536085,11496.1025,1.262560281102993,2.525798964216188,0.4998657054619522,WildType,SKA_WildT_cell_4,SKA3WT-CENPB-SET5
88,450,21_18,35.0,9683.114285714286,SKA3WT-CENPB-SET5\Particle_Channel\SKA3WT-CENPB-SET5_Z21_C1_T0.tif,4658.734318327288,2951.7425,17441.85714285714,SKA3WT-CENPB-SET5\Mask_Channel\SKA3WT-CENPB-SET5_Z21_C0_T0.tif,14954.533484536085,11496.1025,1.1663257273049075,2.0784860488011248,0.561141956174133,WildType,SKA_WildT_cell_4,SKA3WT-CENPB-SET5
89,451,21_19,5.0,7439.4,SKA3WT-CENPB-SET5\Particle_Channel\SKA3WT-CENPB-SET5_Z21_C1_T0.tif,4658.734318327288,2951.7425,18837.8,SKA3WT-CENPB-SET5\Mask_Channel\SKA3WT-CENPB-SET5_Z21_C0_T0.tif,14954.533484536085,11496.1025,1.2596715249913648,1.5968714873337326,0.7888371324699495,WildType,SKA_WildT_cell_4,SKA3WT-CENPB-SET5
90,452,21_20,33.0,10243.878787878788,SKA3WT-CENPB-SET5\Particle_Channel\SKA3WT-CENPB-SET5_Z21_C1_T0.tif,4658.734318327288,2951.7425,18851.90909090909,SKA3WT-CENPB-SET5\Mask_Channel\SKA3WT-CENPB-SET5_Z21_C0_T0.tif,14954.533484536085,11496.1025,1.2606149907921322,2.1988544716061074,0.5733053310578313,WildType,SKA_WildT_cell_4,SKA3WT-CENPB-SET5
91,459,22_7,52.0,7130.5576923076915,SKA3WT-CENPB-SET5\Particle_Channel\SKA3WT-CENPB-SET5_Z22_C1_T0.tif,4548.208958596999,2936.0125,18850.30769230769,SKA3WT-CENPB-SET5\Mask_Channel\SKA3WT-CENPB-SET5_Z22_C0_T0.tif,14847.846036155735,11546.4675,1.269565137354309,1.5677726677068238,0.8097890488238312,WildType,SKA_WildT_cell_4,SKA3WT-CENPB-SET5
92,460,22_8,67.0,8791.298507462687,SKA3WT-CENPB-SET5\Particle_Channel\SKA3WT-CENPB-SET5_Z22_C1_T0.tif,4548.208958596999,2936.0125,16689.641791044774,SKA3WT-CENPB-SET5\Mask_Channel\SKA3WT-CENPB-SET5_Z22_C0_T0.tif,14847.846036155735,11546.4675,1.1240446425969204,1.9329143817909737,0.58152841801271,WildType,SKA_WildT_cell_4,SKA3WT-CENPB-SET5
93,468,22_16,5.0,8511.2,SKA3WT-CENPB-SET5\Particle_Channel\SKA3WT-CENPB-SET5_Z22_C1_T0.tif,4548.208958596999,2936.0125,18633.4,SKA3WT-CENPB-SET5\Mask_Channel\SKA3WT-CENPB-SET5_Z22_C0_T0.tif,14847.846036155735,11546.4675,1.2549564397843382,1.8713300284746546,0.6706227232442102,WildType,SKA_WildT_cell_4,SKA3WT-CENPB-SET5
94,480,23_4,41.0,12831.170731707316,SKA3WT-CENPB-SET5\Particle_Channel\SKA3WT-CENPB-SET5_Z23_C1_T0.tif,4769.029732739421,2961.475,18991.48780487805,SKA3WT-CENPB-SET5\Mask_Channel\SKA3WT-CENPB-SET5_Z23_C0_T0.tif,14794.739190907643,11435.235,1.2836649270944627,2.6905201793189173,0.4771065970668214,WildType,SKA_WildT_cell_4,SKA3WT-CENPB-SET5
95,483,23_7,69.0,8135.391304347826,SKA3WT-CENPB-SET5\Particle_Channel\SKA3WT-CENPB-SET5_Z23_C1_T0.tif,4769.029732739421,2961.475,18091.05797101449,SKA3WT-CENPB-SET5\Mask_Channel\SKA3WT-CENPB-SET5_Z23_C0_T0.tif,14794.739190907643,11435.235,1.2228034396262053,1.7058797617675374,0.7168168982550122,WildType,SKA_WildT_cell_4,SKA3WT-CENPB-SET5
96,484,23_8,33.0,11819.818181818182,SKA3WT-CENPB-SET5\Particle_Channel\SKA3WT-CENPB-SET5_Z23_C1_T0.tif,4769.029732739421,2961.475,18603.36363636364,SKA3WT-CENPB-SET5\Mask_Channel\SKA3WT-CENPB-SET5_Z23_C0_T0.tif,14794.739190907643,11435.235,1.2574309959986758,2.4784534473909967,0.507345012803182,WildType,SKA_WildT_cell_4,SKA3WT-CENPB-SET5
97,488,23_12,26.0,9991.846153846154,SKA3WT-CENPB-SET5\Particle_Channel\SKA3WT-CENPB-SET5_Z23_C1_T0.tif,4769.029732739421,2961.475,20576.19230769231,SKA3WT-CENPB-SET5\Mask_Channel\SKA3WT-CENPB-SET5_Z23_C0_T0.tif,14794.739190907643,11435.235,1.3907776299522572,2.095152832713972,0.663807245102355,WildType,SKA_WildT_cell_4,SKA3WT-CENPB-SET5
98,489,23_13,10.0,8647.0,SKA3WT-CENPB-SET5\Particle_Channel\SKA3WT-CENPB-SET5_Z23_C1_T0.tif,4769.029732739421,2961.475,18109.8,SKA3WT-CENPB-SET5\Mask_Channel\SKA3WT-CENPB-SET5_Z23_C0_T0.tif,14794.739190907643,11435.235,1.224070243234141,1.813157074831865,0.6751043581525609,WildType,SKA_WildT_cell_4,SKA3WT-CENPB-SET5
99,490,23_14,9.0,7213.555555555556,SKA3WT-CENPB-SET5\Particle_Channel\SKA3WT-CENPB-SET5_Z23_C1_T0.tif,4769.029732739421,2961.475,19844.11111111111,SKA3WT-CENPB-SET5\Mask_Channel\SKA3WT-CENPB-SET5_Z23_C0_T0.tif,14794.739190907643,11435.235,1.341295095171846,1.5125834729094785,0.886757735486719,WildType,SKA_WildT_cell_4,SKA3WT-CENPB-SET5
100,491,23_15,11.0,7067.454545454545,SKA3WT-CENPB-SET5\Particle_Channel\SKA3WT-CENPB-SET5_Z23_C1_T0.tif,4769.029732739421,2961.475,16656.090909090908,SKA3WT-CENPB-SET5\Mask_Channel\SKA3WT-CENPB-SET5_Z23_C0_T0.tif,14794.739190907643,11435.235,1.1258117290318432,1.4819480987791755,0.7596836420649843,WildType,SKA_WildT_cell_4,SKA3WT-CENPB-SET5
101,492,23_16,45.0,13448.933333333332,SKA3WT-CENPB-SET5\Particle_Channel\SKA3WT-CENPB-SET5_Z23_C1_T0.tif,4769.029732739421,2961.475,19705.0,SKA3WT-CENPB-SET5\Mask_Channel\SKA3WT-CENPB-SET5_Z23_C0_T0.tif,14794.739190907643,11435.235,1.3318923534731886,2.820056507722381,0.4722927891075812,WildType,SKA_WildT_cell_4,SKA3WT-CENPB-SET5
102,493,23_17,30.0,9647.866666666667,SKA3WT-CENPB-SET5\Particle_Channel\SKA3WT-CENPB-SET5_Z23_C1_T0.tif,4769.029732739421,2961.475,20185.166666666668,SKA3WT-CENPB-SET5\Mask_Channel\SKA3WT-CENPB-SET5_Z23_C0_T0.tif,14794.739190907643,11435.235,1.3643475837054162,2.0230250611427305,0.6744096303655022,WildType,SKA_WildT_cell_4,SKA3WT-CENPB-SET5
103,494,23_18,5.0,8423.4,SKA3WT-CENPB-SET5\Particle_Channel\SKA3WT-CENPB-SET5_Z23_C1_T0.tif,4769.029732739421,2961.475,17588.4,SKA3WT-CENPB-SET5\Mask_Channel\SKA3WT-CENPB-SET5_Z23_C0_T0.tif,14794.739190907643,11435.235,1.1888279862891566,1.766271227493782,0.6730721577659521,WildType,SKA_WildT_cell_4,SKA3WT-CENPB-SET5
104,495,23_19,5.0,10564.4,SKA3WT-CENPB-SET5\Particle_Channel\SKA3WT-CENPB-SET5_Z23_C1_T0.tif,4769.029732739421,2961.475,18897.2,SKA3WT-CENPB-SET5\Mask_Channel\SKA3WT-CENPB-SET5_Z23_C0_T0.tif,14794.739190907643,11435.235,1.2772918640981243,2.2152095063436748,0.5766009311716818,WildType,SKA_WildT_cell_4,SKA3WT-CENPB-SET5
105,499,24_3,5.0,8257.6,SKA3WT-CENPB-SET5\Particle_Channel\SKA3WT-CENPB-SET5_Z24_C1_T0.tif,4689.227493233928,2967.2325,16101.8,SKA3WT-CENPB-SET5\Mask_Channel\SKA3WT-CENPB-SET5_Z24_C0_T0.tif,14801.911525909416,11252.87,1.0878189598563162,1.7609723588618522,0.6177376688407494,WildType,SKA_WildT_cell_4,SKA3WT-CENPB-SET5
106,500,24_4,43.0,11348.883720930233,SKA3WT-CENPB-SET5\Particle_Channel\SKA3WT-CENPB-SET5_Z24_C1_T0.tif,4689.227493233928,2967.2325,19275.325581395347,SKA3WT-CENPB-SET5\Mask_Channel\SKA3WT-CENPB-SET5_Z24_C0_T0.tif,14801.911525909416,11252.87,1.3022186727474774,2.420203271712772,0.5380616942253368,WildType,SKA_WildT_cell_4,SKA3WT-CENPB-SET5
107,501,24_5,5.0,7348.6,SKA3WT-CENPB-SET5\Particle_Channel\SKA3WT-CENPB-SET5_Z24_C1_T0.tif,4689.227493233928,2967.2325,19006.0,SKA3WT-CENPB-SET5\Mask_Channel\SKA3WT-CENPB-SET5_Z24_C0_T0.tif,14801.911525909416,11252.87,1.2840233483852208,1.5671237982382542,0.8193502962744282,WildType,SKA_WildT_cell_4,SKA3WT-CENPB-SET5
108,504,24_8,5.0,9111.0,SKA3WT-CENPB-SET5\Particle_Channel\SKA3WT-CENPB-SET5_Z24_C1_T0.tif,4689.227493233928,2967.2325,18687.0,SKA3WT-CENPB-SET5\Mask_Channel\SKA3WT-CENPB-SET5_Z24_C0_T0.tif,14801.911525909416,11252.87,1.2624720778319805,1.9429639558213447,0.649766082406968,WildType,SKA_WildT_cell_4,SKA3WT-CENPB-SET5
109,505,24_9,41.0,11534.292682926829,SKA3WT-CENPB-SET5\Particle_Channel\SKA3WT-CENPB-SET5_Z24_C1_T0.tif,4689.227493233928,2967.2325,19215.682926829268,SKA3WT-CENPB-SET5\Mask_Channel\SKA3WT-CENPB-SET5_Z24_C0_T0.tif,14801.911525909416,11252.87,1.2981892840795557,2.459742612097542,0.5277744418032937,WildType,SKA_WildT_cell_4,SKA3WT-CENPB-SET5
110,506,24_10,24.0,8769.666666666666,SKA3WT-CENPB-SET5\Particle_Channel\SKA3WT-CENPB-SET5_Z24_C1_T0.tif,4689.227493233928,2967.2325,20053.70833333333,SKA3WT-CENPB-SET5\Mask_Channel\SKA3WT-CENPB-SET5_Z24_C0_T0.tif,14801.911525909416,11252.87,1.354805309991964,1.8701730038306719,0.7244277974374128,WildType,SKA_WildT_cell_4,SKA3WT-CENPB-SET5
111,507,24_11,36.0,9174.944444444445,SKA3WT-CENPB-SET5\Particle_Channel\SKA3WT-CENPB-SET5_Z24_C1_T0.tif,4689.227493233928,2967.2325,19440.83333333333,SKA3WT-CENPB-SET5\Mask_Channel\SKA3WT-CENPB-SET5_Z24_C0_T0.tif,14801.911525909416,11252.87,1.3134001847872079,1.9566004118339204,0.6712664358258816,WildType,SKA_WildT_cell_4,SKA3WT-CENPB-SET5
112,508,24_12,36.0,10877.833333333334,SKA3WT-CENPB-SET5\Particle_Channel\SKA3WT-CENPB-SET5_Z24_C1_T0.tif,4689.227493233928,2967.2325,18851.33333333333,SKA3WT-CENPB-SET5\Mask_Channel\SKA3WT-CENPB-SET5_Z24_C0_T0.tif,14801.911525909416,11252.87,1.273574247510922,2.3197495427613455,0.54901368619084,WildType,SKA_WildT_cell_4,SKA3WT-CENPB-SET5
113,509,24_13,15.0,11472.0,SKA3WT-CENPB-SET5\Particle_Channel\SKA3WT-CENPB-SET5_Z24_C1_T0.tif,4689.227493233928,2967.2325,19449.533333333333,SKA3WT-CENPB-SET5\Mask_Channel\SKA3WT-CENPB-SET5_Z24_C0_T0.tif,14801.911525909416,11252.87,1.3139879467113873,2.4464584020615154,0.5370980130314709,WildType,SKA_WildT_cell_4,SKA3WT-CENPB-SET5
114,510,24_14,24.0,9323.208333333334,SKA3WT-CENPB-SET5\Particle_Channel\SKA3WT-CENPB-SET5_Z24_C1_T0.tif,4689.227493233928,2967.2325,19295.70833333333,SKA3WT-CENPB-SET5\Mask_Channel\SKA3WT-CENPB-SET5_Z24_C0_T0.tif,14801.911525909416,11252.87,1.3035957078623206,1.988218389230585,0.655660220689738,WildType,SKA_WildT_cell_4,SKA3WT-CENPB-SET5
115,511,24_15,38.0,8936.710526315792,SKA3WT-CENPB-SET5\Particle_Channel\SKA3WT-CENPB-SET5_Z24_C1_T0.tif,4689.227493233928,2967.2325,18043.921052631584,SKA3WT-CENPB-SET5\Mask_Channel\SKA3WT-CENPB-SET5_Z24_C0_T0.tif,14801.911525909416,11252.87,1.2190264089234233,1.9057958990495865,0.6396416371403398,WildType,SKA_WildT_cell_4,SKA3WT-CENPB-SET5
116,565,28_3,5.0,6094.6,SKA3WT-CENPB-SET5\Particle_Channel\SKA3WT-CENPB-SET5_Z28_C1_T0.tif,4518.277016471008,2788.1375,19188.0,SKA3WT-CENPB-SET5\Mask_Channel\SKA3WT-CENPB-SET5_Z28_C0_T0.tif,14838.14194847021,11050.0575,1.2931538238841458,1.3488770116977413,0.9586892004753936,WildType,SKA_WildT_cell_4,SKA3WT-CENPB-SET5
117,587,29_7,34.0,9517.529411764706,SKA3WT-CENPB-SET5\Particle_Channel\SKA3WT-CENPB-SET5_Z29_C1_T0.tif,4474.089493670886,2855.1825,20565.147058823528,SKA3WT-CENPB-SET5\Mask_Channel\SKA3WT-CENPB-SET5_Z29_C0_T0.tif,14777.596708470151,11072.3325,1.3916435442466837,2.1272550370814765,0.6541968499254197,WildType,SKA_WildT_cell_4,SKA3WT-CENPB-SET5
118,615,30_16,30.0,10276.4,SKA3WT-CENPB-SET5\Particle_Channel\SKA3WT-CENPB-SET5_Z30_C1_T0.tif,4440.637738413831,2818.56,17499.4,SKA3WT-CENPB-SET5\Mask_Channel\SKA3WT-CENPB-SET5_Z30_C0_T0.tif,14657.139859867651,11134.535,1.193916423484139,2.3141721089076426,0.5159151382425496,WildType,SKA_WildT_cell_4,SKA3WT-CENPB-SET5
119,659,32_5,24.0,8355.083333333334,SKA3WT-CENPB-SET5\Particle_Channel\SKA3WT-CENPB-SET5_Z32_C1_T0.tif,4662.360754477731,2784.2725,18994.916666666668,SKA3WT-CENPB-SET5\Mask_Channel\SKA3WT-CENPB-SET5_Z32_C0_T0.tif,14560.253783557686,11228.2625,1.3045731859507057,1.7920284965742115,0.7279868531357815,WildType,SKA_WildT_cell_4,SKA3WT-CENPB-SET5
120,663,32_9,13.0,6803.384615384615,SKA3WT-CENPB-SET5\Particle_Channel\SKA3WT-CENPB-SET5_Z32_C1_T0.tif,4662.360754477731,2784.2725,15921.076923076924,SKA3WT-CENPB-SET5\Mask_Channel\SKA3WT-CENPB-SET5_Z32_C0_T0.tif,14560.253783557686,11228.2625,1.0934614986626099,1.4592145425148935,0.7493493703661122,WildType,SKA_WildT_cell_4,SKA3WT-CENPB-SET5
121,667,32_13,33.0,10131.181818181818,SKA3WT-CENPB-SET5\Particle_Channel\SKA3WT-CENPB-SET5_Z32_C1_T0.tif,4662.360754477731,2784.2725,17890.60606060606,SKA3WT-CENPB-SET5\Mask_Channel\SKA3WT-CENPB-SET5_Z32_C0_T0.tif,14560.253783557686,11228.2625,1.2287289992712358,2.172972524370156,0.5654599795859764,WildType,SKA_WildT_cell_4,SKA3WT-CENPB-SET5
122,668,32_14,5.0,7404.2,SKA3WT-CENPB-SET5\Particle_Channel\SKA3WT-CENPB-SET5_Z32_C1_T0.tif,4662.360754477731,2784.2725,17439.8,SKA3WT-CENPB-SET5\Mask_Channel\SKA3WT-CENPB-SET5_Z32_C0_T0.tif,14560.253783557686,11228.2625,1.1977675842226094,1.5880795995653076,0.7542238969321593,WildType,SKA_WildT_cell_4,SKA3WT-CENPB-SET5
123,669,32_15,45.0,11382.2,SKA3WT-CENPB-SET5\Particle_Channel\SKA3WT-CENPB-SET5_Z32_C1_T0.tif,4662.360754477731,2784.2725,19285.822222222218,SKA3WT-CENPB-SET5\Mask_Channel\SKA3WT-CENPB-SET5_Z32_C0_T0.tif,14560.253783557686,11228.2625,1.3245526148727522,2.4412954293741724,0.5425613790676297,WildType,SKA_WildT_cell_4,SKA3WT-CENPB-SET5
124,670,32_16,5.0,6861.0,SKA3WT-CENPB-SET5\Particle_Channel\SKA3WT-CENPB-SET5_Z32_C1_T0.tif,4662.360754477731,2784.2725,15364.0,SKA3WT-CENPB-SET5\Mask_Channel\SKA3WT-CENPB-SET5_Z32_C0_T0.tif,14560.253783557686,11228.2625,1.055201387859733,1.4715720986220762,0.7170572130633512,WildType,SKA_WildT_cell_4,SKA3WT-CENPB-SET5
125,671,32_17,8.0,10945.25,SKA3WT-CENPB-SET5\Particle_Channel\SKA3WT-CENPB-SET5_Z32_C1_T0.tif,4662.360754477731,2784.2725,18149.0,SKA3WT-CENPB-SET5\Mask_Channel\SKA3WT-CENPB-SET5_Z32_C0_T0.tif,14560.253783557686,11228.2625,1.2464755264427425,2.347576812774126,0.5309626162859333,WildType,SKA_WildT_cell_4,SKA3WT-CENPB-SET5
126,672,32_18,25.0,8474.36,SKA3WT-CENPB-SET5\Particle_Channel\SKA3WT-CENPB-SET5_Z32_C1_T0.tif,4662.360754477731,2784.2725,18479.88,SKA3WT-CENPB-SET5\Mask_Channel\SKA3WT-CENPB-SET5_Z32_C0_T0.tif,14560.253783557686,11228.2625,1.2692004050690788,1.8176113875060453,0.6982792987507389,WildType,SKA_WildT_cell_4,SKA3WT-CENPB-SET5
127,673,32_19,26.0,11013.346153846154,SKA3WT-CENPB-SET5\Particle_Channel\SKA3WT-CENPB-SET5_Z32_C1_T0.tif,4662.360754477731,2784.2725,19432.57692307692,SKA3WT-CENPB-SET5\Mask_Channel\SKA3WT-CENPB-SET5_Z32_C0_T0.tif,14560.253783557686,11228.2625,1.3346317455689785,2.36218232217851,0.5649994638593864,WildType,SKA_WildT_cell_4,SKA3WT-CENPB-SET5
128,674,32_20,37.0,8994.567567567568,SKA3WT-CENPB-SET5\Particle_Channel\SKA3WT-CENPB-SET5_Z32_C1_T0.tif,4662.360754477731,2784.2725,20125.297297297297,SKA3WT-CENPB-SET5\Mask_Channel\SKA3WT-CENPB-SET5_Z32_C0_T0.tif,14560.253783557686,11228.2625,1.3822078650870764,1.929187388369548,0.7164715431066802,WildType,SKA_WildT_cell_4,SKA3WT-CENPB-SET5
129,675,32_21,28.0,9112.357142857143,SKA3WT-CENPB-SET5\Particle_Channel\SKA3WT-CENPB-SET5_Z32_C1_T0.tif,4662.360754477731,2784.2725,18239.535714285714,SKA3WT-CENPB-SET5\Mask_Channel\SKA3WT-CENPB-SET5_Z32_C0_T0.tif,14560.253783557686,11228.2625,1.2526935303066553,1.9544513225634967,0.6409438372011219,WildType,SKA_WildT_cell_4,SKA3WT-CENPB-SET5
130,678,33_3,31.0,9204.516129032258,SKA3WT-CENPB-SET5\Particle_Channel\SKA3WT-CENPB-SET5_Z33_C1_T0.tif,4668.208721943221,2786.7275,19934.322580645163,SKA3WT-CENPB-SET5\Mask_Channel\SKA3WT-CENPB-SET5_Z33_C0_T0.tif,14548.004934588018,10971.3325,1.3702444197864632,1.9717447692014771,0.6949400557260709,WildType,SKA_WildT_cell_4,SKA3WT-CENPB-SET5
131,680,33_5,14.0,7922.285714285716,SKA3WT-CENPB-SET5\Particle_Channel\SKA3WT-CENPB-SET5_Z33_C1_T0.tif,4668.208721943221,2786.7275,18922.85714285714,SKA3WT-CENPB-SET5\Mask_Channel\SKA3WT-CENPB-SET5_Z33_C0_T0.tif,14548.004934588018,10971.3325,1.3007183615856406,1.6970718719251976,0.7664486007360876,WildType,SKA_WildT_cell_4,SKA3WT-CENPB-SET5
132,682,33_7,21.0,10354.333333333334,SKA3WT-CENPB-SET5\Particle_Channel\SKA3WT-CENPB-SET5_Z33_C1_T0.tif,4668.208721943221,2786.7275,18928.47619047619,SKA3WT-CENPB-SET5\Mask_Channel\SKA3WT-CENPB-SET5_Z33_C0_T0.tif,14548.004934588018,10971.3325,1.3011046033861016,2.218052780001484,0.5865976748241452,WildType,SKA_WildT_cell_4,SKA3WT-CENPB-SET5
133,683,33_8,59.0,9538.440677966102,SKA3WT-CENPB-SET5\Particle_Channel\SKA3WT-CENPB-SET5_Z33_C1_T0.tif,4668.208721943221,2786.7275,16923.525423728814,SKA3WT-CENPB-SET5\Mask_Channel\SKA3WT-CENPB-SET5_Z33_C0_T0.tif,14548.004934588018,10971.3325,1.163288402761878,2.0432763927478304,0.5693250344841841,WildType,SKA_WildT_cell_4,SKA3WT-CENPB-SET5
134,684,33_9,80.0,10761.5125,SKA3WT-CENPB-SET5\Particle_Channel\SKA3WT-CENPB-SET5_Z33_C1_T0.tif,4668.208721943221,2786.7275,19862.8125,SKA3WT-CENPB-SET5\Mask_Channel\SKA3WT-CENPB-SET5_Z33_C0_T0.tif,14548.004934588018,10971.3325,1.3653289636145214,2.3052766362855213,0.5922625259476312,WildType,SKA_WildT_cell_4,SKA3WT-CENPB-SET5
135,685,33_10,25.0,8768.56,SKA3WT-CENPB-SET5\Particle_Channel\SKA3WT-CENPB-SET5_Z33_C1_T0.tif,4668.208721943221,2786.7275,19104.44,SKA3WT-CENPB-SET5\Mask_Channel\SKA3WT-CENPB-SET5_Z33_C0_T0.tif,14548.004934588018,10971.3325,1.3131999944940227,1.8783564579670162,0.6991218247868277,WildType,SKA_WildT_cell_4,SKA3WT-CENPB-SET5
136,686,33_11,17.0,10059.29411764706,SKA3WT-CENPB-SET5\Particle_Channel\SKA3WT-CENPB-SET5_Z33_C1_T0.tif,4668.208721943221,2786.7275,18498.11764705882,SKA3WT-CENPB-SET5\Mask_Channel\SKA3WT-CENPB-SET5_Z33_C0_T0.tif,14548.004934588018,10971.3325,1.2715226404054465,2.154850975356498,0.5900745132479921,WildType,SKA_WildT_cell_4,SKA3WT-CENPB-SET5
137,687,33_12,40.0,11617.8,SKA3WT-CENPB-SET5\Particle_Channel\SKA3WT-CENPB-SET5_Z33_C1_T0.tif,4668.208721943221,2786.7275,19823.35,SKA3WT-CENPB-SET5\Mask_Channel\SKA3WT-CENPB-SET5_Z33_C0_T0.tif,14548.004934588018,10971.3325,1.3626163923597385,2.4887062023147704,0.5475199889373665,WildType,SKA_WildT_cell_4,SKA3WT-CENPB-SET5
138,688,33_13,31.0,9640.129032258064,SKA3WT-CENPB-SET5\Particle_Channel\SKA3WT-CENPB-SET5_Z33_C1_T0.tif,4668.208721943221,2786.7275,19228.967741935485,SKA3WT-CENPB-SET5\Mask_Channel\SKA3WT-CENPB-SET5_Z33_C0_T0.tif,14548.004934588018,10971.3325,1.3217597758864128,2.0650595563441727,0.6400589134709305,WildType,SKA_WildT_cell_4,SKA3WT-CENPB-SET5
139,689,33_14,19.0,11570.526315789473,SKA3WT-CENPB-SET5\Particle_Channel\SKA3WT-CENPB-SET5_Z33_C1_T0.tif,4668.208721943221,2786.7275,19940.68421052632,SKA3WT-CENPB-SET5\Mask_Channel\SKA3WT-CENPB-SET5_Z33_C0_T0.tif,14548.004934588018,10971.3325,1.3706817051675009,2.478579473407317,0.5530109967719603,WildType,SKA_WildT_cell_4,SKA3WT-CENPB-SET5
140,690,33_15,35.0,9382.4,SKA3WT-CENPB-SET5\Particle_Channel\SKA3WT-CENPB-SET5_Z33_C1_T0.tif,4668.208721943221,2786.7275,19633.82857142857,SKA3WT-CENPB-SET5\Mask_Channel\SKA3WT-CENPB-SET5_Z33_C0_T0.tif,14548.004934588018,10971.3325,1.3495890783449598,2.0098501499938113,0.671487413302487,WildType,SKA_WildT_cell_4,SKA3WT-CENPB-SET5
142,692,33_17,5.0,8480.4,SKA3WT-CENPB-SET5\Particle_Channel\SKA3WT-CENPB-SET5_Z33_C1_T0.tif,4668.208721943221,2786.7275,17669.6,SKA3WT-CENPB-SET5\Mask_Channel\SKA3WT-CENPB-SET5_Z33_C0_T0.tif,14548.004934588018,10971.3325,1.2145720378462588,1.8166282840219472,0.6685858898757436,WildType,SKA_WildT_cell_4,SKA3WT-CENPB-SET5
143,693,33_18,14.0,8862.5,SKA3WT-CENPB-SET5\Particle_Channel\SKA3WT-CENPB-SET5_Z33_C1_T0.tif,4668.208721943221,2786.7275,19280.071428571428,SKA3WT-CENPB-SET5\Mask_Channel\SKA3WT-CENPB-SET5_Z33_C0_T0.tif,14548.004934588018,10971.3325,1.325272538417476,1.8984798083987202,0.6980703890315705,WildType,SKA_WildT_cell_4,SKA3WT-CENPB-SET5
144,694,33_19,39.0,10483.179487179486,SKA3WT-CENPB-SET5\Particle_Channel\SKA3WT-CENPB-SET5_Z33_C1_T0.tif,4668.208721943221,2786.7275,20003.07692307692,SKA3WT-CENPB-SET5\Mask_Channel\SKA3WT-CENPB-SET5_Z33_C0_T0.tif,14548.004934588018,10971.3325,1.374970452169659,2.2456535497015406,0.6122807555744295,WildType,SKA_WildT_cell_4,SKA3WT-CENPB-SET5
145,695,33_20,5.0,7276.2,SKA3WT-CENPB-SET5\Particle_Channel\SKA3WT-CENPB-SET5_Z33_C1_T0.tif,4668.208721943221,2786.7275,16604.4,SKA3WT-CENPB-SET5\Mask_Channel\SKA3WT-CENPB-SET5_Z33_C0_T0.tif,14548.004934588018,10971.3325,1.1413523761270443,1.558670666501638,0.7322601243845535,WildType,SKA_WildT_cell_4,SKA3WT-CENPB-SET5
146,696,33_21,19.0,6617.157894736842,SKA3WT-CENPB-SET5\Particle_Channel\SKA3WT-CENPB-SET5_Z33_C1_T0.tif,4668.208721943221,2786.7275,19185.894736842107,SKA3WT-CENPB-SET5\Mask_Channel\SKA3WT-CENPB-SET5_Z33_C0_T0.tif,14548.004934588018,10971.3325,1.3187990259219298,1.4174940087045504,0.9303736155662357,WildType,SKA_WildT_cell_4,SKA3WT-CENPB-SET5
147,698,34_1,14.0,6990.071428571428,SKA3WT-CENPB-SET5\Particle_Channel\SKA3WT-CENPB-SET5_Z34_C1_T0.tif,4560.427739188886,2804.135,19185.85714285714,SKA3WT-CENPB-SET5\Mask_Channel\SKA3WT-CENPB-SET5_Z34_C0_T0.tif,14456.976373190186,11019.0775,1.3271002627102892,1.532766623732246,0.8658201725966836,WildType,SKA_WildT_cell_4,SKA3WT-CENPB-SET5
148,703,34_6,5.0,7574.4,SKA3WT-CENPB-SET5\Particle_Channel\SKA3WT-CENPB-SET5_Z34_C1_T0.tif,4560.427739188886,2804.135,19050.6,SKA3WT-CENPB-SET5\Mask_Channel\SKA3WT-CENPB-SET5_Z34_C0_T0.tif,14456.976373190186,11019.0775,1.3177444237460665,1.6608968353804408,0.7933933015437574,WildType,SKA_WildT_cell_4,SKA3WT-CENPB-SET5
149,704,34_7,5.0,10318.4,SKA3WT-CENPB-SET5\Particle_Channel\SKA3WT-CENPB-SET5_Z34_C1_T0.tif,4560.427739188886,2804.135,19233.4,SKA3WT-CENPB-SET5\Mask_Channel\SKA3WT-CENPB-SET5_Z34_C0_T0.tif,14456.976373190186,11019.0775,1.3303888381299065,2.2625947806017033,0.5879925338535915,WildType,SKA_WildT_cell_4,SKA3WT-CENPB-SET5
150,705,34_8,36.0,10345.861111111111,SKA3WT-CENPB-SET5\Particle_Channel\SKA3WT-CENPB-SET5_Z34_C1_T0.tif,4560.427739188886,2804.135,20100.88888888889,SKA3WT-CENPB-SET5\Mask_Channel\SKA3WT-CENPB-SET5_Z34_C0_T0.tif,14456.976373190186,11019.0775,1.3903937012835608,2.2686163892493156,0.6128818022617043,WildType,SKA_WildT_cell_4,SKA3WT-CENPB-SET5
151,706,34_9,37.0,11377.432432432432,SKA3WT-CENPB-SET5\Particle_Channel\SKA3WT-CENPB-SET5_Z34_C1_T0.tif,4560.427739188886,2804.135,17261.108108108107,SKA3WT-CENPB-SET5\Mask_Channel\SKA3WT-CENPB-SET5_Z34_C0_T0.tif,14456.976373190186,11019.0775,1.193963914897036,2.4948169520730112,0.47857776255085127,WildType,SKA_WildT_cell_4,SKA3WT-CENPB-SET5
152,707,34_10,17.0,9681.70588235294,SKA3WT-CENPB-SET5\Particle_Channel\SKA3WT-CENPB-SET5_Z34_C1_T0.tif,4560.427739188886,2804.135,19401.88235294117,SKA3WT-CENPB-SET5\Mask_Channel\SKA3WT-CENPB-SET5_Z34_C0_T0.tif,14456.976373190186,11019.0775,1.3420428900278962,2.1229819736327893,0.6321499224656292,WildType,SKA_WildT_cell_4,SKA3WT-CENPB-SET5
153,708,34_11,31.0,8738.225806451614,SKA3WT-CENPB-SET5\Particle_Channel\SKA3WT-CENPB-SET5_Z34_C1_T0.tif,4560.427739188886,2804.135,16540.41935483871,SKA3WT-CENPB-SET5\Mask_Channel\SKA3WT-CENPB-SET5_Z34_C0_T0.tif,14456.976373190186,11019.0775,1.1441133282552896,1.9160978544538427,0.5971058970688129,WildType,SKA_WildT_cell_4,SKA3WT-CENPB-SET5
154,709,34_12,18.0,10756.722222222224,SKA3WT-CENPB-SET5\Particle_Channel\SKA3WT-CENPB-SET5_Z34_C1_T0.tif,4560.427739188886,2804.135,20905.666666666668,SKA3WT-CENPB-SET5\Mask_Channel\SKA3WT-CENPB-SET5_Z34_C0_T0.tif,14456.976373190186,11019.0775,1.4460607894078936,2.3587090591935147,0.6130729789549916,WildType,SKA_WildT_cell_4,SKA3WT-CENPB-SET5
155,710,34_13,18.0,10661.555555555555,SKA3WT-CENPB-SET5\Particle_Channel\SKA3WT-CENPB-SET5_Z34_C1_T0.tif,4560.427739188886,2804.135,20732.0,SKA3WT-CENPB-SET5\Mask_Channel\SKA3WT-CENPB-SET5_Z34_C0_T0.tif,14456.976373190186,11019.0775,1.4340481346048655,2.337841133615201,0.6134070078522725,WildType,SKA_WildT_cell_4,SKA3WT-CENPB-SET5
156,711,34_14,25.0,9260.56,SKA3WT-CENPB-SET5\Particle_Channel\SKA3WT-CENPB-SET5_Z34_C1_T0.tif,4560.427739188886,2804.135,18469.16,SKA3WT-CENPB-SET5\Mask_Channel\SKA3WT-CENPB-SET5_Z34_C0_T0.tif,14456.976373190186,11019.0775,1.2775257787825003,2.0306340829439553,0.6291265322063244,WildType,SKA_WildT_cell_4,SKA3WT-CENPB-SET5
157,712,34_15,22.0,9439.136363636364,SKA3WT-CENPB-SET5\Particle_Channel\SKA3WT-CENPB-SET5_Z34_C1_T0.tif,4560.427739188886,2804.135,19038.045454545456,SKA3WT-CENPB-SET5\Mask_Channel\SKA3WT-CENPB-SET5_Z34_C0_T0.tif,14456.976373190186,11019.0775,1.3168760163328936,2.06979189309887,0.6362359523793869,WildType,SKA_WildT_cell_4,SKA3WT-CENPB-SET5
158,713,34_16,40.0,9615.95,SKA3WT-CENPB-SET5\Particle_Channel\SKA3WT-CENPB-SET5_Z34_C1_T0.tif,4560.427739188886,2804.135,20522.225,SKA3WT-CENPB-SET5\Mask_Channel\SKA3WT-CENPB-SET5_Z34_C0_T0.tif,14456.976373190186,11019.0775,1.4195378390503248,2.108563176512536,0.673225187114466,WildType,SKA_WildT_cell_4,SKA3WT-CENPB-SET5
159,714,34_17,17.0,9558.0,SKA3WT-CENPB-SET5\Particle_Channel\SKA3WT-CENPB-SET5_Z34_C1_T0.tif,4560.427739188886,2804.135,18364.470588235294,SKA3WT-CENPB-SET5\Mask_Channel\SKA3WT-CENPB-SET5_Z34_C0_T0.tif,14456.976373190186,11019.0775,1.2702843329184228,2.0958560351402427,0.6060933153900634,WildType,SKA_WildT_cell_4,SKA3WT-CENPB-SET5
160,715,34_18,24.0,9046.291666666666,SKA3WT-CENPB-SET5\Particle_Channel\SKA3WT-CENPB-SET5_Z34_C1_T0.tif,4560.427739188886,2804.135,18801.25,SKA3WT-CENPB-SET5\Mask_Channel\SKA3WT-CENPB-SET5_Z34_C0_T0.tif,14456.976373190186,11019.0775,1.300496695482333,1.983649820592406,0.6556080019677801,WildType,SKA_WildT_cell_4,SKA3WT-CENPB-SET5
161,717,35_1,24.0,6829.583333333332,SKA3WT-CENPB-SET5\Particle_Channel\SKA3WT-CENPB-SET5_Z35_C1_T0.tif,4570.122275751319,2797.6575,19743.70833333333,SKA3WT-CENPB-SET5\Mask_Channel\SKA3WT-CENPB-SET5_Z35_C0_T0.tif,14453.917139268453,10849.93,1.365976305460722,1.494398381761145,0.9140643633800795,WildType,SKA_WildT_cell_4,SKA3WT-CENPB-SET5
162,718,35_2,32.0,8569.0625,SKA3WT-CENPB-SET5\Particle_Channel\SKA3WT-CENPB-SET5_Z35_C1_T0.tif,4570.122275751319,2797.6575,19590.5,SKA3WT-CENPB-SET5\Mask_Channel\SKA3WT-CENPB-SET5_Z35_C0_T0.tif,14453.917139268453,10849.93,1.3553765260474935,1.8750182124156107,0.7228604592066037,WildType,SKA_WildT_cell_4,SKA3WT-CENPB-SET5
163,720,35_4,5.0,8537.6,SKA3WT-CENPB-SET5\Particle_Channel\SKA3WT-CENPB-SET5_Z35_C1_T0.tif,4570.122275751319,2797.6575,17867.8,SKA3WT-CENPB-SET5\Mask_Channel\SKA3WT-CENPB-SET5_Z35_C0_T0.tif,14453.917139268453,10849.93,1.2361908420975167,1.8681338233114204,0.6617249935051586,WildType,SKA_WildT_cell_4,SKA3WT-CENPB-SET5
164,721,35_5,5.0,9414.4,SKA3WT-CENPB-SET5\Particle_Channel\SKA3WT-CENPB-SET5_Z35_C1_T0.tif,4570.122275751319,2797.6575,18279.8,SKA3WT-CENPB-SET5\Mask_Channel\SKA3WT-CENPB-SET5_Z35_C0_T0.tif,14453.917139268453,10849.93,1.2646952257902029,2.059988646245202,0.6139331049689996,WildType,SKA_WildT_cell_4,SKA3WT-CENPB-SET5
165,722,35_6,32.0,10735.1875,SKA3WT-CENPB-SET5\Particle_Channel\SKA3WT-CENPB-SET5_Z35_C1_T0.tif,4570.122275751319,2797.6575,19396.34375,SKA3WT-CENPB-SET5\Mask_Channel\SKA3WT-CENPB-SET5_Z35_C0_T0.tif,14453.917139268453,10849.93,1.3419437487505685,2.348993495635772,0.5712845741138852,WildType,SKA_WildT_cell_4,SKA3WT-CENPB-SET5
166,723,35_7,33.0,8805.09090909091,SKA3WT-CENPB-SET5\Particle_Channel\SKA3WT-CENPB-SET5_Z35_C1_T0.tif,4570.122275751319,2797.6575,16417.21212121212,SKA3WT-CENPB-SET5\Mask_Channel\SKA3WT-CENPB-SET5_Z35_C0_T0.tif,14453.917139268453,10849.93,1.1358313433671057,1.9266641848534285,0.5895325985174289,WildType,SKA_WildT_cell_4,SKA3WT-CENPB-SET5
167,724,35_8,46.0,8852.630434782608,SKA3WT-CENPB-SET5\Particle_Channel\SKA3WT-CENPB-SET5_Z35_C1_T0.tif,4570.122275751319,2797.6575,18187.28260869565,SKA3WT-CENPB-SET5\Mask_Channel\SKA3WT-CENPB-SET5_Z35_C0_T0.tif,14453.917139268453,10849.93,1.2582943733145098,1.9370664285622978,0.6495876211371973,WildType,SKA_WildT_cell_4,SKA3WT-CENPB-SET5
168,725,35_9,16.0,8017.6875,SKA3WT-CENPB-SET5\Particle_Channel\SKA3WT-CENPB-SET5_Z35_C1_T0.tif,4570.122275751319,2797.6575,18677.0,SKA3WT-CENPB-SET5\Mask_Channel\SKA3WT-CENPB-SET5_Z35_C0_T0.tif,14453.917139268453,10849.93,1.2921756656026664,1.7543704558062199,0.7365466406061015,WildType,SKA_WildT_cell_4,SKA3WT-CENPB-SET5
169,726,35_10,28.0,9000.535714285714,SKA3WT-CENPB-SET5\Particle_Channel\SKA3WT-CENPB-SET5_Z35_C1_T0.tif,4570.122275751319,2797.6575,17935.64285714286,SKA3WT-CENPB-SET5\Mask_Channel\SKA3WT-CENPB-SET5_Z35_C0_T0.tif,14453.917139268453,10849.93,1.2408845771237502,1.9694299564022155,0.6300729676066352,WildType,SKA_WildT_cell_4,SKA3WT-CENPB-SET5
170,727,35_11,27.0,9045.481481481482,SKA3WT-CENPB-SET5\Particle_Channel\SKA3WT-CENPB-SET5_Z35_C1_T0.tif,4570.122275751319,2797.6575,19767.44444444444,SKA3WT-CENPB-SET5\Mask_Channel\SKA3WT-CENPB-SET5_Z35_C0_T0.tif,14453.917139268453,10849.93,1.3676184977385943,1.9792646532623512,0.6909730315672529,WildType,SKA_WildT_cell_4,SKA3WT-CENPB-SET5
171,728,35_12,23.0,9718.08695652174,SKA3WT-CENPB-SET5\Particle_Channel\SKA3WT-CENPB-SET5_Z35_C1_T0.tif,4570.122275751319,2797.6575,19052.95652173913,SKA3WT-CENPB-SET5\Mask_Channel\SKA3WT-CENPB-SET5_Z35_C0_T0.tif,14453.917139268453,10849.93,1.3181863669313552,2.1264391563624208,0.6199031667505136,WildType,SKA_WildT_cell_4,SKA3WT-CENPB-SET5
172,729,35_13,32.0,9703.15625,SKA3WT-CENPB-SET5\Particle_Channel\SKA3WT-CENPB-SET5_Z35_C1_T0.tif,4570.122275751319,2797.6575,19947.96875,SKA3WT-CENPB-SET5\Mask_Channel\SKA3WT-CENPB-SET5_Z35_C0_T0.tif,14453.917139268453,10849.93,1.3801081435429907,2.1231721307511013,0.6500217874726711,WildType,SKA_WildT_cell_4,SKA3WT-CENPB-SET5
173,730,35_14,5.0,7913.0,SKA3WT-CENPB-SET5\Particle_Channel\SKA3WT-CENPB-SET5_Z35_C1_T0.tif,4570.122275751319,2797.6575,16084.8,SKA3WT-CENPB-SET5\Mask_Channel\SKA3WT-CENPB-SET5_Z35_C0_T0.tif,14453.917139268453,10849.93,1.1128332786896058,1.7314635194742396,0.6427125181519958,WildType,SKA_WildT_cell_4,SKA3WT-CENPB-SET5
174,731,35_15,17.0,8792.470588235294,SKA3WT-CENPB-SET5\Particle_Channel\SKA3WT-CENPB-SET5_Z35_C1_T0.tif,4570.122275751319,2797.6575,18070.352941176472,SKA3WT-CENPB-SET5\Mask_Channel\SKA3WT-CENPB-SET5_Z35_C0_T0.tif,14453.917139268453,10849.93,1.2502045478095951,1.923902700566109,0.6498273262165088,WildType,SKA_WildT_cell_4,SKA3WT-CENPB-SET5
175,732,35_16,26.0,9037.576923076924,SKA3WT-CENPB-SET5\Particle_Channel\SKA3WT-CENPB-SET5_Z35_C1_T0.tif,4570.122275751319,2797.6575,18394.0,SKA3WT-CENPB-SET5\Mask_Channel\SKA3WT-CENPB-SET5_Z35_C0_T0.tif,14453.917139268453,10849.93,1.2725961981632727,1.9775350368697004,0.6435264986140036,WildType,SKA_WildT_cell_4,SKA3WT-CENPB-SET5
176,733,36_1,38.0,6486.5,SKA3WT-CENPB-SET5\Particle_Channel\SKA3WT-CENPB-SET5_Z36_C1_T0.tif,4476.52587567729,2764.9475,18801.21052631579,SKA3WT-CENPB-SET5\Mask_Channel\SKA3WT-CENPB-SET5_Z36_C0_T0.tif,14372.763941363157,10657.2175,1.3081137770730427,1.4490031287976426,0.9027680831569305,WildType,SKA_WildT_cell_4,SKA3WT-CENPB-SET5
177,734,36_2,13.0,7405.3076923076915,SKA3WT-CENPB-SET5\Particle_Channel\SKA3WT-CENPB-SET5_Z36_C1_T0.tif,4476.52587567729,2764.9475,18282.384615384617,SKA3WT-CENPB-SET5\Mask_Channel\SKA3WT-CENPB-SET5_Z36_C0_T0.tif,14372.763941363157,10657.2175,1.272015924701165,1.6542532977511901,0.7689366111165427,WildType,SKA_WildT_cell_4,SKA3WT-CENPB-SET5
178,735,36_3,71.0,8626.239436619719,SKA3WT-CENPB-SET5\Particle_Channel\SKA3WT-CENPB-SET5_Z36_C1_T0.tif,4476.52587567729,2764.9475,17978.169014084506,SKA3WT-CENPB-SET5\Mask_Channel\SKA3WT-CENPB-SET5_Z36_C0_T0.tif,14372.763941363157,10657.2175,1.2508498078330925,1.926994208497585,0.6491196508620228,WildType,SKA_WildT_cell_4,SKA3WT-CENPB-SET5
179,736,36_4,29.0,7459.758620689655,SKA3WT-CENPB-SET5\Particle_Channel\SKA3WT-CENPB-SET5_Z36_C1_T0.tif,4476.52587567729,2764.9475,18730.72413793104,SKA3WT-CENPB-SET5\Mask_Channel\SKA3WT-CENPB-SET5_Z36_C0_T0.tif,14372.763941363157,10657.2175,1.3032096132899098,1.666416955438911,0.7820429389154064,WildType,SKA_WildT_cell_4,SKA3WT-CENPB-SET5
180,737,36_5,29.0,10483.034482758621,SKA3WT-CENPB-SET5\Particle_Channel\SKA3WT-CENPB-SET5_Z36_C1_T0.tif,4476.52587567729,2764.9475,19636.068965517243,SKA3WT-CENPB-SET5\Mask_Channel\SKA3WT-CENPB-SET5_Z36_C0_T0.tif,14372.763941363157,10657.2175,1.366199921297455,2.341779043368661,0.5834025738534963,WildType,SKA_WildT_cell_4,SKA3WT-CENPB-SET5
181,739,36_7,24.0,7314.166666666668,SKA3WT-CENPB-SET5\Particle_Channel\SKA3WT-CENPB-SET5_Z36_C1_T0.tif,4476.52587567729,2764.9475,18569.791666666668,SKA3WT-CENPB-SET5\Mask_Channel\SKA3WT-CENPB-SET5_Z36_C0_T0.tif,14372.763941363157,10657.2175,1.2920125692195465,1.6338935303395399,0.7907568915772946,WildType,SKA_WildT_cell_4,SKA3WT-CENPB-SET5
182,740,36_8,5.0,7967.4,SKA3WT-CENPB-SET5\Particle_Channel\SKA3WT-CENPB-SET5_Z36_C1_T0.tif,4476.52587567729,2764.9475,16202.2,SKA3WT-CENPB-SET5\Mask_Channel\SKA3WT-CENPB-SET5_Z36_C0_T0.tif,14372.763941363157,10657.2175,1.1272849165338295,1.779817702672063,0.6333709990868291,WildType,SKA_WildT_cell_4,SKA3WT-CENPB-SET5
183,741,36_9,20.0,8964.35,SKA3WT-CENPB-SET5\Particle_Channel\SKA3WT-CENPB-SET5_Z36_C1_T0.tif,4476.52587567729,2764.9475,18435.65,SKA3WT-CENPB-SET5\Mask_Channel\SKA3WT-CENPB-SET5_Z36_C0_T0.tif,14372.763941363157,10657.2175,1.2826795232435653,2.002523887710961,0.6405314468981276,WildType,SKA_WildT_cell_4,SKA3WT-CENPB-SET5
184,742,36_10,33.0,9134.545454545454,SKA3WT-CENPB-SET5\Particle_Channel\SKA3WT-CENPB-SET5_Z36_C1_T0.tif,4476.52587567729,2764.9475,18137.454545454544,SKA3WT-CENPB-SET5\Mask_Channel\SKA3WT-CENPB-SET5_Z36_C0_T0.tif,14372.763941363157,10657.2175,1.2619322643473634,2.0405434277007086,0.6184295061876302,WildType,SKA_WildT_cell_4,SKA3WT-CENPB-SET5
185,743,36_11,23.0,8686.695652173914,SKA3WT-CENPB-SET5\Particle_Channel\SKA3WT-CENPB-SET5_Z36_C1_T0.tif,4476.52587567729,2764.9475,18883.60869565217,SKA3WT-CENPB-SET5\Mask_Channel\SKA3WT-CENPB-SET5_Z36_C0_T0.tif,14372.763941363157,10657.2175,1.313846715405053,1.9404993723753765,0.6770662923723421,WildType,SKA_WildT_cell_4,SKA3WT-CENPB-SET5
186,744,36_12,5.0,8778.4,SKA3WT-CENPB-SET5\Particle_Channel\SKA3WT-CENPB-SET5_Z36_C1_T0.tif,4476.52587567729,2764.9475,19027.4,SKA3WT-CENPB-SET5\Mask_Channel\SKA3WT-CENPB-SET5_Z36_C0_T0.tif,14372.763941363157,10657.2175,1.3238511449590666,1.9609849789311995,0.6750949952103196,WildType,SKA_WildT_cell_4,SKA3WT-CENPB-SET5
187,745,36_13,24.0,10301.458333333334,SKA3WT-CENPB-SET5\Particle_Channel\SKA3WT-CENPB-SET5_Z36_C1_T0.tif,4476.52587567729,2764.9475,18709.33333333333,SKA3WT-CENPB-SET5\Mask_Channel\SKA3WT-CENPB-SET5_Z36_C0_T0.tif,14372.763941363157,10657.2175,1.3017213258119424,2.3012171982083633,0.5656664337574964,WildType,SKA_WildT_cell_4,SKA3WT-CENPB-SET5
188,746,36_14,31.0,8744.967741935483,SKA3WT-CENPB-SET5\Particle_Channel\SKA3WT-CENPB-SET5_Z36_C1_T0.tif,4476.52587567729,2764.9475,18867.58064516129,SKA3WT-CENPB-SET5\Mask_Channel\SKA3WT-CENPB-SET5_Z36_C0_T0.tif,14372.763941363157,10657.2175,1.3127315471217453,1.9535166298156124,0.6719838096518538,WildType,SKA_WildT_cell_4,SKA3WT-CENPB-SET5
189,747,36_15,29.0,8460.689655172413,SKA3WT-CENPB-SET5\Particle_Channel\SKA3WT-CENPB-SET5_Z36_C1_T0.tif,4476.52587567729,2764.9475,18503.931034482757,SKA3WT-CENPB-SET5\Mask_Channel\SKA3WT-CENPB-SET5_Z36_C0_T0.tif,14372.763941363157,10657.2175,1.2874302472352293,1.8900124538858667,0.6811755364829856,WildType,SKA_WildT_cell_4,SKA3WT-CENPB-SET5
190,763,38_1,27.0,6848.555555555556,SKA3WT-CENPB-SET5\Particle_Channel\SKA3WT-CENPB-SET5_Z38_C1_T0.tif,4406.009103699413,2801.015,18826.55555555556,SKA3WT-CENPB-SET5\Mask_Channel\SKA3WT-CENPB-SET5_Z38_C0_T0.tif,14223.408813912009,10727.885,1.3236317539534674,1.5543670914808847,0.8515567276275838,WildType,SKA_WildT_cell_4,SKA3WT-CENPB-SET5
191,764,38_2,8.0,5492.75,SKA3WT-CENPB-SET5\Particle_Channel\SKA3WT-CENPB-SET5_Z38_C1_T0.tif,4406.009103699413,2801.015,17373.125,SKA3WT-CENPB-SET5\Mask_Channel\SKA3WT-CENPB-SET5_Z38_C0_T0.tif,14223.408813912009,10727.885,1.2214459436058136,1.2466497164947137,0.9797827949941166,WildType,SKA_WildT_cell_4,SKA3WT-CENPB-SET5
192,765,38_3,93.0,9499.731182795698,SKA3WT-CENPB-SET5\Particle_Channel\SKA3WT-CENPB-SET5_Z38_C1_T0.tif,4406.009103699413,2801.015,17089.279569892475,SKA3WT-CENPB-SET5\Mask_Channel\SKA3WT-CENPB-SET5_Z38_C0_T0.tif,14223.408813912009,10727.885,1.2014897267930131,2.1560852370503385,0.5572552077935135,WildType,SKA_WildT_cell_4,SKA3WT-CENPB-SET5
193,766,38_4,14.0,6544.785714285716,SKA3WT-CENPB-SET5\Particle_Channel\SKA3WT-CENPB-SET5_Z38_C1_T0.tif,4406.009103699413,2801.015,18556.85714285714,SKA3WT-CENPB-SET5\Mask_Channel\SKA3WT-CENPB-SET5_Z38_C0_T0.tif,14223.408813912009,10727.885,1.3046701663181164,1.4854226489887468,0.878315789251171,WildType,SKA_WildT_cell_4,SKA3WT-CENPB-SET5
195,768,38_6,37.0,7360.0270270270275,SKA3WT-CENPB-SET5\Particle_Channel\SKA3WT-CENPB-SET5_Z38_C1_T0.tif,4406.009103699413,2801.015,17800.64864864865,SKA3WT-CENPB-SET5\Mask_Channel\SKA3WT-CENPB-SET5_Z38_C0_T0.tif,14223.408813912009,10727.885,1.2515036923664684,1.6704520698441898,0.7492005996216351,WildType,SKA_WildT_cell_4,SKA3WT-CENPB-SET5
196,769,38_7,41.0,10670.951219512195,SKA3WT-CENPB-SET5\Particle_Channel\SKA3WT-CENPB-SET5_Z38_C1_T0.tif,4406.009103699413,2801.015,19774.92682926829,SKA3WT-CENPB-SET5\Mask_Channel\SKA3WT-CENPB-SET5_Z38_C0_T0.tif,14223.408813912009,10727.885,1.3903085461430529,2.421908572670119,0.5740549258679315,WildType,SKA_WildT_cell_4,SKA3WT-CENPB-SET5
197,770,38_8,8.0,9236.75,SKA3WT-CENPB-SET5\Particle_Channel\SKA3WT-CENPB-SET5_Z38_C1_T0.tif,4406.009103699413,2801.015,16951.0,SKA3WT-CENPB-SET5\Mask_Channel\SKA3WT-CENPB-SET5_Z38_C0_T0.tif,14223.408813912009,10727.885,1.1917677556606625,2.096398301184752,0.568483458027585,WildType,SKA_WildT_cell_4,SKA3WT-CENPB-SET5
198,771,38_9,5.0,10410.0,SKA3WT-CENPB-SET5\Particle_Channel\SKA3WT-CENPB-SET5_Z38_C1_T0.tif,4406.009103699413,2801.015,18584.0,SKA3WT-CENPB-SET5\Mask_Channel\SKA3WT-CENPB-SET5_Z38_C0_T0.tif,14223.408813912009,10727.885,1.3065784892453396,2.3626823628801543,0.5530064090598263,WildType,SKA_WildT_cell_4,SKA3WT-CENPB-SET5
199,772,38_10,27.0,9108.074074074077,SKA3WT-CENPB-SET5\Particle_Channel\SKA3WT-CENPB-SET5_Z38_C1_T0.tif,4406.009103699413,2801.015,18563.03703703704,SKA3WT-CENPB-SET5\Mask_Channel\SKA3WT-CENPB-SET5_Z38_C0_T0.tif,14223.408813912009,10727.885,1.3051046538773752,2.067193657504401,0.6313412626531322,WildType,SKA_WildT_cell_4,SKA3WT-CENPB-SET5
200,773,38_11,36.0,8755.166666666666,SKA3WT-CENPB-SET5\Particle_Channel\SKA3WT-CENPB-SET5_Z38_C1_T0.tif,4406.009103699413,2801.015,17907.30555555556,SKA3WT-CENPB-SET5\Mask_Channel\SKA3WT-CENPB-SET5_Z38_C0_T0.tif,14223.408813912009,10727.885,1.2590023805011008,1.9870968172343482,0.6335888465934876,WildType,SKA_WildT_cell_4,SKA3WT-CENPB-SET5
201,774,38_12,5.0,6298.8,SKA3WT-CENPB-SET5\Particle_Channel\SKA3WT-CENPB-SET5_Z38_C1_T0.tif,4406.009103699413,2801.015,17867.0,SKA3WT-CENPB-SET5\Mask_Channel\SKA3WT-CENPB-SET5_Z38_C0_T0.tif,14223.408813912009,10727.885,1.2561686325520063,1.429593051614747,0.8786896600631521,WildType,SKA_WildT_cell_4,SKA3WT-CENPB-SET5
202,775,38_13,5.0,5744.4,SKA3WT-CENPB-SET5\Particle_Channel\SKA3WT-CENPB-SET5_Z38_C1_T0.tif,4406.009103699413,2801.015,17188.2,SKA3WT-CENPB-SET5\Mask_Channel\SKA3WT-CENPB-SET5_Z38_C0_T0.tif,14223.408813912009,10727.885,1.2084444892836175,1.303764895804876,0.9268883471030928,WildType,SKA_WildT_cell_4,SKA3WT-CENPB-SET5
203,776,38_14,32.0,11625.21875,SKA3WT-CENPB-SET5\Particle_Channel\SKA3WT-CENPB-SET5_Z38_C1_T0.tif,4406.009103699413,2801.015,18757.6875,SKA3WT-CENPB-SET5\Mask_Channel\SKA3WT-CENPB-SET5_Z38_C0_T0.tif,14223.408813912009,10727.885,1.3187898727661531,2.6384917680354154,0.49982716972738783,WildType,SKA_WildT_cell_4,SKA3WT-CENPB-SET5
204,777,38_15,5.0,10062.8,SKA3WT-CENPB-SET5\Particle_Channel\SKA3WT-CENPB-SET5_Z38_C1_T0.tif,4406.009103699413,2801.015,19024.2,SKA3WT-CENPB-SET5\Mask_Channel\SKA3WT-CENPB-SET5_Z38_C0_T0.tif,14223.408813912009,10727.885,1.3375274696029482,2.2838808915648814,0.5856380140237936,WildType,SKA_WildT_cell_4,SKA3WT-CENPB-SET5
205,778,38_16,10.0,6517.0,SKA3WT-CENPB-SET5\Particle_Channel\SKA3WT-CENPB-SET5_Z38_C1_T0.tif,4406.009103699413,2801.015,17953.8,SKA3WT-CENPB-SET5\Mask_Channel\SKA3WT-CENPB-SET5_Z38_C0_T0.tif,14223.408813912009,10727.885,1.2622712483971683,1.4791163265023983,0.85339552121773,WildType,SKA_WildT_cell_4,SKA3WT-CENPB-SET5
206,779,38_17,5.0,7306.4,SKA3WT-CENPB-SET5\Particle_Channel\SKA3WT-CENPB-SET5_Z38_C1_T0.tif,4406.009103699413,2801.015,20396.6,SKA3WT-CENPB-SET5\Mask_Channel\SKA3WT-CENPB-SET5_Z38_C0_T0.tif,14223.408813912009,10727.885,1.4340162943253063,1.6582807316184016,0.864760873706695,WildType,SKA_WildT_cell_4,SKA3WT-CENPB-SET5
207,793,39_14,8.0,9598.375,SKA3WT-CENPB-SET5\Particle_Channel\SKA3WT-CENPB-SET5_Z39_C1_T0.tif,4512.241908393481,2813.7075,17083.875,SKA3WT-CENPB-SET5\Mask_Channel\SKA3WT-CENPB-SET5_Z39_C0_T0.tif,14159.443713607938,10859.43,1.2065357471340161,2.127185375887208,0.5671982145095339,WildType,SKA_WildT_cell_4,SKA3WT-CENPB-SET5
208,796,40_1,4.0,4930.0,SKA3WT-CENPB-SET5\Particle_Channel\SKA3WT-CENPB-SET5_Z40_C1_T0.tif,4422.888621794872,2751.4675,21780.25,SKA3WT-CENPB-SET5\Mask_Channel\SKA3WT-CENPB-SET5_Z40_C0_T0.tif,14155.84638650678,10983.3475,1.5386045740621153,1.1146561493107043,1.3803400941299948,WildType,SKA_WildT_cell_4,SKA3WT-CENPB-SET5
209,798,40_3,21.0,7275.095238095238,SKA3WT-CENPB-SET5\Particle_Channel\SKA3WT-CENPB-SET5_Z40_C1_T0.tif,4422.888621794872,2751.4675,17314.285714285714,SKA3WT-CENPB-SET5\Mask_Channel\SKA3WT-CENPB-SET5_Z40_C0_T0.tif,14155.84638650678,10983.3475,1.223119073317264,1.6448741671326326,0.7435943111985412,WildType,SKA_WildT_cell_4,SKA3WT-CENPB-SET5
210,799,40_4,8.0,5158.875,SKA3WT-CENPB-SET5\Particle_Channel\SKA3WT-CENPB-SET5_Z40_C1_T0.tif,4422.888621794872,2751.4675,16852.875,SKA3WT-CENPB-SET5\Mask_Channel\SKA3WT-CENPB-SET5_Z40_C0_T0.tif,14155.84638650678,10983.3475,1.1905240096462195,1.1664040045183082,1.0206789457464802,WildType,SKA_WildT_cell_4,SKA3WT-CENPB-SET5
211,800,40_5,24.0,7523.083333333332,SKA3WT-CENPB-SET5\Particle_Channel\SKA3WT-CENPB-SET5_Z40_C1_T0.tif,4422.888621794872,2751.4675,17570.75,SKA3WT-CENPB-SET5\Mask_Channel\SKA3WT-CENPB-SET5_Z40_C0_T0.tif,14155.84638650678,10983.3475,1.2412362722972379,1.700943427845207,0.7297340123002584,WildType,SKA_WildT_cell_4,SKA3WT-CENPB-SET5
212,801,40_6,28.0,7971.0,SKA3WT-CENPB-SET5\Particle_Channel\SKA3WT-CENPB-SET5_Z40_C1_T0.tif,4422.888621794872,2751.4675,18534.0,SKA3WT-CENPB-SET5\Mask_Channel\SKA3WT-CENPB-SET5_Z40_C0_T0.tif,14155.84638650678,10983.3475,1.3092823624920396,1.8022158552039804,0.7264847652468638,WildType,SKA_WildT_cell_4,SKA3WT-CENPB-SET5
213,802,40_7,24.0,10027.666666666666,SKA3WT-CENPB-SET5\Particle_Channel\SKA3WT-CENPB-SET5_Z40_C1_T0.tif,4422.888621794872,2751.4675,18157.416666666668,SKA3WT-CENPB-SET5\Mask_Channel\SKA3WT-CENPB-SET5_Z40_C0_T0.tif,14155.84638650678,10983.3475,1.2826796908430813,2.2672211588717994,0.5657497001665953,WildType,SKA_WildT_cell_4,SKA3WT-CENPB-SET5
214,803,40_8,44.0,9834.15909090909,SKA3WT-CENPB-SET5\Particle_Channel\SKA3WT-CENPB-SET5_Z40_C1_T0.tif,4422.888621794872,2751.4675,18510.15909090909,SKA3WT-CENPB-SET5\Mask_Channel\SKA3WT-CENPB-SET5_Z40_C0_T0.tif,14155.84638650678,10983.3475,1.3075981884455032,2.2234697573999154,0.588089037007899,WildType,SKA_WildT_cell_4,SKA3WT-CENPB-SET5
215,804,40_9,27.0,11230.555555555557,SKA3WT-CENPB-SET5\Particle_Channel\SKA3WT-CENPB-SET5_Z40_C1_T0.tif,4422.888621794872,2751.4675,18832.48148148148,SKA3WT-CENPB-SET5\Mask_Channel\SKA3WT-CENPB-SET5_Z40_C0_T0.tif,14155.84638650678,10983.3475,1.3303677482282108,2.539190225187727,0.5239338648327753,WildType,SKA_WildT_cell_4,SKA3WT-CENPB-SET5
216,805,40_10,29.0,9364.103448275862,SKA3WT-CENPB-SET5\Particle_Channel\SKA3WT-CENPB-SET5_Z40_C1_T0.tif,4422.888621794872,2751.4675,19089.62068965517,SKA3WT-CENPB-SET5\Mask_Channel\SKA3WT-CENPB-SET5_Z40_C0_T0.tif,14155.84638650678,10983.3475,1.3485326252092715,2.1171917832458944,0.6369440104012771,WildType,SKA_WildT_cell_4,SKA3WT-CENPB-SET5
217,806,40_11,21.0,8444.857142857143,SKA3WT-CENPB-SET5\Particle_Channel\SKA3WT-CENPB-SET5_Z40_C1_T0.tif,4422.888621794872,2751.4675,18465.809523809523,SKA3WT-CENPB-SET5\Mask_Channel\SKA3WT-CENPB-SET5_Z40_C0_T0.tif,14155.84638650678,10983.3475,1.304465237868854,1.9093533355651398,0.6831974017437438,WildType,SKA_WildT_cell_4,SKA3WT-CENPB-SET5
218,807,40_12,27.0,9572.407407407409,SKA3WT-CENPB-SET5\Particle_Channel\SKA3WT-CENPB-SET5_Z40_C1_T0.tif,4422.888621794872,2751.4675,18594.25925925926,SKA3WT-CENPB-SET5\Mask_Channel\SKA3WT-CENPB-SET5_Z40_C0_T0.tif,14155.84638650678,10983.3475,1.3135392085762623,2.1642885964247474,0.6069149977254127,WildType,SKA_WildT_cell_4,SKA3WT-CENPB-SET5
219,808,41_1,54.0,6877.851851851852,SKA3WT-CENPB-SET5\Particle_Channel\SKA3WT-CENPB-SET5_Z41_C1_T0.tif,4377.845094156802,2718.9575,18475.98148148148,SKA3WT-CENPB-SET5\Mask_Channel\SKA3WT-CENPB-SET5_Z41_C0_T0.tif,14279.214425374756,10909.7075,1.2939074189297766,1.5710587524058035,0.8235894532577996,WildType,SKA_WildT_cell_4,SKA3WT-CENPB-SET5
220,809,41_2,32.0,7593.84375,SKA3WT-CENPB-SET5\Particle_Channel\SKA3WT-CENPB-SET5_Z41_C1_T0.tif,4377.845094156802,2718.9575,17848.34375,SKA3WT-CENPB-SET5\Mask_Channel\SKA3WT-CENPB-SET5_Z41_C0_T0.tif,14279.214425374756,10909.7075,1.249952778794522,1.7346076863559328,0.720596817727947,WildType,SKA_WildT_cell_4,SKA3WT-CENPB-SET5
221,810,41_3,18.0,8245.333333333334,SKA3WT-CENPB-SET5\Particle_Channel\SKA3WT-CENPB-SET5_Z41_C1_T0.tif,4377.845094156802,2718.9575,19235.11111111111,SKA3WT-CENPB-SET5\Mask_Channel\SKA3WT-CENPB-SET5_Z41_C0_T0.tif,14279.214425374756,10909.7075,1.3470706817687057,1.8834228155625121,0.7152247868285396,WildType,SKA_WildT_cell_4,SKA3WT-CENPB-SET5
222,811,41_4,35.0,11597.314285714287,SKA3WT-CENPB-SET5\Particle_Channel\SKA3WT-CENPB-SET5_Z41_C1_T0.tif,4377.845094156802,2718.9575,19011.8,SKA3WT-CENPB-SET5\Mask_Channel\SKA3WT-CENPB-SET5_Z41_C0_T0.tif,14279.214425374756,10909.7075,1.3314317884473563,2.649091970200923,0.5025993070170276,WildType,SKA_WildT_cell_4,SKA3WT-CENPB-SET5
223,812,41_5,29.0,9094.551724137933,SKA3WT-CENPB-SET5\Particle_Channel\SKA3WT-CENPB-SET5_Z41_C1_T0.tif,4377.845094156802,2718.9575,18432.41379310345,SKA3WT-CENPB-SET5\Mask_Channel\SKA3WT-CENPB-SET5_Z41_C0_T0.tif,14279.214425374756,10909.7075,1.290856292510622,2.077403729126144,0.6213795972406473,WildType,SKA_WildT_cell_4,SKA3WT-CENPB-SET5
224,813,41_6,32.0,8106.78125,SKA3WT-CENPB-SET5\Particle_Channel\SKA3WT-CENPB-SET5_Z41_C1_T0.tif,4377.845094156802,2718.9575,19363.15625,SKA3WT-CENPB-SET5\Mask_Channel\SKA3WT-CENPB-SET5_Z41_C0_T0.tif,14279.214425374756,10909.7075,1.3560379214973388,1.8517743491701624,0.7322911250525862,WildType,SKA_WildT_cell_4,SKA3WT-CENPB-SET5
225,814,41_7,8.0,9755.625,SKA3WT-CENPB-SET5\Particle_Channel\SKA3WT-CENPB-SET5_Z41_C1_T0.tif,4377.845094156802,2718.9575,17636.625,SKA3WT-CENPB-SET5\Mask_Channel\SKA3WT-CENPB-SET5_Z41_C0_T0.tif,14279.214425374756,10909.7075,1.2351257201277814,2.228407993014881,0.5542637272884408,WildType,SKA_WildT_cell_4,SKA3WT-CENPB-SET5
226,815,41_8,12.0,6300.25,SKA3WT-CENPB-SET5\Particle_Channel\SKA3WT-CENPB-SET5_Z41_C1_T0.tif,4377.845094156802,2718.9575,17672.0,SKA3WT-CENPB-SET5\Mask_Channel\SKA3WT-CENPB-SET5_Z41_C0_T0.tif,14279.214425374756,10909.7075,1.23760309731018,1.4391212718807869,0.8599713738459005,WildType,SKA_WildT_cell_4,SKA3WT-CENPB-SET5
227,816,41_9,9.0,7411.222222222223,SKA3WT-CENPB-SET5\Particle_Channel\SKA3WT-CENPB-SET5_Z41_C1_T0.tif,4377.845094156802,2718.9575,18937.88888888889,SKA3WT-CENPB-SET5\Mask_Channel\SKA3WT-CENPB-SET5_Z41_C0_T0.tif,14279.214425374756,10909.7075,1.326255655579727,1.6928927503885716,0.7834256808503137,WildType,SKA_WildT_cell_4,SKA3WT-CENPB-SET5
228,817,41_10,21.0,8885.285714285714,SKA3WT-CENPB-SET5\Particle_Channel\SKA3WT-CENPB-SET5_Z41_C1_T0.tif,4377.845094156802,2718.9575,19432.571428571428,SKA3WT-CENPB-SET5\Mask_Channel\SKA3WT-CENPB-SET5_Z41_C0_T0.tif,14279.214425374756,10909.7075,1.360899195829635,2.0296025837335097,0.6705249622446892,WildType,SKA_WildT_cell_4,SKA3WT-CENPB-SET5
229,818,42_1,22.0,7890.318181818182,SKA3WT-CENPB-SET5\Particle_Channel\SKA3WT-CENPB-SET5_Z42_C1_T0.tif,4363.079387605901,2723.6375,20445.590909090908,SKA3WT-CENPB-SET5\Mask_Channel\SKA3WT-CENPB-SET5_Z42_C0_T0.tif,14400.892443424309,10813.56,1.4197447130039993,1.8084287451271293,0.7850708615584374,WildType,SKA_WildT_cell_4,SKA3WT-CENPB-SET5
230,819,42_2,20.0,8198.1,SKA3WT-CENPB-SET5\Particle_Channel\SKA3WT-CENPB-SET5_Z42_C1_T0.tif,4363.079387605901,2723.6375,18309.0,SKA3WT-CENPB-SET5\Mask_Channel\SKA3WT-CENPB-SET5_Z42_C0_T0.tif,14400.892443424309,10813.56,1.2713795392840532,1.8789710825084125,0.6766360329435038,WildType,SKA_WildT_cell_4,SKA3WT-CENPB-SET5
231,820,42_3,29.0,7403.586206896552,SKA3WT-CENPB-SET5\Particle_Channel\SKA3WT-CENPB-SET5_Z42_C1_T0.tif,4363.079387605901,2723.6375,20247.206896551725,SKA3WT-CENPB-SET5\Mask_Channel\SKA3WT-CENPB-SET5_Z42_C0_T0.tif,14400.892443424309,10813.56,1.4059688992258907,1.6968717617029268,0.8285652050776688,WildType,SKA_WildT_cell_4,SKA3WT-CENPB-SET5
232,821,42_4,5.0,7518.6,SKA3WT-CENPB-SET5\Particle_Channel\SKA3WT-CENPB-SET5_Z42_C1_T0.tif,4363.079387605901,2723.6375,19767.0,SKA3WT-CENPB-SET5\Mask_Channel\SKA3WT-CENPB-SET5_Z42_C0_T0.tif,14400.892443424309,10813.56,1.372623264680096,1.7232324539768666,0.7965398176620707,WildType,SKA_WildT_cell_4,SKA3WT-CENPB-SET5
233,822,42_5,25.0,8939.96,SKA3WT-CENPB-SET5\Particle_Channel\SKA3WT-CENPB-SET5_Z42_C1_T0.tif,4363.079387605901,2723.6375,19190.52,SKA3WT-CENPB-SET5\Mask_Channel\SKA3WT-CENPB-SET5_Z42_C0_T0.tif,14400.892443424309,10813.56,1.3325924122683603,2.049002368692978,0.650361577238389,WildType,SKA_WildT_cell_4,SKA3WT-CENPB-SET5
234,823,42_6,30.0,10914.5,SKA3WT-CENPB-SET5\Particle_Channel\SKA3WT-CENPB-SET5_Z42_C1_T0.tif,4363.079387605901,2723.6375,19424.066666666666,SKA3WT-CENPB-SET5\Mask_Channel\SKA3WT-CENPB-SET5_Z42_C0_T0.tif,14400.892443424309,10813.56,1.3488099257026271,2.5015588831604965,0.5391877579945374,WildType,SKA_WildT_cell_4,SKA3WT-CENPB-SET5
235,824,42_7,5.0,12583.0,SKA3WT-CENPB-SET5\Particle_Channel\SKA3WT-CENPB-SET5_Z42_C1_T0.tif,4363.079387605901,2723.6375,20823.6,SKA3WT-CENPB-SET5\Mask_Channel\SKA3WT-CENPB-SET5_Z42_C0_T0.tif,14400.892443424309,10813.56,1.445993717528833,2.8839722778696713,0.5013896037159407,WildType,SKA_WildT_cell_4,SKA3WT-CENPB-SET5
236,825,42_8,26.0,7635.346153846153,SKA3WT-CENPB-SET5\Particle_Channel\SKA3WT-CENPB-SET5_Z42_C1_T0.tif,4363.079387605901,2723.6375,20207.57692307692,SKA3WT-CENPB-SET5\Mask_Channel\SKA3WT-CENPB-SET5_Z42_C0_T0.tif,14400.892443424309,10813.56,1.4032169882849197,1.7499901962672753,0.8018427710497911,WildType,SKA_WildT_cell_4,SKA3WT-CENPB-SET5
237,826,42_9,5.0,10812.6,SKA3WT-CENPB-SET5\Particle_Channel\SKA3WT-CENPB-SET5_Z42_C1_T0.tif,4363.079387605901,2723.6375,20830.4,SKA3WT-CENPB-SET5\Mask_Channel\SKA3WT-CENPB-SET5_Z42_C0_T0.tif,14400.892443424309,10813.56,1.4464659104867847,2.4782038187787974,0.5836751196677481,WildType,SKA_WildT_cell_4,SKA3WT-CENPB-SET5
