,label,area,min_intensity_particle,max_intensity_particle,mean_intensity_particle,fname_particle,particle_cyto,particle_bg,min_intensity_mask,max_intensity_mask,mean_intensity_mask,fname_mask,mask_cyto,mask_bg,mask@kt/mask@cyto,particle@kt/particle@cyto,mask@kt/mask@cyto:particle@kt/particle@cyto,mean_intensity_mask/mean_intensity_particle,mean_intensity_particle/mean_intensity_mask,particle@kt/particle@cyto:mask@kt/mask@cyto,condition,cell,Experiment
0,0_1,5.0,507.0,653.0,597.4,Expt2023_011_set5_RPE-1-p21-GFP-PCNA-mRuby_200k_6days-GFP-CENPC-CENPA-DAPI-5_R3D_D3D-1-interphase-CENP-C(particle)0000.tif,631.4036191106698,252.205,242.0,681.0,454.8,Expt2023_011_set5_RPE-1-p21-GFP-PCNA-mRuby_200k_6days-GFP-CENPC-CENPA-DAPI-5_R3D_D3D-1-interphase-CENP-A(mask)0000.tif,323.5826711099718,159.755,1.4055140791066438,0.9461459863683331,1.4855150255422416,0.7612989621694007,1.3135444151275284,0.6731672065282414,Interphase,KTProtein_Interphase_1,Expt-1
1,0_2,8.0,802.0,1146.0,1039.625,Expt2023_011_set5_RPE-1-p21-GFP-PCNA-mRuby_200k_6days-GFP-CENPC-CENPA-DAPI-5_R3D_D3D-1-interphase-CENP-C(particle)0000.tif,631.4036191106698,252.205,281.0,793.0,480.875,Expt2023_011_set5_RPE-1-p21-GFP-PCNA-mRuby_200k_6days-GFP-CENPC-CENPA-DAPI-5_R3D_D3D-1-interphase-CENP-A(mask)0000.tif,323.5826711099718,159.755,1.4860962682286882,1.6465299984569441,0.9025625221656408,0.46254659131898523,2.1619443722381075,1.1079564854970536,Interphase,KTProtein_Interphase_1,Expt-1
2,0_3,8.0,54.0,426.0,214.625,Expt2023_011_set5_RPE-1-p21-GFP-PCNA-mRuby_200k_6days-GFP-CENPC-CENPA-DAPI-5_R3D_D3D-1-interphase-CENP-C(particle)0000.tif,631.4036191106698,252.205,188.0,739.0,460.0,Expt2023_011_set5_RPE-1-p21-GFP-PCNA-mRuby_200k_6days-GFP-CENPC-CENPA-DAPI-5_R3D_D3D-1-interphase-CENP-A(mask)0000.tif,323.5826711099718,159.755,1.421584160925805,0.33991727874841565,4.182147392330615,2.143273150844496,0.46657608695652175,0.23911161089966346,Interphase,KTProtein_Interphase_1,Expt-1
3,0_4,8.0,108.0,527.0,333.625,Expt2023_011_set5_RPE-1-p21-GFP-PCNA-mRuby_200k_6days-GFP-CENPC-CENPA-DAPI-5_R3D_D3D-1-interphase-CENP-C(particle)0000.tif,631.4036191106698,252.205,158.0,537.0,358.25,Expt2023_011_set5_RPE-1-p21-GFP-PCNA-mRuby_200k_6days-GFP-CENPC-CENPA-DAPI-5_R3D_D3D-1-interphase-CENP-A(mask)0000.tif,323.5826711099718,159.755,1.1071359253297166,0.528386264985161,2.0953154892487773,1.0738104158860997,0.9312630844382415,0.477255098399776,Interphase,KTProtein_Interphase_1,Expt-1
4,0_5,5.0,511.0,928.0,701.6,Expt2023_011_set5_RPE-1-p21-GFP-PCNA-mRuby_200k_6days-GFP-CENPC-CENPA-DAPI-5_R3D_D3D-1-interphase-CENP-C(particle)0000.tif,631.4036191106698,252.205,320.0,598.0,483.4,Expt2023_011_set5_RPE-1-p21-GFP-PCNA-mRuby_200k_6days-GFP-CENPC-CENPA-DAPI-5_R3D_D3D-1-interphase-CENP-A(mask)0000.tif,323.5826711099718,159.755,1.4938995291120307,1.1111751323000043,1.3444321112728927,0.6889965792474344,1.4513860157219696,0.7438084761700697,Interphase,KTProtein_Interphase_1,Expt-1
5,0_6,12.0,67.0,598.0,292.25,Expt2023_011_set5_RPE-1-p21-GFP-PCNA-mRuby_200k_6days-GFP-CENPC-CENPA-DAPI-5_R3D_D3D-1-interphase-CENP-C(particle)0000.tif,631.4036191106698,252.205,182.0,601.0,388.75,Expt2023_011_set5_RPE-1-p21-GFP-PCNA-mRuby_200k_6days-GFP-CENPC-CENPA-DAPI-5_R3D_D3D-1-interphase-CENP-A(mask)0000.tif,323.5826711099718,159.755,1.2013931359997974,0.4628576573755363,2.595599569016216,1.330196749358426,0.7517684887459807,0.3852674395299811,Interphase,KTProtein_Interphase_1,Expt-1
6,0_7,11.0,292.0,897.0,753.4545454545455,Expt2023_011_set5_RPE-1-p21-GFP-PCNA-mRuby_200k_6days-GFP-CENPC-CENPA-DAPI-5_R3D_D3D-1-interphase-CENP-C(particle)0000.tif,631.4036191106698,252.205,118.0,619.0,376.7272727272728,Expt2023_011_set5_RPE-1-p21-GFP-PCNA-mRuby_200k_6days-GFP-CENPC-CENPA-DAPI-5_R3D_D3D-1-interphase-CENP-A(mask)0000.tif,323.5826711099718,159.755,1.1642380954301457,1.193300960985596,0.9756449826945198,0.5000000000000001,1.9999999999999998,1.0249629913928495,Interphase,KTProtein_Interphase_1,Expt-1
7,0_8,5.0,323.0,930.0,647.6,Expt2023_011_set5_RPE-1-p21-GFP-PCNA-mRuby_200k_6days-GFP-CENPC-CENPA-DAPI-5_R3D_D3D-1-interphase-CENP-C(particle)0000.tif,631.4036191106698,252.205,256.0,613.0,394.8,Expt2023_011_set5_RPE-1-p21-GFP-PCNA-mRuby_200k_6days-GFP-CENPC-CENPA-DAPI-5_R3D_D3D-1-interphase-CENP-A(mask)0000.tif,323.5826711099718,159.755,1.2200900581163214,1.0256513906463551,1.1895757849530464,0.6096355775169858,1.6403242147922998,0.8406358070238215,Interphase,KTProtein_Interphase_1,Expt-1
8,0_9,5.0,180.0,452.0,322.6,Expt2023_011_set5_RPE-1-p21-GFP-PCNA-mRuby_200k_6days-GFP-CENPC-CENPA-DAPI-5_R3D_D3D-1-interphase-CENP-C(particle)0000.tif,631.4036191106698,252.205,179.0,434.0,307.2,Expt2023_011_set5_RPE-1-p21-GFP-PCNA-mRuby_200k_6days-GFP-CENPC-CENPA-DAPI-5_R3D_D3D-1-interphase-CENP-A(mask)0000.tif,323.5826711099718,159.755,0.9493709874704507,0.5109251677308743,1.858140971381007,0.9522628642281462,1.0501302083333335,0.5381722998426649,Interphase,KTProtein_Interphase_1,Expt-1
9,0_10,9.0,632.0,998.0,779.7777777777778,Expt2023_011_set5_RPE-1-p21-GFP-PCNA-mRuby_200k_6days-GFP-CENPC-CENPA-DAPI-5_R3D_D3D-1-interphase-CENP-C(particle)0000.tif,631.4036191106698,252.205,396.0,818.0,558.1111111111111,Expt2023_011_set5_RPE-1-p21-GFP-PCNA-mRuby_200k_6days-GFP-CENPC-CENPA-DAPI-5_R3D_D3D-1-interphase-CENP-A(mask)0000.tif,323.5826711099718,159.755,1.724786773026647,1.234990985443024,1.3965986742874241,0.7157309774864633,1.3971730041807686,0.7160253109292276,Interphase,KTProtein_Interphase_1,Expt-1
10,0_11,9.0,661.0,1332.0,1062.111111111111,Expt2023_011_set5_RPE-1-p21-GFP-PCNA-mRuby_200k_6days-GFP-CENPC-CENPA-DAPI-5_R3D_D3D-1-interphase-CENP-C(particle)0000.tif,631.4036191106698,252.205,396.0,789.0,617.4444444444445,Expt2023_011_set5_RPE-1-p21-GFP-PCNA-mRuby_200k_6days-GFP-CENPC-CENPA-DAPI-5_R3D_D3D-1-interphase-CENP-A(mask)0000.tif,323.5826711099718,159.755,1.908150527117077,1.682142893965498,1.1343569764271255,0.5813369599330475,1.720172755083678,0.8815567063815233,Interphase,KTProtein_Interphase_1,Expt-1
11,0_12,8.0,135.0,689.0,387.625,Expt2023_011_set5_RPE-1-p21-GFP-PCNA-mRuby_200k_6days-GFP-CENPC-CENPA-DAPI-5_R3D_D3D-1-interphase-CENP-C(particle)0000.tif,631.4036191106698,252.205,167.0,580.0,388.375,Expt2023_011_set5_RPE-1-p21-GFP-PCNA-mRuby_200k_6days-GFP-CENPC-CENPA-DAPI-5_R3D_D3D-1-interphase-CENP-A(mask)0000.tif,323.5826711099718,159.755,1.2002342358686078,0.6139100066388101,1.955065437750321,1.00193485972267,0.9980688767299646,0.5114918307546229,Interphase,KTProtein_Interphase_1,Expt-1
12,0_13,11.0,143.0,1163.0,827.4545454545455,Expt2023_011_set5_RPE-1-p21-GFP-PCNA-mRuby_200k_6days-GFP-CENPC-CENPA-DAPI-5_R3D_D3D-1-interphase-CENP-C(particle)0000.tif,631.4036191106698,252.205,114.0,860.0,503.8181818181818,Expt2023_011_set5_RPE-1-p21-GFP-PCNA-mRuby_200k_6days-GFP-CENPC-CENPA-DAPI-5_R3D_D3D-1-interphase-CENP-A(mask)0000.tif,323.5826711099718,159.755,1.5569998853460103,1.3105001625109671,1.1880959116882066,0.6088771698527796,1.6423673763984121,0.8416828895396715,Interphase,KTProtein_Interphase_1,Expt-1
13,0_14,15.0,166.0,1391.0,675.2,Expt2023_011_set5_RPE-1-p21-GFP-PCNA-mRuby_200k_6days-GFP-CENPC-CENPA-DAPI-5_R3D_D3D-1-interphase-CENP-C(particle)0000.tif,631.4036191106698,252.205,116.0,807.0,354.8,Expt2023_011_set5_RPE-1-p21-GFP-PCNA-mRuby_200k_6days-GFP-CENPC-CENPA-DAPI-5_R3D_D3D-1-interphase-CENP-A(mask)0000.tif,323.5826711099718,159.755,1.0964740441227732,1.0693635252693314,1.0253520138033636,0.5254739336492891,1.9030439684329201,0.9752748193185627,Interphase,KTProtein_Interphase_1,Expt-1
14,1_2,5.0,31.0,368.0,192.8,Expt2023_011_set5_RPE-1-p21-GFP-PCNA-mRuby_200k_6days-GFP-CENPC-CENPA-DAPI-5_R3D_D3D-1-interphase-CENP-C(particle)0001.tif,648.8041720379703,233.11,129.0,572.0,344.0,Expt2023_011_set5_RPE-1-p21-GFP-PCNA-mRuby_200k_6days-GFP-CENPC-CENPA-DAPI-5_R3D_D3D-1-interphase-CENP-A(mask)0001.tif,309.87671594508976,150.48,1.1101189030961491,0.2971620841992932,3.7357353515923064,1.784232365145228,0.5604651162790698,0.26768491498568375,Interphase,KTProtein_Interphase_1,Expt-1
15,1_3,9.0,347.0,921.0,612.5555555555555,Expt2023_011_set5_RPE-1-p21-GFP-PCNA-mRuby_200k_6days-GFP-CENPC-CENPA-DAPI-5_R3D_D3D-1-interphase-CENP-C(particle)0001.tif,648.8041720379703,233.11,317.0,833.0,585.6666666666666,Expt2023_011_set5_RPE-1-p21-GFP-PCNA-mRuby_200k_6days-GFP-CENPC-CENPA-DAPI-5_R3D_D3D-1-interphase-CENP-A(mask)0001.tif,309.87671594508976,150.48,1.8899989464534241,0.9441301119125767,2.0018416133606296,0.9561037547614728,1.0459115917283248,0.499540020212304,Interphase,KTProtein_Interphase_1,Expt-1
16,1_4,5.0,1416.0,1674.0,1566.6,Expt2023_011_set5_RPE-1-p21-GFP-PCNA-mRuby_200k_6days-GFP-CENPC-CENPA-DAPI-5_R3D_D3D-1-interphase-CENP-C(particle)0001.tif,648.8041720379703,233.11,516.0,937.0,735.4,Expt2023_011_set5_RPE-1-p21-GFP-PCNA-mRuby_200k_6days-GFP-CENPC-CENPA-DAPI-5_R3D_D3D-1-interphase-CENP-A(mask)0001.tif,309.87671594508976,150.48,2.3732018643514765,2.4145960638309782,0.9828566773136265,0.46942423081833273,2.130269241229263,1.017442342390378,Interphase,KTProtein_Interphase_1,Expt-1
17,1_6,5.0,48.0,548.0,245.6,Expt2023_011_set5_RPE-1-p21-GFP-PCNA-mRuby_200k_6days-GFP-CENPC-CENPA-DAPI-5_R3D_D3D-1-interphase-CENP-C(particle)0001.tif,648.8041720379703,233.11,139.0,557.0,318.6,Expt2023_011_set5_RPE-1-p21-GFP-PCNA-mRuby_200k_6days-GFP-CENPC-CENPA-DAPI-5_R3D_D3D-1-interphase-CENP-A(mask)0001.tif,309.87671594508976,150.48,1.0281508212977706,0.3785425719883112,2.7160771268007293,1.2972312703583062,0.7708725674827369,0.36817805729173136,Interphase,KTProtein_Interphase_1,Expt-1
18,1_8,8.0,49.0,537.0,295.125,Expt2023_011_set5_RPE-1-p21-GFP-PCNA-mRuby_200k_6days-GFP-CENPC-CENPA-DAPI-5_R3D_D3D-1-interphase-CENP-C(particle)0001.tif,648.8041720379703,233.11,280.0,584.0,423.5,Expt2023_011_set5_RPE-1-p21-GFP-PCNA-mRuby_200k_6days-GFP-CENPC-CENPA-DAPI-5_R3D_D3D-1-interphase-CENP-A(mask)0001.tif,309.87671594508976,150.48,1.3666725449454045,0.45487531171844603,3.004499276477184,1.4349851757729775,0.6968713105076741,0.3328341623608289,Interphase,KTProtein_Interphase_1,Expt-1
19,1_10,5.0,100.0,882.0,463.0,Expt2023_011_set5_RPE-1-p21-GFP-PCNA-mRuby_200k_6days-GFP-CENPC-CENPA-DAPI-5_R3D_D3D-1-interphase-CENP-C(particle)0001.tif,648.8041720379703,233.11,95.0,556.0,317.2,Expt2023_011_set5_RPE-1-p21-GFP-PCNA-mRuby_200k_6days-GFP-CENPC-CENPA-DAPI-5_R3D_D3D-1-interphase-CENP-A(mask)0001.tif,309.87671594508976,150.48,1.023632895529356,0.7136205652711242,1.4344217996862936,0.685097192224622,1.4596469104665826,0.6971450100791126,Interphase,KTProtein_Interphase_1,Expt-1
20,2_1,5.0,1014.0,1533.0,1225.8,Expt2023_011_set5_RPE-1-p21-GFP-PCNA-mRuby_200k_6days-GFP-CENPC-CENPA-DAPI-5_R3D_D3D-1-interphase-CENP-C(particle)0002.tif,692.4221344949633,218.635,363.0,919.0,640.2,Expt2023_011_set5_RPE-1-p21-GFP-PCNA-mRuby_200k_6days-GFP-CENPC-CENPA-DAPI-5_R3D_D3D-1-interphase-CENP-A(mask)0002.tif,319.95153664302603,147.415,2.0009280365303552,1.7703073586665021,1.130271546765512,0.5222711698482624,1.9147141518275537,0.8847431423552076,Interphase,KTProtein_Interphase_1,Expt-1
21,2_2,8.0,21.0,201.0,112.25,Expt2023_011_set5_RPE-1-p21-GFP-PCNA-mRuby_200k_6days-GFP-CENPC-CENPA-DAPI-5_R3D_D3D-1-interphase-CENP-C(particle)0002.tif,692.4221344949633,218.635,250.0,918.0,566.125,Expt2023_011_set5_RPE-1-p21-GFP-PCNA-mRuby_200k_6days-GFP-CENPC-CENPA-DAPI-5_R3D_D3D-1-interphase-CENP-A(mask)0002.tif,319.95153664302603,147.415,1.7694085983766747,0.16211209088784048,10.914723193601056,5.043429844097996,0.19827776551115037,0.09161936425343954,Interphase,KTProtein_Interphase_1,Expt-1
22,2_3,37.0,30.0,2380.0,1077.7837837837835,Expt2023_011_set5_RPE-1-p21-GFP-PCNA-mRuby_200k_6days-GFP-CENPC-CENPA-DAPI-5_R3D_D3D-1-interphase-CENP-C(particle)0002.tif,692.4221344949633,218.635,175.0,1581.0,746.4864864864865,Expt2023_011_set5_RPE-1-p21-GFP-PCNA-mRuby_200k_6days-GFP-CENPC-CENPA-DAPI-5_R3D_D3D-1-interphase-CENP-A(mask)0002.tif,319.95153664302603,147.415,2.333123617153778,1.5565414941131166,1.498915143590914,0.692612468027484,1.4438088341781314,0.6671491740381812,Interphase,KTProtein_Interphase_1,Expt-1
23,2_4,48.0,110.0,4456.0,1808.1458333333333,Expt2023_011_set5_RPE-1-p21-GFP-PCNA-mRuby_200k_6days-GFP-CENPC-CENPA-DAPI-5_R3D_D3D-1-interphase-CENP-C(particle)0002.tif,692.4221344949633,218.635,150.0,2603.0,844.2291666666666,Expt2023_011_set5_RPE-1-p21-GFP-PCNA-mRuby_200k_6days-GFP-CENPC-CENPA-DAPI-5_R3D_D3D-1-interphase-CENP-A(mask)0002.tif,319.95153664302603,147.415,2.6386157588878336,2.6113345360517006,1.0104472339562367,0.4669032503370165,2.141771339732991,0.9896607822703098,Interphase,KTProtein_Interphase_1,Expt-1
24,2_5,17.0,56.0,1366.0,630.4705882352941,Expt2023_011_set5_RPE-1-p21-GFP-PCNA-mRuby_200k_6days-GFP-CENPC-CENPA-DAPI-5_R3D_D3D-1-interphase-CENP-C(particle)0002.tif,692.4221344949633,218.635,169.0,1211.0,672.5882352941177,Expt2023_011_set5_RPE-1-p21-GFP-PCNA-mRuby_200k_6days-GFP-CENPC-CENPA-DAPI-5_R3D_D3D-1-interphase-CENP-A(mask)0002.tif,319.95153664302603,147.415,2.102156602687403,0.9105292231813832,2.308719532737765,1.066803508117186,0.9373797446213049,0.43314052912012363,Interphase,KTProtein_Interphase_1,Expt-1
25,2_6,13.0,115.0,1163.0,611.3076923076923,Expt2023_011_set5_RPE-1-p21-GFP-PCNA-mRuby_200k_6days-GFP-CENPC-CENPA-DAPI-5_R3D_D3D-1-interphase-CENP-C(particle)0002.tif,692.4221344949633,218.635,334.0,1334.0,755.7692307692307,Expt2023_011_set5_RPE-1-p21-GFP-PCNA-mRuby_200k_6days-GFP-CENPC-CENPA-DAPI-5_R3D_D3D-1-interphase-CENP-A(mask)0002.tif,319.95153664302603,147.415,2.3621365869933357,0.8828540594727896,2.6755685853717694,1.236315590788977,0.8088549618320611,0.373752332669525,Interphase,KTProtein_Interphase_1,Expt-1
26,2_7,47.0,85.0,3319.0,1473.2340425531916,Expt2023_011_set5_RPE-1-p21-GFP-PCNA-mRuby_200k_6days-GFP-CENPC-CENPA-DAPI-5_R3D_D3D-1-interphase-CENP-C(particle)0002.tif,692.4221344949633,218.635,173.0,2138.0,828.8297872340426,Expt2023_011_set5_RPE-1-p21-GFP-PCNA-mRuby_200k_6days-GFP-CENPC-CENPA-DAPI-5_R3D_D3D-1-interphase-CENP-A(mask)0002.tif,319.95153664302603,147.415,2.590485408916096,2.127653015638696,1.2175318954150345,0.5625920683977932,1.7774868437941216,0.8213337192773239,Interphase,KTProtein_Interphase_1,Expt-1
27,2_9,10.0,43.0,1853.0,826.2,Expt2023_011_set5_RPE-1-p21-GFP-PCNA-mRuby_200k_6days-GFP-CENPC-CENPA-DAPI-5_R3D_D3D-1-interphase-CENP-C(particle)0002.tif,692.4221344949633,218.635,247.0,1103.0,740.3,Expt2023_011_set5_RPE-1-p21-GFP-PCNA-mRuby_200k_6days-GFP-CENPC-CENPA-DAPI-5_R3D_D3D-1-interphase-CENP-A(mask)0002.tif,319.95153664302603,147.415,2.3137879185308057,1.1932027571628847,1.9391406067753072,0.8960300169450495,1.1160340402539513,0.5156923621247608,Interphase,KTProtein_Interphase_1,Expt-1
28,2_10,14.0,29.0,693.0,302.92857142857144,Expt2023_011_set5_RPE-1-p21-GFP-PCNA-mRuby_200k_6days-GFP-CENPC-CENPA-DAPI-5_R3D_D3D-1-interphase-CENP-C(particle)0002.tif,692.4221344949633,218.635,226.0,1316.0,687.0714285714286,Expt2023_011_set5_RPE-1-p21-GFP-PCNA-mRuby_200k_6days-GFP-CENPC-CENPA-DAPI-5_R3D_D3D-1-interphase-CENP-A(mask)0002.tif,319.95153664302603,147.415,2.147423437250132,0.4374911724182829,4.908495468331398,2.268097146899316,0.4408982222684271,0.20372841463372923,Interphase,KTProtein_Interphase_1,Expt-1
29,2_11,42.0,27.0,2940.0,1223.1666666666667,Expt2023_011_set5_RPE-1-p21-GFP-PCNA-mRuby_200k_6days-GFP-CENPC-CENPA-DAPI-5_R3D_D3D-1-interphase-CENP-C(particle)0002.tif,692.4221344949633,218.635,214.0,2003.0,945.1666666666666,Expt2023_011_set5_RPE-1-p21-GFP-PCNA-mRuby_200k_6days-GFP-CENPC-CENPA-DAPI-5_R3D_D3D-1-interphase-CENP-A(mask)0002.tif,319.95153664302603,147.415,2.95409322481611,1.7665042836315685,1.6722819481326723,0.7727210791660989,1.2941280197496035,0.5979852865819872,Interphase,KTProtein_Interphase_1,Expt-1
30,2_12,5.0,1628.0,1851.0,1726.8,Expt2023_011_set5_RPE-1-p21-GFP-PCNA-mRuby_200k_6days-GFP-CENPC-CENPA-DAPI-5_R3D_D3D-1-interphase-CENP-C(particle)0002.tif,692.4221344949633,218.635,582.0,1094.0,887.4,Expt2023_011_set5_RPE-1-p21-GFP-PCNA-mRuby_200k_6days-GFP-CENPC-CENPA-DAPI-5_R3D_D3D-1-interphase-CENP-A(mask)0002.tif,319.95153664302603,147.415,2.773545047824175,2.4938544191102268,1.112151947030548,0.5138985406532314,1.9459093982420554,0.8991577119205748,Interphase,KTProtein_Interphase_1,Expt-1
31,2_13,14.0,68.0,1001.0,474.7142857142857,Expt2023_011_set5_RPE-1-p21-GFP-PCNA-mRuby_200k_6days-GFP-CENPC-CENPA-DAPI-5_R3D_D3D-1-interphase-CENP-C(particle)0002.tif,692.4221344949633,218.635,211.0,1173.0,611.1428571428571,Expt2023_011_set5_RPE-1-p21-GFP-PCNA-mRuby_200k_6days-GFP-CENPC-CENPA-DAPI-5_R3D_D3D-1-interphase-CENP-A(mask)0002.tif,319.95153664302603,147.415,1.9101107110003255,0.685585081794838,2.786103084389937,1.2873909118266627,0.7767648433847593,0.3589242643615128,Interphase,KTProtein_Interphase_1,Expt-1
32,2_14,5.0,261.0,927.0,594.8,Expt2023_011_set5_RPE-1-p21-GFP-PCNA-mRuby_200k_6days-GFP-CENPC-CENPA-DAPI-5_R3D_D3D-1-interphase-CENP-C(particle)0002.tif,692.4221344949633,218.635,462.0,1168.0,779.0,Expt2023_011_set5_RPE-1-p21-GFP-PCNA-mRuby_200k_6days-GFP-CENPC-CENPA-DAPI-5_R3D_D3D-1-interphase-CENP-A(mask)0002.tif,319.95153664302603,147.415,2.4347437370464644,0.8590135559918709,2.834348445450499,1.3096839273705447,0.7635430038510911,0.3528147718058911,Interphase,KTProtein_Interphase_1,Expt-1
33,4_1,13.0,454.0,7883.0,3288.923076923077,Expt2023_011_set5_RPE-1-p21-GFP-PCNA-mRuby_200k_6days-GFP-CENPC-CENPA-DAPI-5_R3D_D3D-1-interphase-CENP-C(particle)0004.tif,852.706176544136,199.28,879.0,4752.0,2554.923076923077,Expt2023_011_set5_RPE-1-p21-GFP-PCNA-mRuby_200k_6days-GFP-CENPC-CENPA-DAPI-5_R3D_D3D-1-interphase-CENP-A(mask)0004.tif,360.1125,145.25,7.094791424688332,3.857041460931464,1.83943872435713,0.7768266442136776,1.2872884928042392,0.5436440946677865,Interphase,KTProtein_Interphase_1,Expt-1
34,4_2,25.0,708.0,10147.0,4251.44,Expt2023_011_set5_RPE-1-p21-GFP-PCNA-mRuby_200k_6days-GFP-CENPC-CENPA-DAPI-5_R3D_D3D-1-interphase-CENP-C(particle)0004.tif,852.706176544136,199.28,480.0,6700.0,2638.92,Expt2023_011_set5_RPE-1-p21-GFP-PCNA-mRuby_200k_6days-GFP-CENPC-CENPA-DAPI-5_R3D_D3D-1-interphase-CENP-A(mask)0004.tif,360.1125,145.25,7.328043319795897,4.98582057565282,1.4697767816958391,0.6207120410966638,1.6110530065329753,0.6803754232980825,Interphase,KTProtein_Interphase_1,Expt-1
35,4_3,34.0,1074.0,17681.0,6211.088235294118,Expt2023_011_set5_RPE-1-p21-GFP-PCNA-mRuby_200k_6days-GFP-CENPC-CENPA-DAPI-5_R3D_D3D-1-interphase-CENP-C(particle)0004.tif,852.706176544136,199.28,339.0,13118.0,3619.176470588235,Expt2023_011_set5_RPE-1-p21-GFP-PCNA-mRuby_200k_6days-GFP-CENPC-CENPA-DAPI-5_R3D_D3D-1-interphase-CENP-A(mask)0004.tif,360.1125,145.25,10.050127309072124,7.283972376588775,1.379759118990343,0.5826960322383592,1.7161606475311253,0.7247641898042052,Interphase,KTProtein_Interphase_1,Expt-1
36,4_4,34.0,1333.0,11449.0,4877.794117647059,Expt2023_011_set5_RPE-1-p21-GFP-PCNA-mRuby_200k_6days-GFP-CENPC-CENPA-DAPI-5_R3D_D3D-1-interphase-CENP-C(particle)0004.tif,852.706176544136,199.28,432.0,9175.0,3077.0882352941176,Expt2023_011_set5_RPE-1-p21-GFP-PCNA-mRuby_200k_6days-GFP-CENPC-CENPA-DAPI-5_R3D_D3D-1-interphase-CENP-A(mask)0004.tif,360.1125,145.25,8.544797071176694,5.7203691632865565,1.4937492366781802,0.630836021586421,1.585198000401449,0.6694564090448096,Interphase,KTProtein_Interphase_1,Expt-1
37,4_5,25.0,471.0,6536.0,2933.36,Expt2023_011_set5_RPE-1-p21-GFP-PCNA-mRuby_200k_6days-GFP-CENPC-CENPA-DAPI-5_R3D_D3D-1-interphase-CENP-C(particle)0004.tif,852.706176544136,199.28,768.0,5699.0,2473.96,Expt2023_011_set5_RPE-1-p21-GFP-PCNA-mRuby_200k_6days-GFP-CENPC-CENPA-DAPI-5_R3D_D3D-1-interphase-CENP-A(mask)0004.tif,360.1125,145.25,6.869964247283835,3.4400595195503074,1.997048076709409,0.8433877873837511,1.1856941906902294,0.500739071664077,Interphase,KTProtein_Interphase_1,Expt-1
38,4_6,16.0,838.0,7395.0,3744.5625,Expt2023_011_set5_RPE-1-p21-GFP-PCNA-mRuby_200k_6days-GFP-CENPC-CENPA-DAPI-5_R3D_D3D-1-interphase-CENP-C(particle)0004.tif,852.706176544136,199.28,903.0,5321.0,2415.125,Expt2023_011_set5_RPE-1-p21-GFP-PCNA-mRuby_200k_6days-GFP-CENPC-CENPA-DAPI-5_R3D_D3D-1-interphase-CENP-A(mask)0004.tif,360.1125,145.25,6.706584747821861,4.391386626488429,1.527213456307485,0.6449685377130172,1.5504632265410694,0.6547873159903999,Interphase,KTProtein_Interphase_1,Expt-1
39,4_7,23.0,380.0,7108.0,3537.782608695652,Expt2023_011_set5_RPE-1-p21-GFP-PCNA-mRuby_200k_6days-GFP-CENPC-CENPA-DAPI-5_R3D_D3D-1-interphase-CENP-C(particle)0004.tif,852.706176544136,199.28,1064.0,5402.0,2526.478260869565,Expt2023_011_set5_RPE-1-p21-GFP-PCNA-mRuby_200k_6days-GFP-CENPC-CENPA-DAPI-5_R3D_D3D-1-interphase-CENP-A(mask)0004.tif,360.1125,145.25,7.0158027307287725,4.148888217314955,1.6910078949461804,0.7141417493148496,1.4002822282262646,0.5913632946295777,Interphase,KTProtein_Interphase_1,Expt-1
40,4_8,32.0,343.0,9368.0,3990.4375,Expt2023_011_set5_RPE-1-p21-GFP-PCNA-mRuby_200k_6days-GFP-CENPC-CENPA-DAPI-5_R3D_D3D-1-interphase-CENP-C(particle)0004.tif,852.706176544136,199.28,396.0,6321.0,2596.78125,Expt2023_011_set5_RPE-1-p21-GFP-PCNA-mRuby_200k_6days-GFP-CENPC-CENPA-DAPI-5_R3D_D3D-1-interphase-CENP-A(mask)0004.tif,360.1125,145.25,7.211027803811309,4.679733312326318,1.5409057146093377,0.650751014143186,1.5366860416140173,0.6489689735841675,Interphase,KTProtein_Interphase_1,Expt-1
41,4_9,5.0,2953.0,5024.0,4051.4,Expt2023_011_set5_RPE-1-p21-GFP-PCNA-mRuby_200k_6days-GFP-CENPC-CENPA-DAPI-5_R3D_D3D-1-interphase-CENP-C(particle)0004.tif,852.706176544136,199.28,1372.0,3864.0,2677.6,Expt2023_011_set5_RPE-1-p21-GFP-PCNA-mRuby_200k_6days-GFP-CENPC-CENPA-DAPI-5_R3D_D3D-1-interphase-CENP-A(mask)0004.tif,360.1125,145.25,7.435454198340795,4.751226285729032,1.5649547614000652,0.6609073406723601,1.5130714072303557,0.6389961068940829,Interphase,KTProtein_Interphase_1,Expt-1
42,4_10,16.0,358.0,6867.0,3165.0,Expt2023_011_set5_RPE-1-p21-GFP-PCNA-mRuby_200k_6days-GFP-CENPC-CENPA-DAPI-5_R3D_D3D-1-interphase-CENP-C(particle)0004.tif,852.706176544136,199.28,1153.0,4462.0,2489.8125,Expt2023_011_set5_RPE-1-p21-GFP-PCNA-mRuby_200k_6days-GFP-CENPC-CENPA-DAPI-5_R3D_D3D-1-interphase-CENP-A(mask)0004.tif,360.1125,145.25,6.913985212954285,3.7117122955848316,1.8627481502751793,0.7866706161137441,1.271180058739363,0.5368412256118855,Interphase,KTProtein_Interphase_1,Expt-1
43,5_1,32.0,995.0,18769.0,6670.84375,Expt2023_011_set5_RPE-1-p21-GFP-PCNA-mRuby_200k_6days-GFP-CENPC-CENPA-DAPI-5_R3D_D3D-1-interphase-CENP-C(particle)0005.tif,866.8260869565217,193.605,269.0,12479.0,3627.09375,Expt2023_011_set5_RPE-1-p21-GFP-PCNA-mRuby_200k_6days-GFP-CENPC-CENPA-DAPI-5_R3D_D3D-1-interphase-CENP-A(mask)0005.tif,475.5517241379311,139.6,7.627127746356318,7.695711804684757,0.9910880162785346,0.5437233858160746,1.8391704791198187,1.008992121360653,Interphase,KTProtein_Interphase_1,Expt-1
44,5_2,26.0,375.0,8409.0,3701.192307692308,Expt2023_011_set5_RPE-1-p21-GFP-PCNA-mRuby_200k_6days-GFP-CENPC-CENPA-DAPI-5_R3D_D3D-1-interphase-CENP-C(particle)0005.tif,866.8260869565217,193.605,603.0,7628.0,2658.269230769231,Expt2023_011_set5_RPE-1-p21-GFP-PCNA-mRuby_200k_6days-GFP-CENPC-CENPA-DAPI-5_R3D_D3D-1-interphase-CENP-A(mask)0005.tif,475.5517241379311,139.6,5.589863511877868,4.269821090280538,1.309156377676377,0.7182197005123089,1.392331621211025,0.7638506881621743,Interphase,KTProtein_Interphase_1,Expt-1
45,5_3,34.0,760.0,24534.0,7574.294117647059,Expt2023_011_set5_RPE-1-p21-GFP-PCNA-mRuby_200k_6days-GFP-CENPC-CENPA-DAPI-5_R3D_D3D-1-interphase-CENP-C(particle)0005.tif,866.8260869565217,193.605,280.0,14895.0,3855.705882352941,Expt2023_011_set5_RPE-1-p21-GFP-PCNA-mRuby_200k_6days-GFP-CENPC-CENPA-DAPI-5_R3D_D3D-1-interphase-CENP-A(mask)0005.tif,475.5517241379311,139.6,8.107858066002123,8.737962818171358,0.9278888265742128,0.5090515132452645,1.964437731703968,1.077715316060032,Interphase,KTProtein_Interphase_1,Expt-1
47,5_5,40.0,289.0,7498.0,2932.925,Expt2023_011_set5_RPE-1-p21-GFP-PCNA-mRuby_200k_6days-GFP-CENPC-CENPA-DAPI-5_R3D_D3D-1-interphase-CENP-C(particle)0005.tif,866.8260869565217,193.605,363.0,5894.0,2262.6,Expt2023_011_set5_RPE-1-p21-GFP-PCNA-mRuby_200k_6days-GFP-CENPC-CENPA-DAPI-5_R3D_D3D-1-interphase-CENP-A(mask)0005.tif,475.5517241379311,139.6,4.757842070915814,3.3835218438079955,1.4061803914825877,0.7714482982006017,1.2962631485901177,0.7111463124198903,Interphase,KTProtein_Interphase_1,Expt-1
48,5_7,38.0,947.0,32819.0,8945.894736842105,Expt2023_011_set5_RPE-1-p21-GFP-PCNA-mRuby_200k_6days-GFP-CENPC-CENPA-DAPI-5_R3D_D3D-1-interphase-CENP-C(particle)0005.tif,866.8260869565217,193.605,466.0,15102.0,3861.078947368421,Expt2023_011_set5_RPE-1-p21-GFP-PCNA-mRuby_200k_6days-GFP-CENPC-CENPA-DAPI-5_R3D_D3D-1-interphase-CENP-A(mask)0005.tif,475.5517241379311,139.6,8.119156658232484,10.320287854108864,0.7867180424623492,0.43160344056668154,2.316941678423675,1.2711034271822463,Interphase,KTProtein_Interphase_1,Expt-1
49,5_8,40.0,213.0,12285.0,4160.525,Expt2023_011_set5_RPE-1-p21-GFP-PCNA-mRuby_200k_6days-GFP-CENPC-CENPA-DAPI-5_R3D_D3D-1-interphase-CENP-C(particle)0005.tif,866.8260869565217,193.605,255.0,8563.0,2916.65,Expt2023_011_set5_RPE-1-p21-GFP-PCNA-mRuby_200k_6days-GFP-CENPC-CENPA-DAPI-5_R3D_D3D-1-interphase-CENP-A(mask)0005.tif,475.5517241379311,139.6,6.1331919367703565,4.799722877062747,1.2778220938713118,0.7010293172135729,1.4264738655649458,0.7825815540333809,Interphase,KTProtein_Interphase_1,Expt-1
50,5_9,42.0,1267.0,17338.0,6131.142857142857,Expt2023_011_set5_RPE-1-p21-GFP-PCNA-mRuby_200k_6days-GFP-CENPC-CENPA-DAPI-5_R3D_D3D-1-interphase-CENP-C(particle)0005.tif,866.8260869565217,193.605,172.0,13721.0,3583.4761904761904,Expt2023_011_set5_RPE-1-p21-GFP-PCNA-mRuby_200k_6days-GFP-CENPC-CENPA-DAPI-5_R3D_D3D-1-interphase-CENP-A(mask)0005.tif,475.5517241379311,139.6,7.535407840171815,7.073094533494794,1.0653622405988956,0.5844711620609845,1.71094840072821,0.9386478719555968,Interphase,KTProtein_Interphase_1,Expt-1
51,5_10,29.0,1050.0,17272.0,6349.172413793103,Expt2023_011_set5_RPE-1-p21-GFP-PCNA-mRuby_200k_6days-GFP-CENPC-CENPA-DAPI-5_R3D_D3D-1-interphase-CENP-C(particle)0005.tif,866.8260869565217,193.605,315.0,10238.0,3045.310344827586,Expt2023_011_set5_RPE-1-p21-GFP-PCNA-mRuby_200k_6days-GFP-CENPC-CENPA-DAPI-5_R3D_D3D-1-interphase-CENP-A(mask)0005.tif,475.5517241379311,139.6,6.4037415705895135,7.324620831481234,0.8742761868390811,0.47963894289779824,2.0849016011051478,1.1438033141626212,Interphase,KTProtein_Interphase_1,Expt-1
52,5_11,43.0,504.0,17284.0,6093.116279069767,Expt2023_011_set5_RPE-1-p21-GFP-PCNA-mRuby_200k_6days-GFP-CENPC-CENPA-DAPI-5_R3D_D3D-1-interphase-CENP-C(particle)0005.tif,866.8260869565217,193.605,378.0,13246.0,3651.186046511628,Expt2023_011_set5_RPE-1-p21-GFP-PCNA-mRuby_200k_6days-GFP-CENPC-CENPA-DAPI-5_R3D_D3D-1-interphase-CENP-A(mask)0005.tif,475.5517241379311,139.6,7.677789525693365,7.029225782143985,1.0922667394177175,0.5992313094456574,1.6688046572951765,0.9155272827707778,Interphase,KTProtein_Interphase_1,Expt-1
53,5_12,48.0,1025.0,20414.0,6475.125,Expt2023_011_set5_RPE-1-p21-GFP-PCNA-mRuby_200k_6days-GFP-CENPC-CENPA-DAPI-5_R3D_D3D-1-interphase-CENP-C(particle)0005.tif,866.8260869565217,193.605,277.0,14388.0,4149.208333333333,Expt2023_011_set5_RPE-1-p21-GFP-PCNA-mRuby_200k_6days-GFP-CENPC-CENPA-DAPI-5_R3D_D3D-1-interphase-CENP-A(mask)0005.tif,475.5517241379311,139.6,8.725041089599495,7.469924010633496,1.1680227372031269,0.6407920053023429,1.5605687832016149,0.8561477171193915,Interphase,KTProtein_Interphase_1,Expt-1
54,5_13,32.0,1095.0,11459.0,4294.34375,Expt2023_011_set5_RPE-1-p21-GFP-PCNA-mRuby_200k_6days-GFP-CENPC-CENPA-DAPI-5_R3D_D3D-1-interphase-CENP-C(particle)0005.tif,866.8260869565217,193.605,534.0,8298.0,2687.46875,Expt2023_011_set5_RPE-1-p21-GFP-PCNA-mRuby_200k_6days-GFP-CENPC-CENPA-DAPI-5_R3D_D3D-1-interphase-CENP-A(mask)0005.tif,475.5517241379311,139.6,5.651264864766876,4.954100729798866,1.1407246588214435,0.6258159352054665,1.5979139292317353,0.87663573524672,Interphase,KTProtein_Interphase_1,Expt-1
55,5_14,36.0,1152.0,14934.0,5231.861111111111,Expt2023_011_set5_RPE-1-p21-GFP-PCNA-mRuby_200k_6days-GFP-CENPC-CENPA-DAPI-5_R3D_D3D-1-interphase-CENP-C(particle)0005.tif,866.8260869565217,193.605,623.0,11037.0,3510.805555555556,Expt2023_011_set5_RPE-1-p21-GFP-PCNA-mRuby_200k_6days-GFP-CENPC-CENPA-DAPI-5_R3D_D3D-1-interphase-CENP-A(mask)0005.tif,475.5517241379311,139.6,7.382594526220804,6.035652583415537,1.223164260067971,0.6710433402177896,1.490216711897396,0.8175516834872448,Interphase,KTProtein_Interphase_1,Expt-1
56,5_15,44.0,522.0,12068.0,4605.045454545455,Expt2023_011_set5_RPE-1-p21-GFP-PCNA-mRuby_200k_6days-GFP-CENPC-CENPA-DAPI-5_R3D_D3D-1-interphase-CENP-C(particle)0005.tif,866.8260869565217,193.605,379.0,8843.0,2866.431818181818,Expt2023_011_set5_RPE-1-p21-GFP-PCNA-mRuby_200k_6days-GFP-CENPC-CENPA-DAPI-5_R3D_D3D-1-interphase-CENP-A(mask)0005.tif,475.5517241379311,139.6,6.027592105523364,5.312536763532401,1.1345977211676763,0.6224546199326825,1.6065428193113074,0.8813696531761457,Interphase,KTProtein_Interphase_1,Expt-1
57,5_16,30.0,330.0,12968.0,4232.9,Expt2023_011_set5_RPE-1-p21-GFP-PCNA-mRuby_200k_6days-GFP-CENPC-CENPA-DAPI-5_R3D_D3D-1-interphase-CENP-C(particle)0005.tif,866.8260869565217,193.605,404.0,8197.0,2576.833333333333,Expt2023_011_set5_RPE-1-p21-GFP-PCNA-mRuby_200k_6days-GFP-CENPC-CENPA-DAPI-5_R3D_D3D-1-interphase-CENP-A(mask)0005.tif,475.5517241379311,139.6,5.418618422642785,4.883217133972011,1.1096410980675107,0.6087631017348232,1.6426751180389367,0.9011922879763056,Interphase,KTProtein_Interphase_1,Expt-1
58,7_1,30.0,1284.0,15366.0,5603.033333333334,Expt2023_011_set5_RPE-1-p21-GFP-PCNA-mRuby_200k_6days-GFP-CENPC-CENPA-DAPI-5_R3D_D3D-1-interphase-CENP-C(particle)0007.tif,1636.4603174603174,174.915,355.0,12897.0,3770.366666666667,Expt2023_011_set5_RPE-1-p21-GFP-PCNA-mRuby_200k_6days-GFP-CENPC-CENPA-DAPI-5_R3D_D3D-1-interphase-CENP-A(mask)0007.tif,812.5555555555555,136.625,4.640134007931082,3.4238736335683875,1.3552293409541225,0.672915266135605,1.4860712043921458,0.7378824895393497,Interphase,KTProtein_Interphase_1,Expt-1
59,7_2,9.0,5647.0,20404.0,12849.555555555557,Expt2023_011_set5_RPE-1-p21-GFP-PCNA-mRuby_200k_6days-GFP-CENPC-CENPA-DAPI-5_R3D_D3D-1-interphase-CENP-C(particle)0007.tif,1636.4603174603174,174.915,1394.0,5393.0,3530.333333333333,Expt2023_011_set5_RPE-1-p21-GFP-PCNA-mRuby_200k_6days-GFP-CENPC-CENPA-DAPI-5_R3D_D3D-1-interphase-CENP-A(mask)0007.tif,812.5555555555555,136.625,4.344728565568166,7.852042251471916,0.553324654455816,0.2747436141327845,3.639757026406069,1.8072572619838898,Interphase,KTProtein_Interphase_1,Expt-1
60,7_3,27.0,1187.0,28703.0,9438.0,Expt2023_011_set5_RPE-1-p21-GFP-PCNA-mRuby_200k_6days-GFP-CENPC-CENPA-DAPI-5_R3D_D3D-1-interphase-CENP-C(particle)0007.tif,1636.4603174603174,174.915,795.0,8787.0,3258.777777777778,Expt2023_011_set5_RPE-1-p21-GFP-PCNA-mRuby_200k_6days-GFP-CENPC-CENPA-DAPI-5_R3D_D3D-1-interphase-CENP-A(mask)0007.tif,812.5555555555555,136.625,4.0105291945849855,5.767325916370021,0.6953879931081178,0.34528266346448167,2.8961778444542943,1.4380461122579689,Interphase,KTProtein_Interphase_1,Expt-1
61,7_4,21.0,1113.0,13269.0,5677.190476190476,Expt2023_011_set5_RPE-1-p21-GFP-PCNA-mRuby_200k_6days-GFP-CENPC-CENPA-DAPI-5_R3D_D3D-1-interphase-CENP-C(particle)0007.tif,1636.4603174603174,174.915,469.0,9428.0,3173.190476190476,Expt2023_011_set5_RPE-1-p21-GFP-PCNA-mRuby_200k_6days-GFP-CENPC-CENPA-DAPI-5_R3D_D3D-1-interphase-CENP-A(mask)0007.tif,812.5555555555555,136.625,3.905198179367467,3.4691892101613044,1.1256803658702403,0.5589367644961878,1.7891111544637364,0.8883516407669779,Interphase,KTProtein_Interphase_1,Expt-1
62,7_5,38.0,540.0,23047.0,7988.236842105263,Expt2023_011_set5_RPE-1-p21-GFP-PCNA-mRuby_200k_6days-GFP-CENPC-CENPA-DAPI-5_R3D_D3D-1-interphase-CENP-C(particle)0007.tif,1636.4603174603174,174.915,828.0,9581.0,3585.6315789473683,Expt2023_011_set5_RPE-1-p21-GFP-PCNA-mRuby_200k_6days-GFP-CENPC-CENPA-DAPI-5_R3D_D3D-1-interphase-CENP-A(mask)0007.tif,812.5555555555555,136.625,4.4127832914708485,4.881411884464452,0.90399732616601,0.4488639545647712,2.227846521936971,1.10619796215676,Interphase,KTProtein_Interphase_1,Expt-1
63,7_6,28.0,1757.0,37884.0,12876.035714285714,Expt2023_011_set5_RPE-1-p21-GFP-PCNA-mRuby_200k_6days-GFP-CENPC-CENPA-DAPI-5_R3D_D3D-1-interphase-CENP-C(particle)0007.tif,1636.4603174603174,174.915,803.0,17915.0,5197.464285714285,Expt2023_011_set5_RPE-1-p21-GFP-PCNA-mRuby_200k_6days-GFP-CENPC-CENPA-DAPI-5_R3D_D3D-1-interphase-CENP-A(mask)0007.tif,812.5555555555555,136.625,6.396441757340157,7.868223614654161,0.8129461071018768,0.4036540749842592,2.4773687718599042,1.230093841724593,Interphase,KTProtein_Interphase_1,Expt-1
64,7_7,44.0,963.0,38359.0,11699.34090909091,Expt2023_011_set5_RPE-1-p21-GFP-PCNA-mRuby_200k_6days-GFP-CENPC-CENPA-DAPI-5_R3D_D3D-1-interphase-CENP-C(particle)0007.tif,1636.4603174603174,174.915,501.0,14564.0,4525.772727272727,Expt2023_011_set5_RPE-1-p21-GFP-PCNA-mRuby_200k_6days-GFP-CENPC-CENPA-DAPI-5_R3D_D3D-1-interphase-CENP-A(mask)0007.tif,812.5555555555555,136.625,5.5698009770893675,7.149174828294978,0.779083056557133,0.3868399735027808,2.5850482589613026,1.2835601950055584,Interphase,KTProtein_Interphase_1,Expt-1
65,7_8,16.0,364.0,9700.0,3864.25,Expt2023_011_set5_RPE-1-p21-GFP-PCNA-mRuby_200k_6days-GFP-CENPC-CENPA-DAPI-5_R3D_D3D-1-interphase-CENP-C(particle)0007.tif,1636.4603174603174,174.915,809.0,6188.0,2884.875,Expt2023_011_set5_RPE-1-p21-GFP-PCNA-mRuby_200k_6days-GFP-CENPC-CENPA-DAPI-5_R3D_D3D-1-interphase-CENP-A(mask)0007.tif,812.5555555555555,136.625,3.550372624094079,2.361346595924227,1.5035372741223823,0.7465549589182895,1.339486112916504,0.6650982434630375,Interphase,KTProtein_Interphase_1,Expt-1
66,7_9,9.0,218.0,6761.0,2548.6666666666665,Expt2023_011_set5_RPE-1-p21-GFP-PCNA-mRuby_200k_6days-GFP-CENPC-CENPA-DAPI-5_R3D_D3D-1-interphase-CENP-C(particle)0007.tif,1636.4603174603174,174.915,997.0,4739.0,2861.1111111111118,Expt2023_011_set5_RPE-1-p21-GFP-PCNA-mRuby_200k_6days-GFP-CENPC-CENPA-DAPI-5_R3D_D3D-1-interphase-CENP-A(mask)0007.tif,812.5555555555555,136.625,3.5211267605633814,1.5574265012560986,2.2608622350547622,1.1225913331589505,0.8907961165048541,0.44230912635673186,Interphase,KTProtein_Interphase_1,Expt-1
67,7_10,18.0,3385.0,22152.0,12233.611111111111,Expt2023_011_set5_RPE-1-p21-GFP-PCNA-mRuby_200k_6days-GFP-CENPC-CENPA-DAPI-5_R3D_D3D-1-interphase-CENP-C(particle)0007.tif,1636.4603174603174,174.915,1197.0,5546.0,3428.833333333333,Expt2023_011_set5_RPE-1-p21-GFP-PCNA-mRuby_200k_6days-GFP-CENPC-CENPA-DAPI-5_R3D_D3D-1-interphase-CENP-A(mask)0007.tif,812.5555555555555,136.625,4.219814029809927,7.475653995751574,0.5644742295735001,0.28027973933380257,3.5678640289051997,1.7715600599793018,Interphase,KTProtein_Interphase_1,Expt-1
68,7_11,35.0,2510.0,40791.0,14135.42857142857,Expt2023_011_set5_RPE-1-p21-GFP-PCNA-mRuby_200k_6days-GFP-CENPC-CENPA-DAPI-5_R3D_D3D-1-interphase-CENP-C(particle)0007.tif,1636.4603174603174,174.915,786.0,10537.0,4235.228571428572,Expt2023_011_set5_RPE-1-p21-GFP-PCNA-mRuby_200k_6days-GFP-CENPC-CENPA-DAPI-5_R3D_D3D-1-interphase-CENP-A(mask)0007.tif,812.5555555555555,136.625,5.212232619015062,8.63780711368905,0.6034208162341116,0.2996179811618224,3.3375833991081603,1.6572182680751704,Interphase,KTProtein_Interphase_1,Expt-1
69,7_12,24.0,644.0,11446.0,5043.666666666667,Expt2023_011_set5_RPE-1-p21-GFP-PCNA-mRuby_200k_6days-GFP-CENPC-CENPA-DAPI-5_R3D_D3D-1-interphase-CENP-C(particle)0007.tif,1636.4603174603174,174.915,482.0,10679.0,3551.9166666666665,Expt2023_011_set5_RPE-1-p21-GFP-PCNA-mRuby_200k_6days-GFP-CENPC-CENPA-DAPI-5_R3D_D3D-1-interphase-CENP-A(mask)0007.tif,812.5555555555555,136.625,4.3712908519075615,3.082058643801469,1.4183022963235798,0.7042330315246843,1.4199845154024824,0.7050683077875058,Interphase,KTProtein_Interphase_1,Expt-1
70,7_13,40.0,2294.0,46583.0,15045.5,Expt2023_011_set5_RPE-1-p21-GFP-PCNA-mRuby_200k_6days-GFP-CENPC-CENPA-DAPI-5_R3D_D3D-1-interphase-CENP-C(particle)0007.tif,1636.4603174603174,174.915,965.0,14233.0,4718.675,Expt2023_011_set5_RPE-1-p21-GFP-PCNA-mRuby_200k_6days-GFP-CENPC-CENPA-DAPI-5_R3D_D3D-1-interphase-CENP-A(mask)0007.tif,812.5555555555555,136.625,5.807202926295639,9.193929018303152,0.6316345182494596,0.3136269981057459,3.1885010092875645,1.583194032478537,Interphase,KTProtein_Interphase_1,Expt-1
71,7_14,22.0,988.0,16811.0,7556.318181818182,Expt2023_011_set5_RPE-1-p21-GFP-PCNA-mRuby_200k_6days-GFP-CENPC-CENPA-DAPI-5_R3D_D3D-1-interphase-CENP-C(particle)0007.tif,1636.4603174603174,174.915,513.0,10851.0,3878.727272727273,Expt2023_011_set5_RPE-1-p21-GFP-PCNA-mRuby_200k_6days-GFP-CENPC-CENPA-DAPI-5_R3D_D3D-1-interphase-CENP-A(mask)0007.tif,812.5555555555555,136.625,4.77349178921721,4.61747718609218,1.0337878449285998,0.5133091512821901,1.9481437209956405,0.9673164614051606,Interphase,KTProtein_Interphase_1,Expt-1
72,7_15,26.0,1983.0,37863.0,11871.076923076924,Expt2023_011_set5_RPE-1-p21-GFP-PCNA-mRuby_200k_6days-GFP-CENPC-CENPA-DAPI-5_R3D_D3D-1-interphase-CENP-C(particle)0007.tif,1636.4603174603174,174.915,615.0,11228.0,3762.6153846153848,Expt2023_011_set5_RPE-1-p21-GFP-PCNA-mRuby_200k_6days-GFP-CENPC-CENPA-DAPI-5_R3D_D3D-1-interphase-CENP-A(mask)0007.tif,812.5555555555555,136.625,4.63059462074914,7.254118414249166,0.6383400926642342,0.31695653300847565,3.1550067465347347,1.5665630460814535,Interphase,KTProtein_Interphase_1,Expt-1
73,7_16,16.0,3367.0,21165.0,11479.25,Expt2023_011_set5_RPE-1-p21-GFP-PCNA-mRuby_200k_6days-GFP-CENPC-CENPA-DAPI-5_R3D_D3D-1-interphase-CENP-C(particle)0007.tif,1636.4603174603174,174.915,1278.0,6454.0,3646.375,Expt2023_011_set5_RPE-1-p21-GFP-PCNA-mRuby_200k_6days-GFP-CENPC-CENPA-DAPI-5_R3D_D3D-1-interphase-CENP-A(mask)0007.tif,812.5555555555555,136.625,4.48753931355121,7.014682774474524,0.6397351751786631,0.3176492366661585,3.1481265640533405,1.5631468126177734,Interphase,KTProtein_Interphase_1,Expt-1
74,7_17,34.0,1521.0,29823.0,12042.5,Expt2023_011_set5_RPE-1-p21-GFP-PCNA-mRuby_200k_6days-GFP-CENPC-CENPA-DAPI-5_R3D_D3D-1-interphase-CENP-C(particle)0007.tif,1636.4603174603174,174.915,754.0,10326.0,4155.911764705882,Expt2023_011_set5_RPE-1-p21-GFP-PCNA-mRuby_200k_6days-GFP-CENPC-CENPA-DAPI-5_R3D_D3D-1-interphase-CENP-A(mask)0007.tif,812.5555555555555,136.625,5.1146186082801774,7.358870772185418,0.6950276430470936,0.34510373798678695,2.897679421943228,1.4387916941200596,Interphase,KTProtein_Interphase_1,Expt-1
75,7_18,26.0,452.0,11099.0,4913.2307692307695,Expt2023_011_set5_RPE-1-p21-GFP-PCNA-mRuby_200k_6days-GFP-CENPC-CENPA-DAPI-5_R3D_D3D-1-interphase-CENP-C(particle)0007.tif,1636.4603174603174,174.915,760.0,6943.0,3125.1153846153848,Expt2023_011_set5_RPE-1-p21-GFP-PCNA-mRuby_200k_6days-GFP-CENPC-CENPA-DAPI-5_R3D_D3D-1-interphase-CENP-A(mask)0007.tif,812.5555555555555,136.625,3.846032881380892,3.002352526858575,1.2810064264522185,0.6360611848697395,1.5721757965859722,0.7806362086484817,Interphase,KTProtein_Interphase_1,Expt-1
76,7_19,28.0,2442.0,35145.0,12436.857142857143,Expt2023_011_set5_RPE-1-p21-GFP-PCNA-mRuby_200k_6days-GFP-CENPC-CENPA-DAPI-5_R3D_D3D-1-interphase-CENP-C(particle)0007.tif,1636.4603174603174,174.915,743.0,9894.0,3232.178571428572,Expt2023_011_set5_RPE-1-p21-GFP-PCNA-mRuby_200k_6days-GFP-CENPC-CENPA-DAPI-5_R3D_D3D-1-interphase-CENP-A(mask)0007.tif,812.5555555555555,136.625,3.97779394815495,7.59985256603005,0.5234040941708475,0.25988708676973976,3.8478248859128623,1.9105696939267423,Interphase,KTProtein_Interphase_1,Expt-1
77,7_20,30.0,1317.0,26040.0,8468.5,Expt2023_011_set5_RPE-1-p21-GFP-PCNA-mRuby_200k_6days-GFP-CENPC-CENPA-DAPI-5_R3D_D3D-1-interphase-CENP-C(particle)0007.tif,1636.4603174603174,174.915,512.0,16882.0,4896.6,Expt2023_011_set5_RPE-1-p21-GFP-PCNA-mRuby_200k_6days-GFP-CENPC-CENPA-DAPI-5_R3D_D3D-1-interphase-CENP-A(mask)0007.tif,812.5555555555555,136.625,6.026172569396965,5.174888697052291,1.1645028371005508,0.5782133789927378,1.729465343299432,0.8587355634872132,Interphase,KTProtein_Interphase_1,Expt-1
78,7_21,38.0,1229.0,27150.0,8739.263157894737,Expt2023_011_set5_RPE-1-p21-GFP-PCNA-mRuby_200k_6days-GFP-CENPC-CENPA-DAPI-5_R3D_D3D-1-interphase-CENP-C(particle)0007.tif,1636.4603174603174,174.915,743.0,17023.0,5434.421052631579,Expt2023_011_set5_RPE-1-p21-GFP-PCNA-mRuby_200k_6days-GFP-CENPC-CENPA-DAPI-5_R3D_D3D-1-interphase-CENP-A(mask)0007.tif,812.5555555555555,136.625,6.6880609153130335,5.340345295666881,1.2523648837350796,0.6218397311588355,1.6081314041102523,0.7984893324520397,Interphase,KTProtein_Interphase_1,Expt-1
79,8_1,26.0,1809.0,28587.0,9891.076923076924,Expt2023_011_set5_RPE-1-p21-GFP-PCNA-mRuby_200k_6days-GFP-CENPC-CENPA-DAPI-5_R3D_D3D-1-interphase-CENP-C(particle)0008.tif,3133.8037974683543,170.97,822.0,14101.0,4464.346153846154,Expt2023_011_set5_RPE-1-p21-GFP-PCNA-mRuby_200k_6days-GFP-CENPC-CENPA-DAPI-5_R3D_D3D-1-interphase-CENP-A(mask)0008.tif,1050.7720207253883,134.85,4.248634400033077,3.156252772131886,1.3461008058500155,0.4513508679151372,2.2155712353432753,0.7428864135985231,Interphase,KTProtein_Interphase_1,Expt-1
80,8_2,20.0,1361.0,28488.0,10587.05,Expt2023_011_set5_RPE-1-p21-GFP-PCNA-mRuby_200k_6days-GFP-CENPC-CENPA-DAPI-5_R3D_D3D-1-interphase-CENP-C(particle)0008.tif,3133.8037974683543,170.97,418.0,10876.0,3836.25,Expt2023_011_set5_RPE-1-p21-GFP-PCNA-mRuby_200k_6days-GFP-CENPC-CENPA-DAPI-5_R3D_D3D-1-interphase-CENP-A(mask)0008.tif,1050.7720207253883,134.85,3.6508870852420388,3.3783384934796348,1.0806753356090388,0.36235306341237644,2.7597393287715866,0.9253472963148803,Interphase,KTProtein_Interphase_1,Expt-1
81,8_3,21.0,1714.0,9790.0,4861.0,Expt2023_011_set5_RPE-1-p21-GFP-PCNA-mRuby_200k_6days-GFP-CENPC-CENPA-DAPI-5_R3D_D3D-1-interphase-CENP-C(particle)0008.tif,3133.8037974683543,170.97,585.0,8427.0,3406.7619047619046,Expt2023_011_set5_RPE-1-p21-GFP-PCNA-mRuby_200k_6days-GFP-CENPC-CENPA-DAPI-5_R3D_D3D-1-interphase-CENP-A(mask)0008.tif,1050.7720207253883,134.85,3.242151330228688,1.5511500764428718,2.090159668923625,0.7008356109364132,1.4268681334041542,0.47843234890996283,Interphase,KTProtein_Interphase_1,Expt-1
82,8_4,14.0,2670.0,24898.0,10597.07142857143,Expt2023_011_set5_RPE-1-p21-GFP-PCNA-mRuby_200k_6days-GFP-CENPC-CENPA-DAPI-5_R3D_D3D-1-interphase-CENP-C(particle)0008.tif,3133.8037974683543,170.97,1180.0,5158.0,3156.714285714286,Expt2023_011_set5_RPE-1-p21-GFP-PCNA-mRuby_200k_6days-GFP-CENPC-CENPA-DAPI-5_R3D_D3D-1-interphase-CENP-A(mask)0008.tif,1050.7720207253883,134.85,3.0041857067483435,3.381536341596204,0.8884085230118398,0.29788553441314647,3.356994162103453,1.1256082917910875,Interphase,KTProtein_Interphase_1,Expt-1
83,8_5,9.0,3866.0,21620.0,11366.666666666666,Expt2023_011_set5_RPE-1-p21-GFP-PCNA-mRuby_200k_6days-GFP-CENPC-CENPA-DAPI-5_R3D_D3D-1-interphase-CENP-C(particle)0008.tif,3133.8037974683543,170.97,1794.0,5431.0,3573.0,Expt2023_011_set5_RPE-1-p21-GFP-PCNA-mRuby_200k_6days-GFP-CENPC-CENPA-DAPI-5_R3D_D3D-1-interphase-CENP-A(mask)0008.tif,1050.7720207253883,134.85,3.400357003732761,3.627114969944588,0.9374825534644435,0.31434017595307917,3.181266909226607,1.0666865173165354,Interphase,KTProtein_Interphase_1,Expt-1
84,8_6,26.0,1001.0,19019.0,7592.846153846154,Expt2023_011_set5_RPE-1-p21-GFP-PCNA-mRuby_200k_6days-GFP-CENPC-CENPA-DAPI-5_R3D_D3D-1-interphase-CENP-C(particle)0008.tif,3133.8037974683543,170.97,704.0,12491.0,4126.192307692308,Expt2023_011_set5_RPE-1-p21-GFP-PCNA-mRuby_200k_6days-GFP-CENPC-CENPA-DAPI-5_R3D_D3D-1-interphase-CENP-A(mask)0008.tif,1050.7720207253883,134.85,3.926819734735455,2.422884980859376,1.6207206556469083,0.5434315702027211,1.8401580895032672,0.617009474467919,Interphase,KTProtein_Interphase_1,Expt-1
85,8_7,22.0,948.0,14763.0,6329.5,Expt2023_011_set5_RPE-1-p21-GFP-PCNA-mRuby_200k_6days-GFP-CENPC-CENPA-DAPI-5_R3D_D3D-1-interphase-CENP-C(particle)0008.tif,3133.8037974683543,170.97,623.0,10393.0,4124.818181818182,Expt2023_011_set5_RPE-1-p21-GFP-PCNA-mRuby_200k_6days-GFP-CENPC-CENPA-DAPI-5_R3D_D3D-1-interphase-CENP-A(mask)0008.tif,1050.7720207253883,134.85,3.925512004945337,2.019749929817971,1.9435633822743204,0.6516815201545433,1.534491878429903,0.5145188518780485,Interphase,KTProtein_Interphase_1,Expt-1
86,8_8,26.0,1210.0,26597.0,9138.807692307691,Expt2023_011_set5_RPE-1-p21-GFP-PCNA-mRuby_200k_6days-GFP-CENPC-CENPA-DAPI-5_R3D_D3D-1-interphase-CENP-C(particle)0008.tif,3133.8037974683543,170.97,698.0,15088.0,4456.192307692308,Expt2023_011_set5_RPE-1-p21-GFP-PCNA-mRuby_200k_6days-GFP-CENPC-CENPA-DAPI-5_R3D_D3D-1-interphase-CENP-A(mask)0008.tif,1050.7720207253883,134.85,4.240874537767029,2.9162028904587083,1.4542453653147414,0.48761200122890974,2.050810885457574,0.6876418683194983,Interphase,KTProtein_Interphase_1,Expt-1
87,8_9,5.0,3877.0,6861.0,5263.2,Expt2023_011_set5_RPE-1-p21-GFP-PCNA-mRuby_200k_6days-GFP-CENPC-CENPA-DAPI-5_R3D_D3D-1-interphase-CENP-C(particle)0008.tif,3133.8037974683543,170.97,1375.0,5354.0,3330.0,Expt2023_011_set5_RPE-1-p21-GFP-PCNA-mRuby_200k_6days-GFP-CENPC-CENPA-DAPI-5_R3D_D3D-1-interphase-CENP-A(mask)0008.tif,1050.7720207253883,134.85,3.169098466954966,1.6794925081946355,1.886938138450869,0.6326949384404925,1.5805405405405404,0.5299590800687171,Interphase,KTProtein_Interphase_1,Expt-1
88,8_10,21.0,2407.0,28713.0,11282.57142857143,Expt2023_011_set5_RPE-1-p21-GFP-PCNA-mRuby_200k_6days-GFP-CENPC-CENPA-DAPI-5_R3D_D3D-1-interphase-CENP-C(particle)0008.tif,3133.8037974683543,170.97,958.0,11031.0,4086.619047619048,Expt2023_011_set5_RPE-1-p21-GFP-PCNA-mRuby_200k_6days-GFP-CENPC-CENPA-DAPI-5_R3D_D3D-1-interphase-CENP-A(mask)0008.tif,1050.7720207253883,134.85,3.8891586062578045,3.600280093376,1.080237788557979,0.3622063528239932,2.760857152844941,0.9257221054402389,Interphase,KTProtein_Interphase_1,Expt-1
89,8_11,22.0,1884.0,8279.0,4961.318181818182,Expt2023_011_set5_RPE-1-p21-GFP-PCNA-mRuby_200k_6days-GFP-CENPC-CENPA-DAPI-5_R3D_D3D-1-interphase-CENP-C(particle)0008.tif,3133.8037974683543,170.97,676.0,8959.0,3910.863636363637,Expt2023_011_set5_RPE-1-p21-GFP-PCNA-mRuby_200k_6days-GFP-CENPC-CENPA-DAPI-5_R3D_D3D-1-interphase-CENP-A(mask)0008.tif,1050.7720207253883,134.85,3.7218954818228007,1.5831617109616711,2.350925654690059,0.7882710789837746,1.2685991236532268,0.4253643657361159,Interphase,KTProtein_Interphase_1,Expt-1
90,8_12,36.0,962.0,21282.0,7272.416666666667,Expt2023_011_set5_RPE-1-p21-GFP-PCNA-mRuby_200k_6days-GFP-CENPC-CENPA-DAPI-5_R3D_D3D-1-interphase-CENP-C(particle)0008.tif,3133.8037974683543,170.97,766.0,14367.0,4447.055555555556,Expt2023_011_set5_RPE-1-p21-GFP-PCNA-mRuby_200k_6days-GFP-CENPC-CENPA-DAPI-5_R3D_D3D-1-interphase-CENP-A(mask)0008.tif,1050.7720207253883,134.85,4.232179262334737,2.3206356034611018,1.823715561384421,0.6114962548747741,1.635332991867278,0.5483311220094427,Interphase,KTProtein_Interphase_1,Expt-1
91,8_13,19.0,590.0,7980.0,3617.631578947368,Expt2023_011_set5_RPE-1-p21-GFP-PCNA-mRuby_200k_6days-GFP-CENPC-CENPA-DAPI-5_R3D_D3D-1-interphase-CENP-C(particle)0008.tif,3133.8037974683543,170.97,804.0,8307.0,3745.105263157895,Expt2023_011_set5_RPE-1-p21-GFP-PCNA-mRuby_200k_6days-GFP-CENPC-CENPA-DAPI-5_R3D_D3D-1-interphase-CENP-A(mask)0008.tif,1050.7720207253883,134.85,3.5641463507683664,1.1543899403880595,3.0874717684825317,1.0352367789335857,0.9659625897662912,0.32388960126151767,Interphase,KTProtein_Interphase_1,Expt-1
92,8_14,32.0,1423.0,39827.0,11389.59375,Expt2023_011_set5_RPE-1-p21-GFP-PCNA-mRuby_200k_6days-GFP-CENPC-CENPA-DAPI-5_R3D_D3D-1-interphase-CENP-C(particle)0008.tif,3133.8037974683543,170.97,712.0,14508.0,4467.21875,Expt2023_011_set5_RPE-1-p21-GFP-PCNA-mRuby_200k_6days-GFP-CENPC-CENPA-DAPI-5_R3D_D3D-1-interphase-CENP-A(mask)0008.tif,1050.7720207253883,134.85,4.251368195849093,3.634431025707829,1.1697479373738042,0.39221932301141116,2.5495939167966646,0.8548850295432838,Interphase,KTProtein_Interphase_1,Expt-1
93,8_15,38.0,1474.0,31893.0,11193.921052631578,Expt2023_011_set5_RPE-1-p21-GFP-PCNA-mRuby_200k_6days-GFP-CENPC-CENPA-DAPI-5_R3D_D3D-1-interphase-CENP-C(particle)0008.tif,3133.8037974683543,170.97,978.0,12921.0,4933.8421052631575,Expt2023_011_set5_RPE-1-p21-GFP-PCNA-mRuby_200k_6days-GFP-CENPC-CENPA-DAPI-5_R3D_D3D-1-interphase-CENP-A(mask)0008.tif,1050.7720207253883,134.85,4.6954448804766775,3.571991667657878,1.3145173106060009,0.4407608452896191,2.268804070703946,0.7607355125197961,Interphase,KTProtein_Interphase_1,Expt-1
94,9_1,22.0,1864.0,24581.0,9351.863636363636,Expt2023_011_set5_RPE-1-p21-GFP-PCNA-mRuby_200k_6days-GFP-CENPC-CENPA-DAPI-5_R3D_D3D-1-interphase-CENP-C(particle)0009.tif,3181.074468085106,186.765,899.0,11334.0,4357.909090909091,Expt2023_011_set5_RPE-1-p21-GFP-PCNA-mRuby_200k_6days-GFP-CENPC-CENPA-DAPI-5_R3D_D3D-1-interphase-CENP-A(mask)0009.tif,547.372852233677,131.585,7.961500233571451,2.939844297952926,2.708136699319487,0.46599365221321953,2.14595197863863,0.36925757855993185,Interphase,KTProtein_Interphase_1,Expt-1
95,9_2,13.0,723.0,9378.0,4574.538461538462,Expt2023_011_set5_RPE-1-p21-GFP-PCNA-mRuby_200k_6days-GFP-CENPC-CENPA-DAPI-5_R3D_D3D-1-interphase-CENP-C(particle)0009.tif,3181.074468085106,186.765,870.0,7596.0,3769.0,Expt2023_011_set5_RPE-1-p21-GFP-PCNA-mRuby_200k_6days-GFP-CENPC-CENPA-DAPI-5_R3D_D3D-1-interphase-CENP-A(mask)0009.tif,547.372852233677,131.585,6.885617334911212,1.4380482152912855,4.78816861750111,0.823908254720947,1.2137273710635346,0.20884811707443346,Interphase,KTProtein_Interphase_1,Expt-1
96,9_3,21.0,2547.0,34371.0,13683.0,Expt2023_011_set5_RPE-1-p21-GFP-PCNA-mRuby_200k_6days-GFP-CENPC-CENPA-DAPI-5_R3D_D3D-1-interphase-CENP-C(particle)0009.tif,3181.074468085106,186.765,1131.0,12691.0,4854.0,Expt2023_011_set5_RPE-1-p21-GFP-PCNA-mRuby_200k_6days-GFP-CENPC-CENPA-DAPI-5_R3D_D3D-1-interphase-CENP-A(mask)0009.tif,547.372852233677,131.585,8.867812826654026,4.301376826376743,2.0616219374864238,0.35474676606007455,2.818912237330037,0.48505498598798513,Interphase,KTProtein_Interphase_1,Expt-1
97,9_4,21.0,3551.0,33252.0,12530.142857142857,Expt2023_011_set5_RPE-1-p21-GFP-PCNA-mRuby_200k_6days-GFP-CENPC-CENPA-DAPI-5_R3D_D3D-1-interphase-CENP-C(particle)0009.tif,3181.074468085106,186.765,1423.0,14663.0,5014.857142857143,Expt2023_011_set5_RPE-1-p21-GFP-PCNA-mRuby_200k_6days-GFP-CENPC-CENPA-DAPI-5_R3D_D3D-1-interphase-CENP-A(mask)0009.tif,547.372852233677,131.585,9.161684074014449,3.93896558626795,2.325911174739373,0.4002234611394238,2.4986041476754783,0.4299390324362038,Interphase,KTProtein_Interphase_1,Expt-1
98,9_5,9.0,5325.0,27559.0,15827.333333333334,Expt2023_011_set5_RPE-1-p21-GFP-PCNA-mRuby_200k_6days-GFP-CENPC-CENPA-DAPI-5_R3D_D3D-1-interphase-CENP-C(particle)0009.tif,3181.074468085106,186.765,1623.0,7065.0,4063.555555555556,Expt2023_011_set5_RPE-1-p21-GFP-PCNA-mRuby_200k_6days-GFP-CENPC-CENPA-DAPI-5_R3D_D3D-1-interphase-CENP-A(mask)0009.tif,547.372852233677,131.585,7.423743320431972,4.975467720773235,1.4920694368967289,0.2567429060837089,3.894946953953844,0.6702100956372672,Interphase,KTProtein_Interphase_1,Expt-1
99,9_6,31.0,2581.0,20618.0,8540.741935483871,Expt2023_011_set5_RPE-1-p21-GFP-PCNA-mRuby_200k_6days-GFP-CENPC-CENPA-DAPI-5_R3D_D3D-1-interphase-CENP-C(particle)0009.tif,3181.074468085106,186.765,1155.0,11703.0,4906.129032258064,Expt2023_011_set5_RPE-1-p21-GFP-PCNA-mRuby_200k_6days-GFP-CENPC-CENPA-DAPI-5_R3D_D3D-1-interphase-CENP-A(mask)0009.tif,547.372852233677,131.585,8.963047787696285,2.684860735317867,3.3383659978308438,0.5744382712085903,1.7408310868564667,0.2995477430125294,Interphase,KTProtein_Interphase_1,Expt-1
100,9_7,28.0,2581.0,26855.0,10249.42857142857,Expt2023_011_set5_RPE-1-p21-GFP-PCNA-mRuby_200k_6days-GFP-CENPC-CENPA-DAPI-5_R3D_D3D-1-interphase-CENP-C(particle)0009.tif,3181.074468085106,186.765,771.0,13584.0,4881.107142857143,Expt2023_011_set5_RPE-1-p21-GFP-PCNA-mRuby_200k_6days-GFP-CENPC-CENPA-DAPI-5_R3D_D3D-1-interphase-CENP-A(mask)0009.tif,547.372852233677,131.585,8.917335090585324,3.222002085854457,2.767637901209023,0.47623212443899315,2.099816347286549,0.36131894261281694,Interphase,KTProtein_Interphase_1,Expt-1
101,9_8,38.0,1178.0,45630.0,12731.263157894737,Expt2023_011_set5_RPE-1-p21-GFP-PCNA-mRuby_200k_6days-GFP-CENPC-CENPA-DAPI-5_R3D_D3D-1-interphase-CENP-C(particle)0009.tif,3181.074468085106,186.765,427.0,22256.0,6136.763157894737,Expt2023_011_set5_RPE-1-p21-GFP-PCNA-mRuby_200k_6days-GFP-CENPC-CENPA-DAPI-5_R3D_D3D-1-interphase-CENP-A(mask)0009.tif,547.372852233677,131.585,11.21130347048142,4.002189601540043,2.8012924390606853,0.4820231175638916,2.0745892957456573,0.35697808127998043,Interphase,KTProtein_Interphase_1,Expt-1
102,9_9,30.0,568.0,14153.0,5561.666666666667,Expt2023_011_set5_RPE-1-p21-GFP-PCNA-mRuby_200k_6days-GFP-CENPC-CENPA-DAPI-5_R3D_D3D-1-interphase-CENP-C(particle)0009.tif,3181.074468085106,186.765,860.0,11486.0,4201.466666666666,Expt2023_011_set5_RPE-1-p21-GFP-PCNA-mRuby_200k_6days-GFP-CENPC-CENPA-DAPI-5_R3D_D3D-1-interphase-CENP-A(mask)0009.tif,547.372852233677,131.585,7.675694272234446,1.7483610404174514,4.390222668426506,0.7554330236739585,1.3237440893656185,0.2277788794613483,Interphase,KTProtein_Interphase_1,Expt-1
103,9_10,26.0,1197.0,19677.0,7176.076923076923,Expt2023_011_set5_RPE-1-p21-GFP-PCNA-mRuby_200k_6days-GFP-CENPC-CENPA-DAPI-5_R3D_D3D-1-interphase-CENP-C(particle)0009.tif,3181.074468085106,186.765,887.0,13111.0,4296.884615384615,Expt2023_011_set5_RPE-1-p21-GFP-PCNA-mRuby_200k_6days-GFP-CENPC-CENPA-DAPI-5_R3D_D3D-1-interphase-CENP-A(mask)0009.tif,547.372852233677,131.585,7.850014113506395,2.25586574444347,3.4798232708848644,0.5987790629120261,1.670065073980254,0.28737091574932644,Interphase,KTProtein_Interphase_1,Expt-1
104,10_1,22.0,2177.0,22327.0,8596.636363636364,Expt2023_011_set5_RPE-1-p21-GFP-PCNA-mRuby_200k_6days-GFP-CENPC-CENPA-DAPI-5_R3D_D3D-1-interphase-CENP-C(particle)0010.tif,1184.7695167286245,204.575,949.0,6511.0,2875.8636363636365,Expt2023_011_set5_RPE-1-p21-GFP-PCNA-mRuby_200k_6days-GFP-CENPC-CENPA-DAPI-5_R3D_D3D-1-interphase-CENP-A(mask)0010.tif,475.0745015739769,128.985,6.053500296975668,7.255956742855204,0.8342800972368569,0.33453359136237215,2.98923643490493,1.198638207134521,Interphase,KTProtein_Interphase_1,Expt-1
105,10_2,20.0,1156.0,20513.0,7907.4,Expt2023_011_set5_RPE-1-p21-GFP-PCNA-mRuby_200k_6days-GFP-CENPC-CENPA-DAPI-5_R3D_D3D-1-interphase-CENP-C(particle)0010.tif,1184.7695167286245,204.575,656.0,9430.0,4068.6,Expt2023_011_set5_RPE-1-p21-GFP-PCNA-mRuby_200k_6days-GFP-CENPC-CENPA-DAPI-5_R3D_D3D-1-interphase-CENP-A(mask)0010.tif,475.0745015739769,128.985,8.564130439584227,6.6742095305033216,1.283167751992704,0.5145306927687988,1.9435186550656245,0.7793213307044564,Interphase,KTProtein_Interphase_1,Expt-1
106,10_3,9.0,2784.0,14882.0,7675.666666666667,Expt2023_011_set5_RPE-1-p21-GFP-PCNA-mRuby_200k_6days-GFP-CENPC-CENPA-DAPI-5_R3D_D3D-1-interphase-CENP-C(particle)0010.tif,1184.7695167286245,204.575,1079.0,4318.0,2395.222222222222,Expt2023_011_set5_RPE-1-p21-GFP-PCNA-mRuby_200k_6days-GFP-CENPC-CENPA-DAPI-5_R3D_D3D-1-interphase-CENP-A(mask)0010.tif,475.0745015739769,128.985,5.041782318955392,6.47861593186551,0.778219047398233,0.31205396563454496,3.2045739203043095,1.2849852536290807,Interphase,KTProtein_Interphase_1,Expt-1
107,10_4,16.0,3424.0,21139.0,10477.3125,Expt2023_011_set5_RPE-1-p21-GFP-PCNA-mRuby_200k_6days-GFP-CENPC-CENPA-DAPI-5_R3D_D3D-1-interphase-CENP-C(particle)0010.tif,1184.7695167286245,204.575,1103.0,4518.0,2606.75,Expt2023_011_set5_RPE-1-p21-GFP-PCNA-mRuby_200k_6days-GFP-CENPC-CENPA-DAPI-5_R3D_D3D-1-interphase-CENP-A(mask)0010.tif,475.0745015739769,128.985,5.487034120676936,8.84333395826208,0.6204712099050103,0.24879948937287114,4.0193008535532755,1.6116783245319197,Interphase,KTProtein_Interphase_1,Expt-1
108,10_5,38.0,1466.0,26265.0,9178.947368421052,Expt2023_011_set5_RPE-1-p21-GFP-PCNA-mRuby_200k_6days-GFP-CENPC-CENPA-DAPI-5_R3D_D3D-1-interphase-CENP-C(particle)0010.tif,1184.7695167286245,204.575,718.0,10149.0,3687.552631578948,Expt2023_011_set5_RPE-1-p21-GFP-PCNA-mRuby_200k_6days-GFP-CENPC-CENPA-DAPI-5_R3D_D3D-1-interphase-CENP-A(mask)0010.tif,475.0745015739769,128.985,7.762051255880202,7.747454031199151,1.001884131822179,0.40174025229357807,2.4891705381546734,0.998119411454544,Interphase,KTProtein_Interphase_1,Expt-1
109,10_6,28.0,2497.0,24234.0,9273.25,Expt2023_011_set5_RPE-1-p21-GFP-PCNA-mRuby_200k_6days-GFP-CENPC-CENPA-DAPI-5_R3D_D3D-1-interphase-CENP-C(particle)0010.tif,1184.7695167286245,204.575,808.0,6341.0,2967.8214285714284,Expt2023_011_set5_RPE-1-p21-GFP-PCNA-mRuby_200k_6days-GFP-CENPC-CENPA-DAPI-5_R3D_D3D-1-interphase-CENP-A(mask)0010.tif,475.0745015739769,128.985,6.247065289209781,7.8270497924399836,0.7981379261498651,0.3200411321350582,3.1245983706181786,1.2529162782977832,Interphase,KTProtein_Interphase_1,Expt-1
111,10_8,42.0,763.0,28536.0,7231.071428571428,Expt2023_011_set5_RPE-1-p21-GFP-PCNA-mRuby_200k_6days-GFP-CENPC-CENPA-DAPI-5_R3D_D3D-1-interphase-CENP-C(particle)0010.tif,1184.7695167286245,204.575,342.0,16721.0,4477.0,Expt2023_011_set5_RPE-1-p21-GFP-PCNA-mRuby_200k_6days-GFP-CENPC-CENPA-DAPI-5_R3D_D3D-1-interphase-CENP-A(mask)0010.tif,475.0745015739769,128.985,9.423785080376193,6.103357088843577,1.5440330531539896,0.6191336988195782,1.6151600242509334,0.6476545291289616,Interphase,KTProtein_Interphase_1,Expt-1
112,10_9,26.0,2460.0,29306.0,10054.923076923076,Expt2023_011_set5_RPE-1-p21-GFP-PCNA-mRuby_200k_6days-GFP-CENPC-CENPA-DAPI-5_R3D_D3D-1-interphase-CENP-C(particle)0010.tif,1184.7695167286245,204.575,888.0,12100.0,3931.923076923077,Expt2023_011_set5_RPE-1-p21-GFP-PCNA-mRuby_200k_6days-GFP-CENPC-CENPA-DAPI-5_R3D_D3D-1-interphase-CENP-A(mask)0010.tif,475.0745015739769,128.985,8.276434672659047,8.486817845116951,0.9752105940886958,0.39104457058922537,2.5572532524699203,1.02541954123711,Interphase,KTProtein_Interphase_1,Expt-1
113,11_1,16.0,3737.0,17425.0,9582.25,Expt2023_011_set5_RPE-1-p21-GFP-PCNA-mRuby_200k_6days-GFP-CENPC-CENPA-DAPI-5_R3D_D3D-1-interphase-CENP-C(particle)0011.tif,1337.852407261247,211.625,1724.0,5691.0,3489.25,Expt2023_011_set5_RPE-1-p21-GFP-PCNA-mRuby_200k_6days-GFP-CENPC-CENPA-DAPI-5_R3D_D3D-1-interphase-CENP-A(mask)0011.tif,578.2809160305344,130.315,6.0338321796110606,7.162411898346901,0.8424302127895885,0.36413681546609616,2.7462205344988178,1.1870419469983648,Interphase,KTProtein_Interphase_1,Expt-1
114,11_2,35.0,1689.0,33814.0,12165.171428571428,Expt2023_011_set5_RPE-1-p21-GFP-PCNA-mRuby_200k_6days-GFP-CENPC-CENPA-DAPI-5_R3D_D3D-1-interphase-CENP-C(particle)0011.tif,1337.852407261247,211.625,810.0,6944.0,3293.942857142857,Expt2023_011_set5_RPE-1-p21-GFP-PCNA-mRuby_200k_6days-GFP-CENPC-CENPA-DAPI-5_R3D_D3D-1-interphase-CENP-A(mask)0011.tif,578.2809160305344,130.315,5.6960946934809975,9.093059415630961,0.6264222450465259,0.2707683057722162,3.693194434806745,1.5963673191805754,Interphase,KTProtein_Interphase_1,Expt-1
115,11_3,39.0,1102.0,33864.0,10786.205128205129,Expt2023_011_set5_RPE-1-p21-GFP-PCNA-mRuby_200k_6days-GFP-CENPC-CENPA-DAPI-5_R3D_D3D-1-interphase-CENP-C(particle)0011.tif,1337.852407261247,211.625,913.0,15983.0,4832.51282051282,Expt2023_011_set5_RPE-1-p21-GFP-PCNA-mRuby_200k_6days-GFP-CENPC-CENPA-DAPI-5_R3D_D3D-1-interphase-CENP-A(mask)0011.tif,578.2809160305344,130.315,8.356687358255575,8.062328153436487,1.0365104470094808,0.4480271571950877,2.232007555659316,0.964775611172256,Interphase,KTProtein_Interphase_1,Expt-1
116,12_1,40.0,246.0,6934.0,3148.1,Expt2023_011_set5_RPE-1-p21-GFP-PCNA-mRuby_200k_6days-GFP-CENPC-CENPA-DAPI-5_R3D_D3D-1-interphase-CENP-C(particle)0012.tif,879.6931133804661,230.97,383.0,2480.0,1266.275,Expt2023_011_set5_RPE-1-p21-GFP-PCNA-mRuby_200k_6days-GFP-CENPC-CENPA-DAPI-5_R3D_D3D-1-interphase-CENP-A(mask)0012.tif,434.6628587350237,140.26,2.9132348774523162,3.578634357955296,0.8140632951159712,0.4022346812363013,2.486110836903516,1.2284057099731298,Interphase,KTProtein_Interphase_1,Expt-1
117,12_2,18.0,861.0,6084.0,2589.3888888888887,Expt2023_011_set5_RPE-1-p21-GFP-PCNA-mRuby_200k_6days-GFP-CENPC-CENPA-DAPI-5_R3D_D3D-1-interphase-CENP-C(particle)0012.tif,879.6931133804661,230.97,573.0,1593.0,1075.388888888889,Expt2023_011_set5_RPE-1-p21-GFP-PCNA-mRuby_200k_6days-GFP-CENPC-CENPA-DAPI-5_R3D_D3D-1-interphase-CENP-A(mask)0012.tif,434.6628587350237,140.26,2.4740758665659546,2.943513879446481,0.840517819141793,0.41530605677015175,2.4078627886552666,1.1897427719272455,Interphase,KTProtein_Interphase_1,Expt-1
118,12_3,60.0,376.0,14403.0,4503.05,Expt2023_011_set5_RPE-1-p21-GFP-PCNA-mRuby_200k_6days-GFP-CENPC-CENPA-DAPI-5_R3D_D3D-1-interphase-CENP-C(particle)0012.tif,879.6931133804661,230.97,301.0,3875.0,1350.8666666666666,Expt2023_011_set5_RPE-1-p21-GFP-PCNA-mRuby_200k_6days-GFP-CENPC-CENPA-DAPI-5_R3D_D3D-1-interphase-CENP-A(mask)0012.tif,434.6628587350237,140.26,3.1078493124487845,5.118887406877354,0.6071337510321697,0.29998926653416386,3.3334525983319354,1.6470835269822015,Interphase,KTProtein_Interphase_1,Expt-1
119,12_4,69.0,139.0,20494.0,4935.68115942029,Expt2023_011_set5_RPE-1-p21-GFP-PCNA-mRuby_200k_6days-GFP-CENPC-CENPA-DAPI-5_R3D_D3D-1-interphase-CENP-C(particle)0012.tif,879.6931133804661,230.97,241.0,5905.0,1847.5942028985507,Expt2023_011_set5_RPE-1-p21-GFP-PCNA-mRuby_200k_6days-GFP-CENPC-CENPA-DAPI-5_R3D_D3D-1-interphase-CENP-A(mask)0012.tif,434.6628587350237,140.26,4.250637398087121,5.610685231413894,0.7575968393821229,0.374334188782072,2.6714097455366947,1.3199632680827644,Interphase,KTProtein_Interphase_1,Expt-1
120,12_5,22.0,451.0,6734.0,2749.7727272727275,Expt2023_011_set5_RPE-1-p21-GFP-PCNA-mRuby_200k_6days-GFP-CENPC-CENPA-DAPI-5_R3D_D3D-1-interphase-CENP-C(particle)0012.tif,879.6931133804661,230.97,401.0,1710.0,1035.909090909091,Expt2023_011_set5_RPE-1-p21-GFP-PCNA-mRuby_200k_6days-GFP-CENPC-CENPA-DAPI-5_R3D_D3D-1-interphase-CENP-A(mask)0012.tif,434.6628587350237,140.26,2.383247314766765,3.125831821856555,0.7624361931766567,0.3767253492024134,2.654453707766564,1.31158516469889,Interphase,KTProtein_Interphase_1,Expt-1
121,13_1,44.0,561.0,8214.0,3290.5454545454545,Expt2023_011_set5_RPE-1-p21-GFP-PCNA-mRuby_200k_6days-GFP-CENPC-CENPA-DAPI-5_R3D_D3D-1-interphase-CENP-C(particle)0013.tif,841.3471216164697,247.0,137.0,1985.0,1071.7727272727273,Expt2023_011_set5_RPE-1-p21-GFP-PCNA-mRuby_200k_6days-GFP-CENPC-CENPA-DAPI-5_R3D_D3D-1-interphase-CENP-A(mask)0013.tif,394.8144147334868,154.965,2.7146241050905155,3.9110438129548366,0.6940919700512348,0.32571278594319814,3.0701895754696977,1.4407312620634185,Interphase,KTProtein_Interphase_1,Expt-1
122,13_2,57.0,343.0,12837.0,3875.684210526316,Expt2023_011_set5_RPE-1-p21-GFP-PCNA-mRuby_200k_6days-GFP-CENPC-CENPA-DAPI-5_R3D_D3D-1-interphase-CENP-C(particle)0013.tif,841.3471216164697,247.0,364.0,3837.0,1431.9298245614036,Expt2023_011_set5_RPE-1-p21-GFP-PCNA-mRuby_200k_6days-GFP-CENPC-CENPA-DAPI-5_R3D_D3D-1-interphase-CENP-A(mask)0013.tif,394.8144147334868,154.965,3.626842818107351,4.606522220079641,0.7873277593882198,0.3694650406945689,2.70661602548395,1.2701190680448429,Interphase,KTProtein_Interphase_1,Expt-1
123,13_3,12.0,698.0,4530.0,2692.9166666666665,Expt2023_011_set5_RPE-1-p21-GFP-PCNA-mRuby_200k_6days-GFP-CENPC-CENPA-DAPI-5_R3D_D3D-1-interphase-CENP-C(particle)0013.tif,841.3471216164697,247.0,280.0,1862.0,1045.25,Expt2023_011_set5_RPE-1-p21-GFP-PCNA-mRuby_200k_6days-GFP-CENPC-CENPA-DAPI-5_R3D_D3D-1-interphase-CENP-A(mask)0013.tif,394.8144147334868,154.965,2.6474463975829745,3.200720127850202,0.8271408595043767,0.38814791892310074,2.5763373993462486,1.2089839215526128,Interphase,KTProtein_Interphase_1,Expt-1
124,14_1,8.0,404.0,1516.0,1045.25,Expt2023_011_set5_RPE-1-p21-GFP-PCNA-mRuby_200k_6days-GFP-CENPC-CENPA-DAPI-5_R3D_D3D-1-interphase-CENP-C(particle)0014.tif,777.1907854050711,251.115,206.0,917.0,550.75,Expt2023_011_set5_RPE-1-p21-GFP-PCNA-mRuby_200k_6days-GFP-CENPC-CENPA-DAPI-5_R3D_D3D-1-interphase-CENP-A(mask)0014.tif,371.6435321456236,163.655,1.4819308083214424,1.3449078651327766,1.101882773341606,0.5269074384118632,1.8978665456196095,0.9075375568014074,Interphase,KTProtein_Interphase_1,Expt-1
125,14_2,8.0,758.0,2195.0,1446.5,Expt2023_011_set5_RPE-1-p21-GFP-PCNA-mRuby_200k_6days-GFP-CENPC-CENPA-DAPI-5_R3D_D3D-1-interphase-CENP-C(particle)0014.tif,777.1907854050711,251.115,279.0,859.0,535.125,Expt2023_011_set5_RPE-1-p21-GFP-PCNA-mRuby_200k_6days-GFP-CENPC-CENPA-DAPI-5_R3D_D3D-1-interphase-CENP-A(mask)0014.tif,371.6435321456236,163.655,1.4398878325973887,1.8611903629892956,0.773638130322551,0.3699446940891808,2.7031067507591686,1.2925939929861943,Interphase,KTProtein_Interphase_1,Expt-1
126,14_3,5.0,516.0,1314.0,969.4,Expt2023_011_set5_RPE-1-p21-GFP-PCNA-mRuby_200k_6days-GFP-CENPC-CENPA-DAPI-5_R3D_D3D-1-interphase-CENP-C(particle)0014.tif,777.1907854050711,251.115,223.0,625.0,427.4,Expt2023_011_set5_RPE-1-p21-GFP-PCNA-mRuby_200k_6days-GFP-CENPC-CENPA-DAPI-5_R3D_D3D-1-interphase-CENP-A(mask)0014.tif,371.6435321456236,163.655,1.1500267407654734,1.247312781114292,0.9220034927711495,0.44089127295234165,2.2681328965839964,1.0845945897606377,Interphase,KTProtein_Interphase_1,Expt-1
127,14_4,13.0,357.0,2355.0,1429.076923076923,Expt2023_011_set5_RPE-1-p21-GFP-PCNA-mRuby_200k_6days-GFP-CENPC-CENPA-DAPI-5_R3D_D3D-1-interphase-CENP-C(particle)0014.tif,777.1907854050711,251.115,217.0,1022.0,614.3076923076923,Expt2023_011_set5_RPE-1-p21-GFP-PCNA-mRuby_200k_6days-GFP-CENPC-CENPA-DAPI-5_R3D_D3D-1-interphase-CENP-A(mask)0014.tif,371.6435321456236,163.655,1.6529486972666698,1.8387723451096882,0.8989414604057832,0.4298632791473786,2.326321061858252,1.1124194889716166,Interphase,KTProtein_Interphase_1,Expt-1
128,14_5,79.0,210.0,5551.0,2012.6962025316457,Expt2023_011_set5_RPE-1-p21-GFP-PCNA-mRuby_200k_6days-GFP-CENPC-CENPA-DAPI-5_R3D_D3D-1-interphase-CENP-C(particle)0014.tif,777.1907854050711,251.115,235.0,2069.0,855.6455696202531,Expt2023_011_set5_RPE-1-p21-GFP-PCNA-mRuby_200k_6days-GFP-CENPC-CENPA-DAPI-5_R3D_D3D-1-interphase-CENP-A(mask)0014.tif,371.6435321456236,163.655,2.3023286983640543,2.5897067236619775,0.8890306679624495,0.42512405426312705,2.352254571276407,1.124820589476265,Interphase,KTProtein_Interphase_1,Expt-1
129,14_6,16.0,800.0,2971.0,1727.4375,Expt2023_011_set5_RPE-1-p21-GFP-PCNA-mRuby_200k_6days-GFP-CENPC-CENPA-DAPI-5_R3D_D3D-1-interphase-CENP-C(particle)0014.tif,777.1907854050711,251.115,191.0,838.0,507.4375,Expt2023_011_set5_RPE-1-p21-GFP-PCNA-mRuby_200k_6days-GFP-CENPC-CENPA-DAPI-5_R3D_D3D-1-interphase-CENP-A(mask)0014.tif,371.6435321456236,163.655,1.3653876796143658,2.222668529323416,0.6143010807058992,0.2937515829082094,3.404236974996921,1.6278662555027426,Interphase,KTProtein_Interphase_1,Expt-1
130,14_7,5.0,751.0,1318.0,1073.2,Expt2023_011_set5_RPE-1-p21-GFP-PCNA-mRuby_200k_6days-GFP-CENPC-CENPA-DAPI-5_R3D_D3D-1-interphase-CENP-C(particle)0014.tif,777.1907854050711,251.115,302.0,696.0,466.2,Expt2023_011_set5_RPE-1-p21-GFP-PCNA-mRuby_200k_6days-GFP-CENPC-CENPA-DAPI-5_R3D_D3D-1-interphase-CENP-A(mask)0014.tif,371.6435321456236,163.655,1.2544278580834434,1.3808707207467072,0.9084325123535897,0.434401789042117,2.3020163020163023,1.1007972374405393,Interphase,KTProtein_Interphase_1,Expt-1
131,14_8,5.0,326.0,1385.0,841.6,Expt2023_011_set5_RPE-1-p21-GFP-PCNA-mRuby_200k_6days-GFP-CENPC-CENPA-DAPI-5_R3D_D3D-1-interphase-CENP-C(particle)0014.tif,777.1907854050711,251.115,215.0,625.0,394.6,Expt2023_011_set5_RPE-1-p21-GFP-PCNA-mRuby_200k_6days-GFP-CENPC-CENPA-DAPI-5_R3D_D3D-1-interphase-CENP-A(mask)0014.tif,371.6435321456236,163.655,1.0617701261255401,1.0828743930119538,0.9805108819429063,0.4688688212927757,2.132792701469843,1.0198764933831999,Interphase,KTProtein_Interphase_1,Expt-1
132,15_1,5.0,649.0,996.0,826.6,Expt2023_011_set5_RPE-1-p21-GFP-PCNA-mRuby_200k_6days-GFP-CENPC-CENPA-DAPI-5_R3D_D3D-1-interphase-CENP-C(particle)0015.tif,741.8986448334274,242.17,400.0,777.0,595.4,Expt2023_011_set5_RPE-1-p21-GFP-PCNA-mRuby_200k_6days-GFP-CENPC-CENPA-DAPI-5_R3D_D3D-1-interphase-CENP-A(mask)0015.tif,366.6110280932457,161.83,1.6240646199234436,1.1141683648520344,1.4576473997618173,0.7203000241954995,1.3883103795767553,0.6860369662535687,Interphase,KTProtein_Interphase_1,Expt-1
133,15_2,19.0,697.0,2679.0,2010.4736842105265,Expt2023_011_set5_RPE-1-p21-GFP-PCNA-mRuby_200k_6days-GFP-CENPC-CENPA-DAPI-5_R3D_D3D-1-interphase-CENP-C(particle)0015.tif,741.8986448334274,242.17,292.0,1189.0,738.8421052631579,Expt2023_011_set5_RPE-1-p21-GFP-PCNA-mRuby_200k_6days-GFP-CENPC-CENPA-DAPI-5_R3D_D3D-1-interphase-CENP-A(mask)0015.tif,366.6110280932457,161.83,2.015329732730345,2.709903432512567,0.7436906085106408,0.36749653132280946,2.7211141188203447,1.3446451905620531,Interphase,KTProtein_Interphase_1,Expt-1
134,15_3,47.0,110.0,2897.0,1168.7659574468084,Expt2023_011_set5_RPE-1-p21-GFP-PCNA-mRuby_200k_6days-GFP-CENPC-CENPA-DAPI-5_R3D_D3D-1-interphase-CENP-C(particle)0015.tif,741.8986448334274,242.17,79.0,1220.0,611.6808510638298,Expt2023_011_set5_RPE-1-p21-GFP-PCNA-mRuby_200k_6days-GFP-CENPC-CENPA-DAPI-5_R3D_D3D-1-interphase-CENP-A(mask)0015.tif,366.6110280932457,161.83,1.6684736797067976,1.5753714683078066,1.0590985766036485,0.5233561494211024,1.9107447215555322,0.9441991728539871,Interphase,KTProtein_Interphase_1,Expt-1
135,16_1,5.0,230.0,756.0,458.6,Expt2023_011_set5_RPE-1-p21-GFP-PCNA-mRuby_200k_6days-GFP-CENPC-CENPA-DAPI-5_R3D_D3D-1-interphase-CENP-C(particle)0016.tif,697.0031628162816,232.005,201.0,526.0,346.8,Expt2023_011_set5_RPE-1-p21-GFP-PCNA-mRuby_200k_6days-GFP-CENPC-CENPA-DAPI-5_R3D_D3D-1-interphase-CENP-A(mask)0016.tif,339.934997179921,155.57,1.0201950457500129,0.6579597116130724,1.5505433353189273,0.7562145660706497,1.3223760092272203,0.6449352154316361,Interphase,KTProtein_Interphase_1,Expt-1
136,16_2,5.0,435.0,903.0,692.6,Expt2023_011_set5_RPE-1-p21-GFP-PCNA-mRuby_200k_6days-GFP-CENPC-CENPA-DAPI-5_R3D_D3D-1-interphase-CENP-C(particle)0016.tif,697.0031628162816,232.005,179.0,601.0,376.6,Expt2023_011_set5_RPE-1-p21-GFP-PCNA-mRuby_200k_6days-GFP-CENPC-CENPA-DAPI-5_R3D_D3D-1-interphase-CENP-A(mask)0016.tif,339.934997179921,155.57,1.107858864560135,0.9936827218997252,1.1149020106157503,0.5437481952064684,1.8390865639936271,0.8969398121792865,Interphase,KTProtein_Interphase_1,Expt-1
137,16_3,15.0,467.0,1513.0,1008.5333333333332,Expt2023_011_set5_RPE-1-p21-GFP-PCNA-mRuby_200k_6days-GFP-CENPC-CENPA-DAPI-5_R3D_D3D-1-interphase-CENP-C(particle)0016.tif,697.0031628162816,232.005,264.0,819.0,485.06666666666666,Expt2023_011_set5_RPE-1-p21-GFP-PCNA-mRuby_200k_6days-GFP-CENPC-CENPA-DAPI-5_R3D_D3D-1-interphase-CENP-A(mask)0016.tif,339.934997179921,155.57,1.4269394757549199,1.4469566095773454,0.9861660441716545,0.4809624537281862,2.079164376030786,1.0140280188210755,Interphase,KTProtein_Interphase_1,Expt-1
138,16_4,5.0,746.0,999.0,866.2,Expt2023_011_set5_RPE-1-p21-GFP-PCNA-mRuby_200k_6days-GFP-CENPC-CENPA-DAPI-5_R3D_D3D-1-interphase-CENP-C(particle)0016.tif,697.0031628162816,232.005,391.0,632.0,523.8,Expt2023_011_set5_RPE-1-p21-GFP-PCNA-mRuby_200k_6days-GFP-CENPC-CENPA-DAPI-5_R3D_D3D-1-interphase-CENP-A(mask)0016.tif,339.934997179921,155.57,1.5408828286155036,1.2427490235482848,1.2398986435861283,0.6047102285846224,1.6536846124474993,0.8065175368752115,Interphase,KTProtein_Interphase_1,Expt-1
139,16_5,37.0,209.0,1617.0,814.7837837837837,Expt2023_011_set5_RPE-1-p21-GFP-PCNA-mRuby_200k_6days-GFP-CENPC-CENPA-DAPI-5_R3D_D3D-1-interphase-CENP-C(particle)0016.tif,697.0031628162816,232.005,163.0,825.0,430.5675675675676,Expt2023_011_set5_RPE-1-p21-GFP-PCNA-mRuby_200k_6days-GFP-CENPC-CENPA-DAPI-5_R3D_D3D-1-interphase-CENP-A(mask)0016.tif,339.934997179921,155.57,1.2666173566697416,1.1689814727548764,1.083522182507112,0.5284439579394302,1.8923482518360426,0.9229160382172761,Interphase,KTProtein_Interphase_1,Expt-1
140,17_1,5.0,388.0,965.0,788.4,Expt2023_011_set5_RPE-1-p21-GFP-PCNA-mRuby_200k_6days-GFP-CENPC-CENPA-DAPI-5_R3D_D3D-1-interphase-CENP-C(particle)0017.tif,631.3789508705778,235.155,194.0,474.0,345.4,Expt2023_011_set5_RPE-1-p21-GFP-PCNA-mRuby_200k_6days-GFP-CENPC-CENPA-DAPI-5_R3D_D3D-1-interphase-CENP-A(mask)0017.tif,307.9213095921884,152.52,1.1217151565685677,1.2486954132900907,0.8983096635335973,0.43810248604769153,2.282570932252461,1.113201873022709,Interphase,KTProtein_Interphase_1,Expt-1
141,17_2,5.0,302.0,1385.0,761.0,Expt2023_011_set5_RPE-1-p21-GFP-PCNA-mRuby_200k_6days-GFP-CENPC-CENPA-DAPI-5_R3D_D3D-1-interphase-CENP-C(particle)0017.tif,631.3789508705778,235.155,103.0,399.0,228.6,Expt2023_011_set5_RPE-1-p21-GFP-PCNA-mRuby_200k_6days-GFP-CENPC-CENPA-DAPI-5_R3D_D3D-1-interphase-CENP-A(mask)0017.tif,307.9213095921884,152.52,0.7423974661018372,1.205298337790156,0.6159449845944196,0.30039421813403416,3.3289588801399828,1.6235216212669847,Interphase,KTProtein_Interphase_1,Expt-1
142,17_3,9.0,207.0,1211.0,704.8888888888889,Expt2023_011_set5_RPE-1-p21-GFP-PCNA-mRuby_200k_6days-GFP-CENPC-CENPA-DAPI-5_R3D_D3D-1-interphase-CENP-C(particle)0017.tif,631.3789508705778,235.155,131.0,516.0,324.8888888888889,Expt2023_011_set5_RPE-1-p21-GFP-PCNA-mRuby_200k_6days-GFP-CENPC-CENPA-DAPI-5_R3D_D3D-1-interphase-CENP-A(mask)0017.tif,307.9213095921884,152.52,1.055103621503729,1.116427603291101,0.9450712418730998,0.4609079445145019,2.169630642954856,1.058121288314766,Interphase,KTProtein_Interphase_1,Expt-1
143,18_1,5.0,985.0,1091.0,1047.6,Expt2023_011_set5_RPE-1-p21-GFP-PCNA-mRuby_200k_6days-GFP-CENPC-CENPA-DAPI-5_R3D_D3D-1-interphase-CENP-C(particle)0018.tif,598.3247620089726,251.28,331.0,771.0,515.2,Expt2023_011_set5_RPE-1-p21-GFP-PCNA-mRuby_200k_6days-GFP-CENPC-CENPA-DAPI-5_R3D_D3D-1-interphase-CENP-A(mask)0018.tif,309.19628423211486,157.165,1.6662554703058379,1.7508885918117658,0.9516627603254002,0.49179075983199705,2.0333850931677016,1.050792404294639,Interphase,KTProtein_Interphase_1,Expt-1
144,18_2,5.0,644.0,734.0,690.4,Expt2023_011_set5_RPE-1-p21-GFP-PCNA-mRuby_200k_6days-GFP-CENPC-CENPA-DAPI-5_R3D_D3D-1-interphase-CENP-C(particle)0018.tif,598.3247620089726,251.28,287.0,578.0,446.2,Expt2023_011_set5_RPE-1-p21-GFP-PCNA-mRuby_200k_6days-GFP-CENPC-CENPA-DAPI-5_R3D_D3D-1-interphase-CENP-A(mask)0018.tif,309.19628423211486,157.165,1.4430962555327342,1.1538883961310071,1.250637635642617,0.6462920046349943,1.547288211564321,0.7995921212511476,Interphase,KTProtein_Interphase_1,Expt-1
145,18_3,5.0,232.0,731.0,458.6,Expt2023_011_set5_RPE-1-p21-GFP-PCNA-mRuby_200k_6days-GFP-CENPC-CENPA-DAPI-5_R3D_D3D-1-interphase-CENP-C(particle)0018.tif,598.3247620089726,251.28,109.0,479.0,276.6,Expt2023_011_set5_RPE-1-p21-GFP-PCNA-mRuby_200k_6days-GFP-CENPC-CENPA-DAPI-5_R3D_D3D-1-interphase-CENP-A(mask)0018.tif,309.19628423211486,157.165,0.8945773740034836,0.7664733755296639,1.1671343096363846,0.603139991277802,1.6579898770788142,0.8567994203782301,Interphase,KTProtein_Interphase_1,Expt-1
146,18_4,5.0,83.0,935.0,488.6,Expt2023_011_set5_RPE-1-p21-GFP-PCNA-mRuby_200k_6days-GFP-CENPC-CENPA-DAPI-5_R3D_D3D-1-interphase-CENP-C(particle)0018.tif,598.3247620089726,251.28,69.0,574.0,321.0,Expt2023_011_set5_RPE-1-p21-GFP-PCNA-mRuby_200k_6days-GFP-CENPC-CENPA-DAPI-5_R3D_D3D-1-interphase-CENP-A(mask)0018.tif,309.19628423211486,157.165,1.0381754774226977,0.8166133695678015,1.2713182469350943,0.6569791240278346,1.5221183800623053,0.7865851075533677,Interphase,KTProtein_Interphase_1,Expt-1
147,18_5,5.0,627.0,776.0,672.8,Expt2023_011_set5_RPE-1-p21-GFP-PCNA-mRuby_200k_6days-GFP-CENPC-CENPA-DAPI-5_R3D_D3D-1-interphase-CENP-C(particle)0018.tif,598.3247620089726,251.28,215.0,556.0,379.2,Expt2023_011_set5_RPE-1-p21-GFP-PCNA-mRuby_200k_6days-GFP-CENPC-CENPA-DAPI-5_R3D_D3D-1-interphase-CENP-A(mask)0018.tif,309.19628423211486,157.165,1.2264054237965327,1.1244729329619665,1.0906491280017443,0.563614744351962,1.7742616033755274,0.9168851597875212,Interphase,KTProtein_Interphase_1,Expt-1
148,18_6,5.0,640.0,675.0,659.2,Expt2023_011_set5_RPE-1-p21-GFP-PCNA-mRuby_200k_6days-GFP-CENPC-CENPA-DAPI-5_R3D_D3D-1-interphase-CENP-C(particle)0018.tif,598.3247620089726,251.28,247.0,558.0,403.0,Expt2023_011_set5_RPE-1-p21-GFP-PCNA-mRuby_200k_6days-GFP-CENPC-CENPA-DAPI-5_R3D_D3D-1-interphase-CENP-A(mask)0018.tif,309.19628423211486,157.165,1.303379181935661,1.1017428023313443,1.1830158356175724,0.6113470873786407,1.6357320099255583,0.8452972224822061,Interphase,KTProtein_Interphase_1,Expt-1
149,18_7,5.0,361.0,1161.0,691.2,Expt2023_011_set5_RPE-1-p21-GFP-PCNA-mRuby_200k_6days-GFP-CENPC-CENPA-DAPI-5_R3D_D3D-1-interphase-CENP-C(particle)0018.tif,598.3247620089726,251.28,127.0,493.0,293.4,Expt2023_011_set5_RPE-1-p21-GFP-PCNA-mRuby_200k_6days-GFP-CENPC-CENPA-DAPI-5_R3D_D3D-1-interphase-CENP-A(mask)0018.tif,309.19628423211486,157.165,0.9489117915134564,1.155225462638691,0.8214083070381895,0.42447916666666663,2.355828220858896,1.2174213377580407,Interphase,KTProtein_Interphase_1,Expt-1
150,18_8,5.0,825.0,1016.0,952.6,Expt2023_011_set5_RPE-1-p21-GFP-PCNA-mRuby_200k_6days-GFP-CENPC-CENPA-DAPI-5_R3D_D3D-1-interphase-CENP-C(particle)0018.tif,598.3247620089726,251.28,324.0,785.0,539.0,Expt2023_011_set5_RPE-1-p21-GFP-PCNA-mRuby_200k_6days-GFP-CENPC-CENPA-DAPI-5_R3D_D3D-1-interphase-CENP-A(mask)0018.tif,309.19628423211486,157.165,1.743229228444966,1.59211194402433,1.0949162431623127,0.5658198614318707,1.7673469387755103,0.9133118685972017,Interphase,KTProtein_Interphase_1,Expt-1
151,18_9,5.0,537.0,1052.0,871.6,Expt2023_011_set5_RPE-1-p21-GFP-PCNA-mRuby_200k_6days-GFP-CENPC-CENPA-DAPI-5_R3D_D3D-1-interphase-CENP-C(particle)0018.tif,598.3247620089726,251.28,214.0,701.0,524.6,Expt2023_011_set5_RPE-1-p21-GFP-PCNA-mRuby_200k_6days-GFP-CENPC-CENPA-DAPI-5_R3D_D3D-1-interphase-CENP-A(mask)0018.tif,309.19628423211486,157.165,1.696656870579275,1.4567339601213585,1.1646991949291337,0.6018815970628729,1.6614563476934807,0.8585907883802093,Interphase,KTProtein_Interphase_1,Expt-1
152,18_10,15.0,323.0,1650.0,909.8666666666668,Expt2023_011_set5_RPE-1-p21-GFP-PCNA-mRuby_200k_6days-GFP-CENPC-CENPA-DAPI-5_R3D_D3D-1-interphase-CENP-C(particle)0018.tif,598.3247620089726,251.28,115.0,766.0,441.1333333333333,Expt2023_011_set5_RPE-1-p21-GFP-PCNA-mRuby_200k_6days-GFP-CENPC-CENPA-DAPI-5_R3D_D3D-1-interphase-CENP-A(mask)0018.tif,309.19628423211486,157.165,1.4267096851725838,1.5206903080722276,0.9381987098880228,0.48483294255568576,2.062566117575941,1.0658722821302467,Interphase,KTProtein_Interphase_1,Expt-1
153,18_11,8.0,185.0,1562.0,750.125,Expt2023_011_set5_RPE-1-p21-GFP-PCNA-mRuby_200k_6days-GFP-CENPC-CENPA-DAPI-5_R3D_D3D-1-interphase-CENP-C(particle)0018.tif,598.3247620089726,251.28,70.0,548.0,316.125,Expt2023_011_set5_RPE-1-p21-GFP-PCNA-mRuby_200k_6days-GFP-CENPC-CENPA-DAPI-5_R3D_D3D-1-interphase-CENP-A(mask)0018.tif,309.19628423211486,157.165,1.0224087937702502,1.2537087675952663,0.8155074130424471,0.42142976170638224,2.372874654013444,1.226230422932955,Interphase,KTProtein_Interphase_1,Expt-1
154,18_12,5.0,332.0,848.0,600.8,Expt2023_011_set5_RPE-1-p21-GFP-PCNA-mRuby_200k_6days-GFP-CENPC-CENPA-DAPI-5_R3D_D3D-1-interphase-CENP-C(particle)0018.tif,598.3247620089726,251.28,177.0,395.0,293.2,Expt2023_011_set5_RPE-1-p21-GFP-PCNA-mRuby_200k_6days-GFP-CENPC-CENPA-DAPI-5_R3D_D3D-1-interphase-CENP-A(mask)0018.tif,309.19628423211486,157.165,0.9482649532097662,1.0041369472704362,0.9443581931602578,0.48801597869507324,2.049113233287858,1.0589202351848497,Interphase,KTProtein_Interphase_1,Expt-1
155,18_13,13.0,177.0,1279.0,799.2307692307693,Expt2023_011_set5_RPE-1-p21-GFP-PCNA-mRuby_200k_6days-GFP-CENPC-CENPA-DAPI-5_R3D_D3D-1-interphase-CENP-C(particle)0018.tif,598.3247620089726,251.28,112.0,751.0,378.38461538461536,Expt2023_011_set5_RPE-1-p21-GFP-PCNA-mRuby_200k_6days-GFP-CENPC-CENPA-DAPI-5_R3D_D3D-1-interphase-CENP-A(mask)0018.tif,309.19628423211486,157.165,1.2237683137891804,1.3357808668108975,0.9161445145646225,0.4734359961501443,2.112217930473674,1.0915308492298597,Interphase,KTProtein_Interphase_1,Expt-1
