label,area,min_intensity_particle,max_intensity_particle,mean_intensity_particle,fname_particle,particle_cyto,particle_bg,min_intensity_mask,max_intensity_mask,mean_intensity_mask,fname_mask,mask_cyto,mask_bg,mask@kt/mask@cyto,particle@kt/particle@cyto,mask@kt/mask@cyto:particle@kt/particle@cyto,mean_intensity_mask/mean_intensity_particle,mean_intensity_particle/mean_intensity_mask,particle@kt/particle@cyto:mask@kt/mask@cyto,condition,cell,Experiment
0_1,16.0,98.0,2129.0,967.6875,Expt2023_011_set5_RPE-1-p21-GFP-PCNA-mRuby_200k_6days-GFP-CENPC-CENPA-DAPI-5_R3D_D3D-1-mitosis-CENP-C(particle)0000.tif,1070.3449213439503,524.5375,278.0,1111.0,707.1875,Expt2023_011_set5_RPE-1-p21-GFP-PCNA-mRuby_200k_6days-GFP-CENPC-CENPA-DAPI-5_R3D_D3D-1-mitosis-CENP-A(mask)0000.tif,455.79991663193,250.4875,1.5515305602196323,0.9040894021199716,1.716125149328701,0.7308015242524059,1.3683605832965091,0.5827080853579771,Mitosis,KTProtein_Mitosis_1,Expt-1
1_1,8.0,65.0,851.0,442.625,Expt2023_011_set5_RPE-1-p21-GFP-PCNA-mRuby_200k_6days-GFP-CENPC-CENPA-DAPI-5_R3D_D3D-1-mitosis-CENP-C(particle)0001.tif,1129.884178068992,526.175,275.0,954.0,626.25,Expt2023_011_set5_RPE-1-p21-GFP-PCNA-mRuby_200k_6days-GFP-CENPC-CENPA-DAPI-5_R3D_D3D-1-mitosis-CENP-A(mask)0001.tif,464.2474943751278,242.8325,1.3489571997430505,0.3917436924875435,3.4434688435626675,1.4148545608585146,0.7067864271457086,0.29040483461014394,Mitosis,KTProtein_Mitosis_1,Expt-1
1_2,40.0,204.0,4272.0,1924.95,Expt2023_011_set5_RPE-1-p21-GFP-PCNA-mRuby_200k_6days-GFP-CENPC-CENPA-DAPI-5_R3D_D3D-1-mitosis-CENP-C(particle)0001.tif,1129.884178068992,526.175,241.0,2024.0,832.775,Expt2023_011_set5_RPE-1-p21-GFP-PCNA-mRuby_200k_6days-GFP-CENPC-CENPA-DAPI-5_R3D_D3D-1-mitosis-CENP-A(mask)0001.tif,464.2474943751278,242.8325,1.7938168974307687,1.7036701967893744,1.0529132345047056,0.43262162653575414,2.3114886974272766,0.9497458738567416,Mitosis,KTProtein_Mitosis_1,Expt-1
2_1,31.0,369.0,3576.0,1952.3870967741937,Expt2023_011_set5_RPE-1-p21-GFP-PCNA-mRuby_200k_6days-GFP-CENPC-CENPA-DAPI-5_R3D_D3D-1-mitosis-CENP-C(particle)0002.tif,1229.9560373980505,520.0175,442.0,1794.0,1048.8064516129032,Expt2023_011_set5_RPE-1-p21-GFP-PCNA-mRuby_200k_6days-GFP-CENPC-CENPA-DAPI-5_R3D_D3D-1-mitosis-CENP-A(mask)0002.tif,485.7930824008138,228.5525,2.1589571560583964,1.5873633182080498,1.3600901137715657,0.5371918577754279,1.861532310152862,0.7352454001940898,Mitosis,KTProtein_Mitosis_1,Expt-1
2_2,8.0,1783.0,2607.0,2302.5,Expt2023_011_set5_RPE-1-p21-GFP-PCNA-mRuby_200k_6days-GFP-CENPC-CENPA-DAPI-5_R3D_D3D-1-mitosis-CENP-C(particle)0002.tif,1229.9560373980505,520.0175,585.0,1607.0,1017.625,Expt2023_011_set5_RPE-1-p21-GFP-PCNA-mRuby_200k_6days-GFP-CENPC-CENPA-DAPI-5_R3D_D3D-1-mitosis-CENP-A(mask)0002.tif,485.7930824008138,228.5525,2.094770462705739,1.8720181290958144,1.1189904788569083,0.44196525515743756,2.2626212995946444,0.8936626529848032,Mitosis,KTProtein_Mitosis_1,Expt-1
2_3,10.0,258.0,868.0,562.3,Expt2023_011_set5_RPE-1-p21-GFP-PCNA-mRuby_200k_6days-GFP-CENPC-CENPA-DAPI-5_R3D_D3D-1-mitosis-CENP-C(particle)0002.tif,1229.9560373980505,520.0175,361.0,1407.0,863.3,Expt2023_011_set5_RPE-1-p21-GFP-PCNA-mRuby_200k_6days-GFP-CENPC-CENPA-DAPI-5_R3D_D3D-1-mitosis-CENP-A(mask)0002.tif,485.7930824008138,228.5525,1.777094057687129,0.45717081172229157,3.887155549131218,1.535301440512182,0.6513378894938028,0.25725752092002097,Mitosis,KTProtein_Mitosis_1,Expt-1
2_4,42.0,531.0,7359.0,3104.0714285714284,Expt2023_011_set5_RPE-1-p21-GFP-PCNA-mRuby_200k_6days-GFP-CENPC-CENPA-DAPI-5_R3D_D3D-1-mitosis-CENP-C(particle)0002.tif,1229.9560373980505,520.0175,362.0,3246.0,1186.809523809524,Expt2023_011_set5_RPE-1-p21-GFP-PCNA-mRuby_200k_6days-GFP-CENPC-CENPA-DAPI-5_R3D_D3D-1-mitosis-CENP-A(mask)0002.tif,485.7930824008138,228.5525,2.4430350427063554,2.5237255106597427,0.9680272408340107,0.3823396307461016,2.6154756650483484,1.033028780407505,Mitosis,KTProtein_Mitosis_1,Expt-1
3_1,39.0,172.0,7822.0,3440.5128205128203,Expt2023_011_set5_RPE-1-p21-GFP-PCNA-mRuby_200k_6days-GFP-CENPC-CENPA-DAPI-5_R3D_D3D-1-mitosis-CENP-C(particle)0003.tif,1345.987105093488,484.62,583.0,4523.0,1851.5128205128208,Expt2023_011_set5_RPE-1-p21-GFP-PCNA-mRuby_200k_6days-GFP-CENPC-CENPA-DAPI-5_R3D_D3D-1-mitosis-CENP-A(mask)0003.tif,507.9595435684647,216.485,3.6450005595047292,2.5561261378309066,1.4259861849375814,0.538150245938292,1.8582171197496153,0.7012690659718924,Mitosis,KTProtein_Mitosis_1,Expt-1
3_2,29.0,266.0,5456.0,2565.8275862068967,Expt2023_011_set5_RPE-1-p21-GFP-PCNA-mRuby_200k_6days-GFP-CENPC-CENPA-DAPI-5_R3D_D3D-1-mitosis-CENP-C(particle)0003.tif,1345.987105093488,484.62,655.0,3022.0,1497.1724137931035,Expt2023_011_set5_RPE-1-p21-GFP-PCNA-mRuby_200k_6days-GFP-CENPC-CENPA-DAPI-5_R3D_D3D-1-mitosis-CENP-A(mask)0003.tif,507.9595435684647,216.485,2.947424519825581,1.906279470655614,1.5461660082883297,0.5835046835732236,1.7137823022709475,0.6467610816946117,Mitosis,KTProtein_Mitosis_1,Expt-1
3_3,37.0,1392.0,14543.0,5631.054054054054,Expt2023_011_set5_RPE-1-p21-GFP-PCNA-mRuby_200k_6days-GFP-CENPC-CENPA-DAPI-5_R3D_D3D-1-mitosis-CENP-C(particle)0003.tif,1345.987105093488,484.62,359.0,9517.0,2598.45945945946,Expt2023_011_set5_RPE-1-p21-GFP-PCNA-mRuby_200k_6days-GFP-CENPC-CENPA-DAPI-5_R3D_D3D-1-mitosis-CENP-A(mask)0003.tif,507.9595435684647,216.485,5.115485066399249,4.18358692497499,1.2227509929006268,0.4614516988322479,2.167074045952383,0.8178280007998899,Mitosis,KTProtein_Mitosis_1,Expt-1
4_1,47.0,770.0,12439.0,5337.021276595745,Expt2023_011_set5_RPE-1-p21-GFP-PCNA-mRuby_200k_6days-GFP-CENPC-CENPA-DAPI-5_R3D_D3D-1-mitosis-CENP-C(particle)0004.tif,1343.498562037798,450.9675,479.0,7714.0,2697.063829787234,Expt2023_011_set5_RPE-1-p21-GFP-PCNA-mRuby_200k_6days-GFP-CENPC-CENPA-DAPI-5_R3D_D3D-1-mitosis-CENP-A(mask)0004.tif,542.1659969864389,209.6225,4.974608966217952,3.9724800810360623,1.252267818777967,0.50535002391963,1.978826462188984,0.7985512244304543,Mitosis,KTProtein_Mitosis_1,Expt-1
4_2,5.0,2355.0,4870.0,3168.6,Expt2023_011_set5_RPE-1-p21-GFP-PCNA-mRuby_200k_6days-GFP-CENPC-CENPA-DAPI-5_R3D_D3D-1-mitosis-CENP-C(particle)0004.tif,1343.498562037798,450.9675,1175.0,3400.0,2382.2,Expt2023_011_set5_RPE-1-p21-GFP-PCNA-mRuby_200k_6days-GFP-CENPC-CENPA-DAPI-5_R3D_D3D-1-mitosis-CENP-A(mask)0004.tif,542.1659969864389,209.6225,4.393857256340598,2.358469215771929,1.8630123416313003,0.7518146815628353,1.3301150197296616,0.5367650968561888,Mitosis,KTProtein_Mitosis_1,Expt-1
4_3,30.0,493.0,7562.0,3727.2,Expt2023_011_set5_RPE-1-p21-GFP-PCNA-mRuby_200k_6days-GFP-CENPC-CENPA-DAPI-5_R3D_D3D-1-mitosis-CENP-C(particle)0004.tif,1343.498562037798,450.9675,632.0,5054.0,2155.0,Expt2023_011_set5_RPE-1-p21-GFP-PCNA-mRuby_200k_6days-GFP-CENPC-CENPA-DAPI-5_R3D_D3D-1-mitosis-CENP-A(mask)0004.tif,542.1659969864389,209.6225,3.9747974088716274,2.7742493407262305,1.4327469959247148,0.5781820133075768,1.7295591647331785,0.6979599348973585,Mitosis,KTProtein_Mitosis_1,Expt-1
5_1,58.0,765.0,31593.0,7914.758620689655,Expt2023_011_set5_RPE-1-p21-GFP-PCNA-mRuby_200k_6days-GFP-CENPC-CENPA-DAPI-5_R3D_D3D-1-mitosis-CENP-C(particle)0005.tif,1426.4148103552077,416.2975,480.0,10696.0,3333.448275862069,Expt2023_011_set5_RPE-1-p21-GFP-PCNA-mRuby_200k_6days-GFP-CENPC-CENPA-DAPI-5_R3D_D3D-1-mitosis-CENP-A(mask)0005.tif,624.7251908396946,208.235,5.335863392000526,5.5487075451205605,0.9616407692441448,0.4211686591614095,2.37434571221682,1.039889355758082,Mitosis,KTProtein_Mitosis_1,Expt-1
5_2,29.0,2297.0,12215.0,6227.241379310345,Expt2023_011_set5_RPE-1-p21-GFP-PCNA-mRuby_200k_6days-GFP-CENPC-CENPA-DAPI-5_R3D_D3D-1-mitosis-CENP-C(particle)0005.tif,1426.4148103552077,416.2975,564.0,6494.0,2651.896551724138,Expt2023_011_set5_RPE-1-p21-GFP-PCNA-mRuby_200k_6days-GFP-CENPC-CENPA-DAPI-5_R3D_D3D-1-mitosis-CENP-A(mask)0005.tif,624.7251908396946,208.235,4.244900943020591,4.36565950809192,0.9723389868478066,0.4258541447477712,2.348221832130551,1.0284479111979936,Mitosis,KTProtein_Mitosis_1,Expt-1
5_3,13.0,418.0,4688.0,2347.153846153846,Expt2023_011_set5_RPE-1-p21-GFP-PCNA-mRuby_200k_6days-GFP-CENPC-CENPA-DAPI-5_R3D_D3D-1-mitosis-CENP-C(particle)0005.tif,1426.4148103552077,416.2975,986.0,3413.0,2243.4615384615386,Expt2023_011_set5_RPE-1-p21-GFP-PCNA-mRuby_200k_6days-GFP-CENPC-CENPA-DAPI-5_R3D_D3D-1-mitosis-CENP-A(mask)0005.tif,624.7251908396946,208.235,3.5911174566949935,1.6454917805917584,2.182397687458239,0.9558221086094452,1.0462197839876564,0.4582116292309054,Mitosis,KTProtein_Mitosis_1,Expt-1
5_4,27.0,2520.0,9225.0,4989.62962962963,Expt2023_011_set5_RPE-1-p21-GFP-PCNA-mRuby_200k_6days-GFP-CENPC-CENPA-DAPI-5_R3D_D3D-1-mitosis-CENP-C(particle)0005.tif,1426.4148103552077,416.2975,751.0,7193.0,2756.037037037037,Expt2023_011_set5_RPE-1-p21-GFP-PCNA-mRuby_200k_6days-GFP-CENPC-CENPA-DAPI-5_R3D_D3D-1-mitosis-CENP-A(mask)0005.tif,624.7251908396946,208.235,4.411599015773065,3.4980214685145516,1.2611697942627174,0.5523530285035629,1.8104363484874955,0.792914645235856,Mitosis,KTProtein_Mitosis_1,Expt-1
5_5,20.0,874.0,6414.0,3807.4,Expt2023_011_set5_RPE-1-p21-GFP-PCNA-mRuby_200k_6days-GFP-CENPC-CENPA-DAPI-5_R3D_D3D-1-mitosis-CENP-C(particle)0005.tif,1426.4148103552077,416.2975,1089.0,5334.0,2710.15,Expt2023_011_set5_RPE-1-p21-GFP-PCNA-mRuby_200k_6days-GFP-CENPC-CENPA-DAPI-5_R3D_D3D-1-mitosis-CENP-A(mask)0005.tif,624.7251908396946,208.235,4.338147460257335,2.6692095261208597,1.6252554989798529,0.7118112097494353,1.4048668892865708,0.6152878735852204,Mitosis,KTProtein_Mitosis_1,Expt-1
5_6,9.0,732.0,4869.0,2316.6666666666665,Expt2023_011_set5_RPE-1-p21-GFP-PCNA-mRuby_200k_6days-GFP-CENPC-CENPA-DAPI-5_R3D_D3D-1-mitosis-CENP-C(particle)0005.tif,1426.4148103552077,416.2975,1047.0,3221.0,2071.777777777778,Expt2023_011_set5_RPE-1-p21-GFP-PCNA-mRuby_200k_6days-GFP-CENPC-CENPA-DAPI-5_R3D_D3D-1-mitosis-CENP-A(mask)0005.tif,624.7251908396946,208.235,3.3163026049791533,1.6241184891299376,2.0419092739691314,0.8942925659472423,1.1182022953984767,0.4897377237805315,Mitosis,KTProtein_Mitosis_1,Expt-1
5_7,25.0,732.0,6949.0,3390.68,Expt2023_011_set5_RPE-1-p21-GFP-PCNA-mRuby_200k_6days-GFP-CENPC-CENPA-DAPI-5_R3D_D3D-1-mitosis-CENP-C(particle)0005.tif,1426.4148103552077,416.2975,598.0,4891.0,2095.96,Expt2023_011_set5_RPE-1-p21-GFP-PCNA-mRuby_200k_6days-GFP-CENPC-CENPA-DAPI-5_R3D_D3D-1-mitosis-CENP-A(mask)0005.tif,624.7251908396946,208.235,3.3550111804885203,2.377064494412848,1.4114094036465057,0.6181532907853292,1.617721712246417,0.7085116461718395,Mitosis,KTProtein_Mitosis_1,Expt-1
5_8,13.0,826.0,6021.0,3275.538461538461,Expt2023_011_set5_RPE-1-p21-GFP-PCNA-mRuby_200k_6days-GFP-CENPC-CENPA-DAPI-5_R3D_D3D-1-mitosis-CENP-C(particle)0005.tif,1426.4148103552077,416.2975,979.0,3474.0,2169.230769230769,Expt2023_011_set5_RPE-1-p21-GFP-PCNA-mRuby_200k_6days-GFP-CENPC-CENPA-DAPI-5_R3D_D3D-1-mitosis-CENP-A(mask)0005.tif,624.7251908396946,208.235,3.4722959807577167,2.2963435585212286,1.5120977729455098,0.6622516556291391,1.5099999999999998,0.6613328965176885,Mitosis,KTProtein_Mitosis_1,Expt-1
5_9,64.0,1173.0,27328.0,7677.328125,Expt2023_011_set5_RPE-1-p21-GFP-PCNA-mRuby_200k_6days-GFP-CENPC-CENPA-DAPI-5_R3D_D3D-1-mitosis-CENP-C(particle)0005.tif,1426.4148103552077,416.2975,392.0,8664.0,2838.9375,Expt2023_011_set5_RPE-1-p21-GFP-PCNA-mRuby_200k_6days-GFP-CENPC-CENPA-DAPI-5_R3D_D3D-1-mitosis-CENP-A(mask)0005.tif,624.7251908396946,208.235,4.544298103593642,5.382254915797026,0.8443111994298218,0.3697819676034753,2.704296281619444,1.1843974125598684,Mitosis,KTProtein_Mitosis_1,Expt-1
6_1,61.0,1129.0,23844.0,8067.147540983607,Expt2023_011_set5_RPE-1-p21-GFP-PCNA-mRuby_200k_6days-GFP-CENPC-CENPA-DAPI-5_R3D_D3D-1-mitosis-CENP-C(particle)0006.tif,1657.653744493392,395.3925,475.0,13266.0,3320.934426229508,Expt2023_011_set5_RPE-1-p21-GFP-PCNA-mRuby_200k_6days-GFP-CENPC-CENPA-DAPI-5_R3D_D3D-1-mitosis-CENP-A(mask)0006.tif,759.6838235294117,220.705,4.37146918674771,4.866605928881166,0.898258303760525,0.4116615457146573,2.429180015500279,1.113265522638129,Mitosis,KTProtein_Mitosis_1,Expt-1
6_2,32.0,345.0,6694.0,3209.53125,Expt2023_011_set5_RPE-1-p21-GFP-PCNA-mRuby_200k_6days-GFP-CENPC-CENPA-DAPI-5_R3D_D3D-1-mitosis-CENP-C(particle)0006.tif,1657.653744493392,395.3925,561.0,4814.0,1963.15625,Expt2023_011_set5_RPE-1-p21-GFP-PCNA-mRuby_200k_6days-GFP-CENPC-CENPA-DAPI-5_R3D_D3D-1-mitosis-CENP-A(mask)0006.tif,759.6838235294117,220.705,2.584175401918368,1.936189183453924,1.3346709216237413,0.6116644759261964,1.6348832396809985,0.7492483606246657,Mitosis,KTProtein_Mitosis_1,Expt-1
6_3,57.0,925.0,22045.0,6105.070175438596,Expt2023_011_set5_RPE-1-p21-GFP-PCNA-mRuby_200k_6days-GFP-CENPC-CENPA-DAPI-5_R3D_D3D-1-mitosis-CENP-C(particle)0006.tif,1657.653744493392,395.3925,383.0,6535.0,2445.5789473684213,Expt2023_011_set5_RPE-1-p21-GFP-PCNA-mRuby_200k_6days-GFP-CENPC-CENPA-DAPI-5_R3D_D3D-1-mitosis-CENP-A(mask)0006.tif,759.6838235294117,220.705,3.2192062955961296,3.6829586370007643,0.874081577581253,0.4005816275801822,2.4963701057403975,1.14405797542054,Mitosis,KTProtein_Mitosis_1,Expt-1
6_4,30.0,872.0,9410.0,4244.233333333334,Expt2023_011_set5_RPE-1-p21-GFP-PCNA-mRuby_200k_6days-GFP-CENPC-CENPA-DAPI-5_R3D_D3D-1-mitosis-CENP-C(particle)0006.tif,1657.653744493392,395.3925,565.0,5932.0,2363.733333333333,Expt2023_011_set5_RPE-1-p21-GFP-PCNA-mRuby_200k_6days-GFP-CENPC-CENPA-DAPI-5_R3D_D3D-1-mitosis-CENP-A(mask)0006.tif,759.6838235294117,220.705,3.1114698774967655,2.560385935502137,1.21523471690472,0.5569282241786895,1.7955635153429605,0.822886300143781,Mitosis,KTProtein_Mitosis_1,Expt-1
6_5,63.0,1334.0,19861.0,6704.396825396825,Expt2023_011_set5_RPE-1-p21-GFP-PCNA-mRuby_200k_6days-GFP-CENPC-CENPA-DAPI-5_R3D_D3D-1-mitosis-CENP-C(particle)0006.tif,1657.653744493392,395.3925,595.0,9404.0,3185.3015873015875,Expt2023_011_set5_RPE-1-p21-GFP-PCNA-mRuby_200k_6days-GFP-CENPC-CENPA-DAPI-5_R3D_D3D-1-mitosis-CENP-A(mask)0006.tif,759.6838235294117,220.705,4.1929306490995275,4.044509806507152,1.0366968680242987,0.47510636232560016,2.1047918514605777,0.9646021231893616,Mitosis,KTProtein_Mitosis_1,Expt-1
6_6,29.0,982.0,6875.0,3114.7241379310344,Expt2023_011_set5_RPE-1-p21-GFP-PCNA-mRuby_200k_6days-GFP-CENPC-CENPA-DAPI-5_R3D_D3D-1-mitosis-CENP-C(particle)0006.tif,1657.653744493392,395.3925,510.0,5668.0,1885.7586206896551,Expt2023_011_set5_RPE-1-p21-GFP-PCNA-mRuby_200k_6days-GFP-CENPC-CENPA-DAPI-5_R3D_D3D-1-mitosis-CENP-A(mask)0006.tif,759.6838235294117,220.705,2.482294031125498,1.8789956275717572,1.3210749374299444,0.6054335912849979,1.6517088156234572,0.7569593303657911,Mitosis,KTProtein_Mitosis_1,Expt-1
6_7,30.0,1497.0,9044.0,4340.433333333333,Expt2023_011_set5_RPE-1-p21-GFP-PCNA-mRuby_200k_6days-GFP-CENPC-CENPA-DAPI-5_R3D_D3D-1-mitosis-CENP-C(particle)0006.tif,1657.653744493392,395.3925,564.0,6353.0,2308.0,Expt2023_011_set5_RPE-1-p21-GFP-PCNA-mRuby_200k_6days-GFP-CENPC-CENPA-DAPI-5_R3D_D3D-1-mitosis-CENP-A(mask)0006.tif,759.6838235294117,220.705,3.0381060232101205,2.618419768152393,1.1602822664884882,0.5317441422899403,1.8806036972848066,0.8618592465662936,Mitosis,KTProtein_Mitosis_1,Expt-1
6_8,55.0,900.0,13312.0,4666.345454545454,Expt2023_011_set5_RPE-1-p21-GFP-PCNA-mRuby_200k_6days-GFP-CENPC-CENPA-DAPI-5_R3D_D3D-1-mitosis-CENP-C(particle)0006.tif,1657.653744493392,395.3925,360.0,7883.0,2437.036363636364,Expt2023_011_set5_RPE-1-p21-GFP-PCNA-mRuby_200k_6days-GFP-CENPC-CENPA-DAPI-5_R3D_D3D-1-mitosis-CENP-A(mask)0006.tif,759.6838235294117,220.705,3.207961375713053,2.815030261926969,1.1395832645568476,0.5222580255524083,1.914762341741459,0.8775137641117188,Mitosis,KTProtein_Mitosis_1,Expt-1
6_9,40.0,890.0,8660.0,4247.075,Expt2023_011_set5_RPE-1-p21-GFP-PCNA-mRuby_200k_6days-GFP-CENPC-CENPA-DAPI-5_R3D_D3D-1-mitosis-CENP-C(particle)0006.tif,1657.653744493392,395.3925,510.0,5331.0,2126.725,Expt2023_011_set5_RPE-1-p21-GFP-PCNA-mRuby_200k_6days-GFP-CENPC-CENPA-DAPI-5_R3D_D3D-1-mitosis-CENP-A(mask)0006.tif,759.6838235294117,220.705,2.799487015689577,2.562100205853292,1.092653210555137,0.5007505165319661,1.9970024333188352,0.9152034610248724,Mitosis,KTProtein_Mitosis_1,Expt-1
6_10,56.0,1445.0,32492.0,7676.964285714285,Expt2023_011_set5_RPE-1-p21-GFP-PCNA-mRuby_200k_6days-GFP-CENPC-CENPA-DAPI-5_R3D_D3D-1-mitosis-CENP-C(particle)0006.tif,1657.653744493392,395.3925,479.0,11904.0,3065.8214285714284,Expt2023_011_set5_RPE-1-p21-GFP-PCNA-mRuby_200k_6days-GFP-CENPC-CENPA-DAPI-5_R3D_D3D-1-mitosis-CENP-A(mask)0006.tif,759.6838235294117,220.705,4.035654483634971,4.631223083359004,0.8714014442828202,0.39935335302737784,2.5040480877881715,1.147576707108879,Mitosis,KTProtein_Mitosis_1,Expt-1
6_11,9.0,1614.0,6500.0,4125.555555555556,Expt2023_011_set5_RPE-1-p21-GFP-PCNA-mRuby_200k_6days-GFP-CENPC-CENPA-DAPI-5_R3D_D3D-1-mitosis-CENP-C(particle)0006.tif,1657.653744493392,395.3925,1229.0,3481.0,2421.222222222222,Expt2023_011_set5_RPE-1-p21-GFP-PCNA-mRuby_200k_6days-GFP-CENPC-CENPA-DAPI-5_R3D_D3D-1-mitosis-CENP-A(mask)0006.tif,759.6838235294117,220.705,3.1871446346895693,2.48879210707324,1.2805989803775033,0.5868839213573929,1.7039144600982057,0.7808845823891047,Mitosis,KTProtein_Mitosis_1,Expt-1
6_12,16.0,1430.0,7590.0,4102.4375,Expt2023_011_set5_RPE-1-p21-GFP-PCNA-mRuby_200k_6days-GFP-CENPC-CENPA-DAPI-5_R3D_D3D-1-mitosis-CENP-C(particle)0006.tif,1657.653744493392,395.3925,1032.0,4392.0,2500.4375,Expt2023_011_set5_RPE-1-p21-GFP-PCNA-mRuby_200k_6days-GFP-CENPC-CENPA-DAPI-5_R3D_D3D-1-mitosis-CENP-A(mask)0006.tif,759.6838235294117,220.705,3.291418643592052,2.474845855853797,1.329948948459477,0.6095004494279316,1.6406878796210662,0.751908560970203,Mitosis,KTProtein_Mitosis_1,Expt-1
6_13,8.0,1251.0,5697.0,2965.375,Expt2023_011_set5_RPE-1-p21-GFP-PCNA-mRuby_200k_6days-GFP-CENPC-CENPA-DAPI-5_R3D_D3D-1-mitosis-CENP-C(particle)0006.tif,1657.653744493392,395.3925,682.0,4791.0,2105.875,Expt2023_011_set5_RPE-1-p21-GFP-PCNA-mRuby_200k_6days-GFP-CENPC-CENPA-DAPI-5_R3D_D3D-1-mitosis-CENP-A(mask)0006.tif,759.6838235294117,220.705,2.772041387187007,1.788898924067083,1.549579660367137,0.7101547021877502,1.4081438831839497,0.6453362970465637,Mitosis,KTProtein_Mitosis_1,Expt-1
7_1,5.0,1108.0,3180.0,1990.0,Expt2023_011_set5_RPE-1-p21-GFP-PCNA-mRuby_200k_6days-GFP-CENPC-CENPA-DAPI-5_R3D_D3D-1-mitosis-CENP-C(particle)0007.tif,2323.153846153846,369.87,1545.0,3698.0,2596.6,Expt2023_011_set5_RPE-1-p21-GFP-PCNA-mRuby_200k_6days-GFP-CENPC-CENPA-DAPI-5_R3D_D3D-1-mitosis-CENP-A(mask)0007.tif,1068.68156424581,211.9775,2.4297228350078934,0.8565941525115063,2.836492436802218,1.3048241206030151,0.7663868135253794,0.352548093210279,Mitosis,KTProtein_Mitosis_1,Expt-1
7_2,5.0,498.0,2002.0,1126.6,Expt2023_011_set5_RPE-1-p21-GFP-PCNA-mRuby_200k_6days-GFP-CENPC-CENPA-DAPI-5_R3D_D3D-1-mitosis-CENP-C(particle)0007.tif,2323.153846153846,369.87,952.0,3205.0,2025.4,Expt2023_011_set5_RPE-1-p21-GFP-PCNA-mRuby_200k_6days-GFP-CENPC-CENPA-DAPI-5_R3D_D3D-1-mitosis-CENP-A(mask)0007.tif,1068.68156424581,211.9775,1.8952324693926628,0.4849442071454587,3.9081453937734922,1.7977986863127997,0.5562358052730324,0.25587584371687216,Mitosis,KTProtein_Mitosis_1,Expt-1
7_3,13.0,1077.0,7003.0,3652.769230769231,Expt2023_011_set5_RPE-1-p21-GFP-PCNA-mRuby_200k_6days-GFP-CENPC-CENPA-DAPI-5_R3D_D3D-1-mitosis-CENP-C(particle)0007.tif,2323.153846153846,369.87,630.0,3899.0,2256.230769230769,Expt2023_011_set5_RPE-1-p21-GFP-PCNA-mRuby_200k_6days-GFP-CENPC-CENPA-DAPI-5_R3D_D3D-1-mitosis-CENP-A(mask)0007.tif,1068.68156424581,211.9775,2.1112283066500135,1.5723320419853648,1.342736934867899,0.6176767889483216,1.618969690770857,0.7447475183203938,Mitosis,KTProtein_Mitosis_1,Expt-1
7_4,30.0,1299.0,35820.0,10486.566666666668,Expt2023_011_set5_RPE-1-p21-GFP-PCNA-mRuby_200k_6days-GFP-CENPC-CENPA-DAPI-5_R3D_D3D-1-mitosis-CENP-C(particle)0007.tif,2323.153846153846,369.87,679.0,8798.0,3536.9666666666667,Expt2023_011_set5_RPE-1-p21-GFP-PCNA-mRuby_200k_6days-GFP-CENPC-CENPA-DAPI-5_R3D_D3D-1-mitosis-CENP-A(mask)0007.tif,1068.68156424581,211.9775,3.309654423731708,4.513935520898867,0.7332081746423909,0.3372854795182408,2.964847468169524,1.3638691364669142,Mitosis,KTProtein_Mitosis_1,Expt-1
7_5,33.0,944.0,17560.0,6162.606060606061,Expt2023_011_set5_RPE-1-p21-GFP-PCNA-mRuby_200k_6days-GFP-CENPC-CENPA-DAPI-5_R3D_D3D-1-mitosis-CENP-C(particle)0007.tif,2323.153846153846,369.87,324.0,8436.0,2921.757575757576,Expt2023_011_set5_RPE-1-p21-GFP-PCNA-mRuby_200k_6days-GFP-CENPC-CENPA-DAPI-5_R3D_D3D-1-mitosis-CENP-A(mask)0007.tif,1068.68156424581,211.9775,2.7339833244148073,2.652689605903076,1.0306457711188022,0.4741107166389662,2.1092119728681364,0.9702654665865118,Mitosis,KTProtein_Mitosis_1,Expt-1
7_6,20.0,1162.0,13710.0,5287.55,Expt2023_011_set5_RPE-1-p21-GFP-PCNA-mRuby_200k_6days-GFP-CENPC-CENPA-DAPI-5_R3D_D3D-1-mitosis-CENP-C(particle)0007.tif,2323.153846153846,369.87,1041.0,5594.0,2838.6,Expt2023_011_set5_RPE-1-p21-GFP-PCNA-mRuby_200k_6days-GFP-CENPC-CENPA-DAPI-5_R3D_D3D-1-mitosis-CENP-A(mask)0007.tif,1068.68156424581,211.9775,2.656170083745439,2.2760223171418166,1.1670228642929146,0.536845987271988,1.862731628267456,0.8568812408023285,Mitosis,KTProtein_Mitosis_1,Expt-1
7_7,16.0,451.0,9787.0,4681.0625,Expt2023_011_set5_RPE-1-p21-GFP-PCNA-mRuby_200k_6days-GFP-CENPC-CENPA-DAPI-5_R3D_D3D-1-mitosis-CENP-C(particle)0007.tif,2323.153846153846,369.87,617.0,5665.0,2786.4375,Expt2023_011_set5_RPE-1-p21-GFP-PCNA-mRuby_200k_6days-GFP-CENPC-CENPA-DAPI-5_R3D_D3D-1-mitosis-CENP-A(mask)0007.tif,1068.68156424581,211.9775,2.6073599407195207,2.0149601834376343,1.294000726243245,0.5952574869487429,1.6799452706188458,0.7727970933240582,Mitosis,KTProtein_Mitosis_1,Expt-1
7_8,5.0,827.0,4271.0,2299.8,Expt2023_011_set5_RPE-1-p21-GFP-PCNA-mRuby_200k_6days-GFP-CENPC-CENPA-DAPI-5_R3D_D3D-1-mitosis-CENP-C(particle)0007.tif,2323.153846153846,369.87,1263.0,3765.0,2447.8,Expt2023_011_set5_RPE-1-p21-GFP-PCNA-mRuby_200k_6days-GFP-CENPC-CENPA-DAPI-5_R3D_D3D-1-mitosis-CENP-A(mask)0007.tif,1068.68156424581,211.9775,2.2904858490072875,0.9899473527366645,2.3137451124803188,1.0643534220366988,0.9395375439169867,0.4321997244234076,Mitosis,KTProtein_Mitosis_1,Expt-1
7_9,16.0,860.0,8197.0,3842.0,Expt2023_011_set5_RPE-1-p21-GFP-PCNA-mRuby_200k_6days-GFP-CENPC-CENPA-DAPI-5_R3D_D3D-1-mitosis-CENP-C(particle)0007.tif,2323.153846153846,369.87,814.0,4855.0,2412.4375,Expt2023_011_set5_RPE-1-p21-GFP-PCNA-mRuby_200k_6days-GFP-CENPC-CENPA-DAPI-5_R3D_D3D-1-mitosis-CENP-A(mask)0007.tif,1068.68156424581,211.9775,2.257396010852405,1.6537862984669383,1.3649865239209042,0.6279118948464342,1.5925801186559236,0.7326079653354484,Mitosis,KTProtein_Mitosis_1,Expt-1
7_10,20.0,407.0,6755.0,3434.6,Expt2023_011_set5_RPE-1-p21-GFP-PCNA-mRuby_200k_6days-GFP-CENPC-CENPA-DAPI-5_R3D_D3D-1-mitosis-CENP-C(particle)0007.tif,2323.153846153846,369.87,991.0,4521.0,2417.0,Expt2023_011_set5_RPE-1-p21-GFP-PCNA-mRuby_200k_6days-GFP-CENPC-CENPA-DAPI-5_R3D_D3D-1-mitosis-CENP-A(mask)0007.tif,1068.68156424581,211.9775,2.261665290077054,1.4784212443296578,1.529784084712969,0.7037209573167181,1.4210177906495656,0.6536870202749092,Mitosis,KTProtein_Mitosis_1,Expt-1
7_11,28.0,1932.0,24359.0,9074.714285714286,Expt2023_011_set5_RPE-1-p21-GFP-PCNA-mRuby_200k_6days-GFP-CENPC-CENPA-DAPI-5_R3D_D3D-1-mitosis-CENP-C(particle)0007.tif,2323.153846153846,369.87,804.0,9910.0,3321.1428571428573,Expt2023_011_set5_RPE-1-p21-GFP-PCNA-mRuby_200k_6days-GFP-CENPC-CENPA-DAPI-5_R3D_D3D-1-mitosis-CENP-A(mask)0007.tif,1068.68156424581,211.9775,3.1077010853898788,3.906204619525371,0.795580720440468,0.36597767737669823,2.7324070887818306,1.2569434807901787,Mitosis,KTProtein_Mitosis_1,Expt-1
7_12,40.0,712.0,22526.0,6733.05,Expt2023_011_set5_RPE-1-p21-GFP-PCNA-mRuby_200k_6days-GFP-CENPC-CENPA-DAPI-5_R3D_D3D-1-mitosis-CENP-C(particle)0007.tif,2323.153846153846,369.87,524.0,11090.0,3318.725,Expt2023_011_set5_RPE-1-p21-GFP-PCNA-mRuby_200k_6days-GFP-CENPC-CENPA-DAPI-5_R3D_D3D-1-mitosis-CENP-A(mask)0007.tif,1068.68156424581,211.9775,3.1054386180434306,2.898236813350551,1.0714923651988744,0.4929006913657258,2.028806243361532,0.933277765179778,Mitosis,KTProtein_Mitosis_1,Expt-1
7_13,23.0,2374.0,26871.0,10084.0,Expt2023_011_set5_RPE-1-p21-GFP-PCNA-mRuby_200k_6days-GFP-CENPC-CENPA-DAPI-5_R3D_D3D-1-mitosis-CENP-C(particle)0007.tif,2323.153846153846,369.87,735.0,5700.0,2558.260869565217,Expt2023_011_set5_RPE-1-p21-GFP-PCNA-mRuby_200k_6days-GFP-CENPC-CENPA-DAPI-5_R3D_D3D-1-mitosis-CENP-A(mask)0007.tif,1068.68156424581,211.9775,2.393847667214726,4.340650971822125,0.5514950828239095,0.2536950485487125,3.941740312712441,1.8132527943486607,Mitosis,KTProtein_Mitosis_1,Expt-1
7_14,31.0,2559.0,30567.0,10056.67741935484,Expt2023_011_set5_RPE-1-p21-GFP-PCNA-mRuby_200k_6days-GFP-CENPC-CENPA-DAPI-5_R3D_D3D-1-mitosis-CENP-C(particle)0007.tif,2323.153846153846,369.87,1031.0,9167.0,3737.806451612904,Expt2023_011_set5_RPE-1-p21-GFP-PCNA-mRuby_200k_6days-GFP-CENPC-CENPA-DAPI-5_R3D_D3D-1-mitosis-CENP-A(mask)0007.tif,1068.68156424581,211.9775,3.497586724302434,4.328889985484352,0.8079638743489793,0.37167409232190457,2.6905292046396023,1.2376790989643622,Mitosis,KTProtein_Mitosis_1,Expt-1
7_15,18.0,866.0,9570.0,4313.222222222223,Expt2023_011_set5_RPE-1-p21-GFP-PCNA-mRuby_200k_6days-GFP-CENPC-CENPA-DAPI-5_R3D_D3D-1-mitosis-CENP-C(particle)0007.tif,2323.153846153846,369.87,817.0,5390.0,2463.1111111111118,Expt2023_011_set5_RPE-1-p21-GFP-PCNA-mRuby_200k_6days-GFP-CENPC-CENPA-DAPI-5_R3D_D3D-1-mitosis-CENP-A(mask)0007.tif,1068.68156424581,211.9775,2.3048129522561553,1.8566235849438393,1.241400233707509,0.5710605631263043,1.7511277517141823,0.805541978201056,Mitosis,KTProtein_Mitosis_1,Expt-1
7_16,16.0,2732.0,18117.0,8380.6875,Expt2023_011_set5_RPE-1-p21-GFP-PCNA-mRuby_200k_6days-GFP-CENPC-CENPA-DAPI-5_R3D_D3D-1-mitosis-CENP-C(particle)0007.tif,2323.153846153846,369.87,1169.0,7212.0,3298.1875,Expt2023_011_set5_RPE-1-p21-GFP-PCNA-mRuby_200k_6days-GFP-CENPC-CENPA-DAPI-5_R3D_D3D-1-mitosis-CENP-A(mask)0007.tif,1068.68156424581,211.9775,3.0862210132048054,3.6074612595609414,0.8555105075696432,0.39354617386700075,2.5409978965719806,1.1688927151120871,Mitosis,KTProtein_Mitosis_1,Expt-1
7_17,42.0,1102.0,22798.0,7471.452380952381,Expt2023_011_set5_RPE-1-p21-GFP-PCNA-mRuby_200k_6days-GFP-CENPC-CENPA-DAPI-5_R3D_D3D-1-mitosis-CENP-C(particle)0007.tif,2323.153846153846,369.87,536.0,10543.0,2982.333333333333,Expt2023_011_set5_RPE-1-p21-GFP-PCNA-mRuby_200k_6days-GFP-CENPC-CENPA-DAPI-5_R3D_D3D-1-mitosis-CENP-A(mask)0007.tif,1068.68156424581,211.9775,2.7906660254198594,3.2160816182371756,0.867722389131872,0.3991638012625836,2.505237190438934,1.1524423162579305,Mitosis,KTProtein_Mitosis_1,Expt-1
7_18,52.0,965.0,26916.0,8390.134615384615,Expt2023_011_set5_RPE-1-p21-GFP-PCNA-mRuby_200k_6days-GFP-CENPC-CENPA-DAPI-5_R3D_D3D-1-mitosis-CENP-C(particle)0007.tif,2323.153846153846,369.87,389.0,10312.0,3401.25,Expt2023_011_set5_RPE-1-p21-GFP-PCNA-mRuby_200k_6days-GFP-CENPC-CENPA-DAPI-5_R3D_D3D-1-mitosis-CENP-A(mask)0007.tif,1068.68156424581,211.9775,3.182659937060232,3.611527763981325,0.8812503032100987,0.40538682106044877,2.466779747264863,1.134751382617783,Mitosis,KTProtein_Mitosis_1,Expt-1
7_19,51.0,1028.0,20704.0,7029.568627450981,Expt2023_011_set5_RPE-1-p21-GFP-PCNA-mRuby_200k_6days-GFP-CENPC-CENPA-DAPI-5_R3D_D3D-1-mitosis-CENP-C(particle)0007.tif,2323.153846153846,369.87,468.0,8626.0,3155.529411764706,Expt2023_011_set5_RPE-1-p21-GFP-PCNA-mRuby_200k_6days-GFP-CENPC-CENPA-DAPI-5_R3D_D3D-1-mitosis-CENP-A(mask)0007.tif,1068.68156424581,211.9775,2.9527312132418286,3.0258730557551985,0.9758278549147148,0.4488937485355975,2.2276986553326874,1.0247709111433365,Mitosis,KTProtein_Mitosis_1,Expt-1
7_20,12.0,765.0,5495.0,2866.5,Expt2023_011_set5_RPE-1-p21-GFP-PCNA-mRuby_200k_6days-GFP-CENPC-CENPA-DAPI-5_R3D_D3D-1-mitosis-CENP-C(particle)0007.tif,2323.153846153846,369.87,1949.0,4144.0,2701.6666666666665,Expt2023_011_set5_RPE-1-p21-GFP-PCNA-mRuby_200k_6days-GFP-CENPC-CENPA-DAPI-5_R3D_D3D-1-mitosis-CENP-A(mask)0007.tif,1068.68156424581,211.9775,2.5280371226140566,1.2338829840071521,2.048846734561503,0.942496656782371,1.061011721159778,0.48807945617953774,Mitosis,KTProtein_Mitosis_1,Expt-1
7_21,9.0,906.0,5938.0,3422.333333333333,Expt2023_011_set5_RPE-1-p21-GFP-PCNA-mRuby_200k_6days-GFP-CENPC-CENPA-DAPI-5_R3D_D3D-1-mitosis-CENP-C(particle)0007.tif,2323.153846153846,369.87,939.0,2931.0,1904.888888888889,Expt2023_011_set5_RPE-1-p21-GFP-PCNA-mRuby_200k_6days-GFP-CENPC-CENPA-DAPI-5_R3D_D3D-1-mitosis-CENP-A(mask)0007.tif,1068.68156424581,211.9775,1.7824663142132589,1.4731410659691178,1.2099766650932706,0.5566053050225642,1.7966052263182453,0.8264622193543835,Mitosis,KTProtein_Mitosis_1,Expt-1
7_22,13.0,1341.0,9005.0,4205.0,Expt2023_011_set5_RPE-1-p21-GFP-PCNA-mRuby_200k_6days-GFP-CENPC-CENPA-DAPI-5_R3D_D3D-1-mitosis-CENP-C(particle)0007.tif,2323.153846153846,369.87,874.0,5162.0,2828.923076923077,Expt2023_011_set5_RPE-1-p21-GFP-PCNA-mRuby_200k_6days-GFP-CENPC-CENPA-DAPI-5_R3D_D3D-1-mitosis-CENP-A(mask)0007.tif,1068.68156424581,211.9775,2.6471150729726536,1.8100394026687858,1.4624626784752055,0.6727522180554286,1.4864313682836632,0.6837781330889217,Mitosis,KTProtein_Mitosis_1,Expt-1
7_23,21.0,1881.0,8306.0,4335.142857142857,Expt2023_011_set5_RPE-1-p21-GFP-PCNA-mRuby_200k_6days-GFP-CENPC-CENPA-DAPI-5_R3D_D3D-1-mitosis-CENP-C(particle)0007.tif,2323.153846153846,369.87,780.0,5139.0,2481.809523809524,Expt2023_011_set5_RPE-1-p21-GFP-PCNA-mRuby_200k_6days-GFP-CENPC-CENPA-DAPI-5_R3D_D3D-1-mitosis-CENP-A(mask)0007.tif,1068.68156424581,211.9775,2.3223096634599347,1.866059307402309,1.2444993866206533,0.5724862145477713,1.746766951916804,0.8035359524888369,Mitosis,KTProtein_Mitosis_1,Expt-1
7_24,20.0,1286.0,9502.0,4487.5,Expt2023_011_set5_RPE-1-p21-GFP-PCNA-mRuby_200k_6days-GFP-CENPC-CENPA-DAPI-5_R3D_D3D-1-mitosis-CENP-C(particle)0007.tif,2323.153846153846,369.87,1003.0,5638.0,2707.6,Expt2023_011_set5_RPE-1-p21-GFP-PCNA-mRuby_200k_6days-GFP-CENPC-CENPA-DAPI-5_R3D_D3D-1-mitosis-CENP-A(mask)0007.tif,1068.68156424581,211.9775,2.5335891350486683,1.9316413363795901,1.3116250347993115,0.6033649025069637,1.657371842221894,0.7624130170350153,Mitosis,KTProtein_Mitosis_1,Expt-1
7_25,22.0,265.0,7258.0,2391.181818181818,Expt2023_011_set5_RPE-1-p21-GFP-PCNA-mRuby_200k_6days-GFP-CENPC-CENPA-DAPI-5_R3D_D3D-1-mitosis-CENP-C(particle)0007.tif,2323.153846153846,369.87,580.0,4826.0,2176.2727272727275,Expt2023_011_set5_RPE-1-p21-GFP-PCNA-mRuby_200k_6days-GFP-CENPC-CENPA-DAPI-5_R3D_D3D-1-mitosis-CENP-A(mask)0007.tif,1068.68156424581,211.9775,2.036408973526709,1.0292825944956667,1.9784741182031929,0.9101243204197241,1.0987509921049332,0.5054400210745128,Mitosis,KTProtein_Mitosis_1,Expt-1
7_26,24.0,1464.0,11207.0,5822.875,Expt2023_011_set5_RPE-1-p21-GFP-PCNA-mRuby_200k_6days-GFP-CENPC-CENPA-DAPI-5_R3D_D3D-1-mitosis-CENP-C(particle)0007.tif,2323.153846153846,369.87,619.0,5946.0,2756.083333333333,Expt2023_011_set5_RPE-1-p21-GFP-PCNA-mRuby_200k_6days-GFP-CENPC-CENPA-DAPI-5_R3D_D3D-1-mitosis-CENP-A(mask)0007.tif,1068.68156424581,211.9775,2.578956562498911,2.5064526009072545,1.0289269230806168,0.47332002375687837,2.1127354639736344,0.9718863192013585,Mitosis,KTProtein_Mitosis_1,Expt-1
7_27,8.0,2346.0,16981.0,8160.875,Expt2023_011_set5_RPE-1-p21-GFP-PCNA-mRuby_200k_6days-GFP-CENPC-CENPA-DAPI-5_R3D_D3D-1-mitosis-CENP-C(particle)0007.tif,2323.153846153846,369.87,920.0,3790.0,2180.5,Expt2023_011_set5_RPE-1-p21-GFP-PCNA-mRuby_200k_6days-GFP-CENPC-CENPA-DAPI-5_R3D_D3D-1-mitosis-CENP-A(mask)0007.tif,1068.68156424581,211.9775,2.0403645697199075,3.512843117777557,0.5808299719945276,0.2671894864214928,3.742662233432699,1.7216742389620032,Mitosis,KTProtein_Mitosis_1,Expt-1
7_28,21.0,795.0,8414.0,3876.238095238096,Expt2023_011_set5_RPE-1-p21-GFP-PCNA-mRuby_200k_6days-GFP-CENPC-CENPA-DAPI-5_R3D_D3D-1-mitosis-CENP-C(particle)0007.tif,2323.153846153846,369.87,965.0,5448.0,2512.9523809523807,Expt2023_011_set5_RPE-1-p21-GFP-PCNA-mRuby_200k_6days-GFP-CENPC-CENPA-DAPI-5_R3D_D3D-1-mitosis-CENP-A(mask)0007.tif,1068.68156424581,211.9775,2.3514510449385564,1.6685240633785385,1.40930004939646,0.6482967039716955,1.5425036003941488,0.7095721031360605,Mitosis,KTProtein_Mitosis_1,Expt-1
7_29,53.0,978.0,16459.0,6613.811320754717,Expt2023_011_set5_RPE-1-p21-GFP-PCNA-mRuby_200k_6days-GFP-CENPC-CENPA-DAPI-5_R3D_D3D-1-mitosis-CENP-C(particle)0007.tif,2323.153846153846,369.87,620.0,9999.0,2935.264150943396,Expt2023_011_set5_RPE-1-p21-GFP-PCNA-mRuby_200k_6days-GFP-CENPC-CENPA-DAPI-5_R3D_D3D-1-mitosis-CENP-A(mask)0007.tif,1068.68156424581,211.9775,2.746621864872228,2.8469106046094934,0.964772782266192,0.4438082685746237,2.2532252569599343,1.036513486264674,Mitosis,KTProtein_Mitosis_1,Expt-1
7_30,8.0,1187.0,11391.0,5069.375,Expt2023_011_set5_RPE-1-p21-GFP-PCNA-mRuby_200k_6days-GFP-CENPC-CENPA-DAPI-5_R3D_D3D-1-mitosis-CENP-C(particle)0007.tif,2323.153846153846,369.87,795.0,4540.0,2078.75,Expt2023_011_set5_RPE-1-p21-GFP-PCNA-mRuby_200k_6days-GFP-CENPC-CENPA-DAPI-5_R3D_D3D-1-mitosis-CENP-A(mask)0007.tif,1068.68156424581,211.9775,1.9451537946825306,2.182109036124632,0.891409990280354,0.41006041178646285,2.4386650631389055,1.121818255240211,Mitosis,KTProtein_Mitosis_1,Expt-1
9_1,14.0,1603.0,6809.0,4117.357142857143,Expt2023_011_set5_RPE-1-p21-GFP-PCNA-mRuby_200k_6days-GFP-CENPC-CENPA-DAPI-5_R3D_D3D-1-mitosis-CENP-C(particle)0009.tif,4687.056603773585,179.71,1015.0,5489.0,3210.3571428571427,Expt2023_011_set5_RPE-1-p21-GFP-PCNA-mRuby_200k_6days-GFP-CENPC-CENPA-DAPI-5_R3D_D3D-1-mitosis-CENP-A(mask)0009.tif,1657.2080536912752,130.2775,1.9372082676682472,0.8784526176923546,2.2052507200185523,0.7797130614298353,1.2825230837690513,0.45346317809685927,Mitosis,KTProtein_Mitosis_1,Expt-1
9_2,19.0,3838.0,23827.0,12415.526315789471,Expt2023_011_set5_RPE-1-p21-GFP-PCNA-mRuby_200k_6days-GFP-CENPC-CENPA-DAPI-5_R3D_D3D-1-mitosis-CENP-C(particle)0009.tif,4687.056603773585,179.71,1192.0,7629.0,3768.842105263158,Expt2023_011_set5_RPE-1-p21-GFP-PCNA-mRuby_200k_6days-GFP-CENPC-CENPA-DAPI-5_R3D_D3D-1-mitosis-CENP-A(mask)0009.tif,1657.2080536912752,130.2775,2.2742117966832325,2.64889617628975,0.8585507491911859,0.30355878674834147,3.2942548318623612,1.1647535115915617,Mitosis,KTProtein_Mitosis_1,Expt-1
9_3,32.0,1260.0,29507.0,10391.625,Expt2023_011_set5_RPE-1-p21-GFP-PCNA-mRuby_200k_6days-GFP-CENPC-CENPA-DAPI-5_R3D_D3D-1-mitosis-CENP-C(particle)0009.tif,4687.056603773585,179.71,806.0,10657.0,3737.3125,Expt2023_011_set5_RPE-1-p21-GFP-PCNA-mRuby_200k_6days-GFP-CENPC-CENPA-DAPI-5_R3D_D3D-1-mitosis-CENP-A(mask)0009.tif,1657.2080536912752,130.2775,2.255186059273299,2.217089717165699,1.0171830403671267,0.3596465904033296,2.780507383313544,0.9831072288022763,Mitosis,KTProtein_Mitosis_1,Expt-1
9_4,19.0,901.0,13956.0,5603.421052631579,Expt2023_011_set5_RPE-1-p21-GFP-PCNA-mRuby_200k_6days-GFP-CENPC-CENPA-DAPI-5_R3D_D3D-1-mitosis-CENP-C(particle)0009.tif,4687.056603773585,179.71,891.0,7305.0,3433.0526315789475,Expt2023_011_set5_RPE-1-p21-GFP-PCNA-mRuby_200k_6days-GFP-CENPC-CENPA-DAPI-5_R3D_D3D-1-mitosis-CENP-A(mask)0009.tif,1657.2080536912752,130.2775,2.071588189504719,1.1955095759074517,1.7328076924287952,0.6126708307894613,1.6321978291531245,0.5770980844379487,Mitosis,KTProtein_Mitosis_1,Expt-1
9_5,16.0,4492.0,26453.0,12019.875,Expt2023_011_set5_RPE-1-p21-GFP-PCNA-mRuby_200k_6days-GFP-CENPC-CENPA-DAPI-5_R3D_D3D-1-mitosis-CENP-C(particle)0009.tif,4687.056603773585,179.71,1128.0,9415.0,3916.3125,Expt2023_011_set5_RPE-1-p21-GFP-PCNA-mRuby_200k_6days-GFP-CENPC-CENPA-DAPI-5_R3D_D3D-1-mitosis-CENP-A(mask)0009.tif,1657.2080536912752,130.2775,2.3631990511250427,2.564482577471479,0.9215110571954451,0.3258197360621471,3.0691817877148466,1.0851741736484752,Mitosis,KTProtein_Mitosis_1,Expt-1
9_6,26.0,583.0,15417.0,6165.115384615385,Expt2023_011_set5_RPE-1-p21-GFP-PCNA-mRuby_200k_6days-GFP-CENPC-CENPA-DAPI-5_R3D_D3D-1-mitosis-CENP-C(particle)0009.tif,4687.056603773585,179.71,501.0,9766.0,3115.538461538461,Expt2023_011_set5_RPE-1-p21-GFP-PCNA-mRuby_200k_6days-GFP-CENPC-CENPA-DAPI-5_R3D_D3D-1-mitosis-CENP-A(mask)0009.tif,1657.2080536912752,130.2775,1.879992348938259,1.3153490358217144,1.4292726095806239,0.5053495785842176,1.9788282060145181,0.6996565898603622,Mitosis,KTProtein_Mitosis_1,Expt-1
9_7,16.0,1647.0,25355.0,9987.8125,Expt2023_011_set5_RPE-1-p21-GFP-PCNA-mRuby_200k_6days-GFP-CENPC-CENPA-DAPI-5_R3D_D3D-1-mitosis-CENP-C(particle)0009.tif,4687.056603773585,179.71,1063.0,6145.0,2869.625,Expt2023_011_set5_RPE-1-p21-GFP-PCNA-mRuby_200k_6days-GFP-CENPC-CENPA-DAPI-5_R3D_D3D-1-mitosis-CENP-A(mask)0009.tif,1657.2080536912752,130.2775,1.7316021326400026,2.13093490101202,0.8126020798747221,0.2873126623071869,3.480528814740602,1.2306146203245858,Mitosis,KTProtein_Mitosis_1,Expt-1
9_8,17.0,744.0,13153.0,5786.705882352941,Expt2023_011_set5_RPE-1-p21-GFP-PCNA-mRuby_200k_6days-GFP-CENPC-CENPA-DAPI-5_R3D_D3D-1-mitosis-CENP-C(particle)0009.tif,4687.056603773585,179.71,906.0,6800.0,3264.6470588235293,Expt2023_011_set5_RPE-1-p21-GFP-PCNA-mRuby_200k_6days-GFP-CENPC-CENPA-DAPI-5_R3D_D3D-1-mitosis-CENP-A(mask)0009.tif,1657.2080536912752,130.2775,1.9699681349917622,1.2346140385191893,1.5956145593116415,0.5641632951796206,1.772536442098056,0.6267177710081854,Mitosis,KTProtein_Mitosis_1,Expt-1
9_9,16.0,3391.0,17634.0,9027.5625,Expt2023_011_set5_RPE-1-p21-GFP-PCNA-mRuby_200k_6days-GFP-CENPC-CENPA-DAPI-5_R3D_D3D-1-mitosis-CENP-C(particle)0009.tif,4687.056603773585,179.71,1177.0,7904.0,4303.0625,Expt2023_011_set5_RPE-1-p21-GFP-PCNA-mRuby_200k_6days-GFP-CENPC-CENPA-DAPI-5_R3D_D3D-1-mitosis-CENP-A(mask)0009.tif,1657.2080536912752,130.2775,2.5965734902237125,1.9260621885239961,1.3481254684790582,0.4766582895438276,2.0979389678862437,0.7417707204420595,Mitosis,KTProtein_Mitosis_1,Expt-1
9_10,26.0,1914.0,17924.0,7244.115384615385,Expt2023_011_set5_RPE-1-p21-GFP-PCNA-mRuby_200k_6days-GFP-CENPC-CENPA-DAPI-5_R3D_D3D-1-mitosis-CENP-C(particle)0009.tif,4687.056603773585,179.71,877.0,11259.0,3859.192307692308,Expt2023_011_set5_RPE-1-p21-GFP-PCNA-mRuby_200k_6days-GFP-CENPC-CENPA-DAPI-5_R3D_D3D-1-mitosis-CENP-A(mask)0009.tif,1657.2080536912752,130.2775,2.3287313256149824,1.5455574781800356,1.5067257986142124,0.5327347926964593,1.8771066085968564,0.6636907663754974,Mitosis,KTProtein_Mitosis_1,Expt-1
9_11,13.0,2390.0,19397.0,9095.615384615385,Expt2023_011_set5_RPE-1-p21-GFP-PCNA-mRuby_200k_6days-GFP-CENPC-CENPA-DAPI-5_R3D_D3D-1-mitosis-CENP-C(particle)0009.tif,4687.056603773585,179.71,1059.0,6793.0,3587.0,Expt2023_011_set5_RPE-1-p21-GFP-PCNA-mRuby_200k_6days-GFP-CENPC-CENPA-DAPI-5_R3D_D3D-1-mitosis-CENP-A(mask)0009.tif,1657.2080536912752,130.2775,2.1644838087832694,1.9405815106419742,1.1153789711555198,0.3943658398382991,2.5357165833887327,0.8965562610204239,Mitosis,KTProtein_Mitosis_1,Expt-1
9_12,27.0,964.0,30978.0,9587.222222222224,Expt2023_011_set5_RPE-1-p21-GFP-PCNA-mRuby_200k_6days-GFP-CENPC-CENPA-DAPI-5_R3D_D3D-1-mitosis-CENP-C(particle)0009.tif,4687.056603773585,179.71,440.0,13605.0,3990.703703703704,Expt2023_011_set5_RPE-1-p21-GFP-PCNA-mRuby_200k_6days-GFP-CENPC-CENPA-DAPI-5_R3D_D3D-1-mitosis-CENP-A(mask)0009.tif,1657.2080536912752,130.2775,2.4080885286640905,2.045467557294588,1.177280236040076,0.416252342044774,2.402388885279678,0.8494154317612777,Mitosis,KTProtein_Mitosis_1,Expt-1
9_13,5.0,9821.0,22422.0,17001.6,Expt2023_011_set5_RPE-1-p21-GFP-PCNA-mRuby_200k_6days-GFP-CENPC-CENPA-DAPI-5_R3D_D3D-1-mitosis-CENP-C(particle)0009.tif,4687.056603773585,179.71,2334.0,5003.0,3790.6,Expt2023_011_set5_RPE-1-p21-GFP-PCNA-mRuby_200k_6days-GFP-CENPC-CENPA-DAPI-5_R3D_D3D-1-mitosis-CENP-A(mask)0009.tif,1657.2080536912752,130.2775,2.2873410442079343,3.627351115476583,0.6305816479823761,0.22295548654244307,4.485200232153221,1.5858374616508797,Mitosis,KTProtein_Mitosis_1,Expt-1
9_14,19.0,2700.0,32758.0,11516.368421052632,Expt2023_011_set5_RPE-1-p21-GFP-PCNA-mRuby_200k_6days-GFP-CENPC-CENPA-DAPI-5_R3D_D3D-1-mitosis-CENP-C(particle)0009.tif,4687.056603773585,179.71,662.0,7252.0,3164.736842105264,Expt2023_011_set5_RPE-1-p21-GFP-PCNA-mRuby_200k_6days-GFP-CENPC-CENPA-DAPI-5_R3D_D3D-1-mitosis-CENP-A(mask)0009.tif,1657.2080536912752,130.2775,1.9096798588783768,2.457057679179875,0.7772222341625273,0.2748033691176404,3.6389655745883913,1.286633289740508,Mitosis,KTProtein_Mitosis_1,Expt-1
9_15,27.0,1423.0,20564.0,7824.185185185185,Expt2023_011_set5_RPE-1-p21-GFP-PCNA-mRuby_200k_6days-GFP-CENPC-CENPA-DAPI-5_R3D_D3D-1-mitosis-CENP-C(particle)0009.tif,4687.056603773585,179.71,612.0,9845.0,3152.4814814814813,Expt2023_011_set5_RPE-1-p21-GFP-PCNA-mRuby_200k_6days-GFP-CENPC-CENPA-DAPI-5_R3D_D3D-1-mitosis-CENP-A(mask)0009.tif,1657.2080536912752,130.2775,1.9022846735867744,1.6693174089013292,1.1395583988061169,0.4029149881895168,2.481913131336866,0.8775329119136605,Mitosis,KTProtein_Mitosis_1,Expt-1
9_16,34.0,2023.0,24021.0,9150.79411764706,Expt2023_011_set5_RPE-1-p21-GFP-PCNA-mRuby_200k_6days-GFP-CENPC-CENPA-DAPI-5_R3D_D3D-1-mitosis-CENP-C(particle)0009.tif,4687.056603773585,179.71,525.0,13967.0,4472.764705882353,Expt2023_011_set5_RPE-1-p21-GFP-PCNA-mRuby_200k_6days-GFP-CENPC-CENPA-DAPI-5_R3D_D3D-1-mitosis-CENP-A(mask)0009.tif,1657.2080536912752,130.2775,2.6989759649789837,1.9523540872708225,1.382421345890108,0.488784322800657,2.0458921314623146,0.7233684599655281,Mitosis,KTProtein_Mitosis_1,Expt-1
9_17,24.0,2131.0,29563.0,10639.75,Expt2023_011_set5_RPE-1-p21-GFP-PCNA-mRuby_200k_6days-GFP-CENPC-CENPA-DAPI-5_R3D_D3D-1-mitosis-CENP-C(particle)0009.tif,4687.056603773585,179.71,863.0,7411.0,3230.5416666666665,Expt2023_011_set5_RPE-1-p21-GFP-PCNA-mRuby_200k_6days-GFP-CENPC-CENPA-DAPI-5_R3D_D3D-1-mitosis-CENP-A(mask)0009.tif,1657.2080536912752,130.2775,1.949388104571987,2.2700280579999514,0.8587506650862853,0.3036294712438419,3.2934879341699665,1.1644823586826827,Mitosis,KTProtein_Mitosis_1,Expt-1
9_18,25.0,1081.0,13975.0,6437.4,Expt2023_011_set5_RPE-1-p21-GFP-PCNA-mRuby_200k_6days-GFP-CENPC-CENPA-DAPI-5_R3D_D3D-1-mitosis-CENP-C(particle)0009.tif,4687.056603773585,179.71,480.0,8705.0,3548.96,Expt2023_011_set5_RPE-1-p21-GFP-PCNA-mRuby_200k_6days-GFP-CENPC-CENPA-DAPI-5_R3D_D3D-1-mitosis-CENP-A(mask)0009.tif,1657.2080536912752,130.2775,2.141529539453435,1.373441915512008,1.5592428884443144,0.5513033212166403,1.8138835038997339,0.6413368997294057,Mitosis,KTProtein_Mitosis_1,Expt-1
9_19,27.0,1418.0,19133.0,7505.111111111111,Expt2023_011_set5_RPE-1-p21-GFP-PCNA-mRuby_200k_6days-GFP-CENPC-CENPA-DAPI-5_R3D_D3D-1-mitosis-CENP-C(particle)0009.tif,4687.056603773585,179.71,564.0,10997.0,3882.222222222222,Expt2023_011_set5_RPE-1-p21-GFP-PCNA-mRuby_200k_6days-GFP-CENPC-CENPA-DAPI-5_R3D_D3D-1-mitosis-CENP-A(mask)0009.tif,1657.2080536912752,130.2775,2.342628141092446,1.6012418337488583,1.4630070809528126,0.5172771148550617,1.933199771036062,0.683523691046478,Mitosis,KTProtein_Mitosis_1,Expt-1
9_20,5.0,3960.0,5163.0,4466.8,Expt2023_011_set5_RPE-1-p21-GFP-PCNA-mRuby_200k_6days-GFP-CENPC-CENPA-DAPI-5_R3D_D3D-1-mitosis-CENP-C(particle)0009.tif,4687.056603773585,179.71,1482.0,4124.0,2887.8,Expt2023_011_set5_RPE-1-p21-GFP-PCNA-mRuby_200k_6days-GFP-CENPC-CENPA-DAPI-5_R3D_D3D-1-mitosis-CENP-A(mask)0009.tif,1657.2080536912752,130.2775,1.7425693735724355,0.9530074794496284,1.8284949605839267,0.6465030894600161,1.5467830182145577,0.5468978704106747,Mitosis,KTProtein_Mitosis_1,Expt-1
9_21,9.0,4074.0,18570.0,11645.888888888889,Expt2023_011_set5_RPE-1-p21-GFP-PCNA-mRuby_200k_6days-GFP-CENPC-CENPA-DAPI-5_R3D_D3D-1-mitosis-CENP-C(particle)0009.tif,4687.056603773585,179.71,1656.0,6893.0,4185.0,Expt2023_011_set5_RPE-1-p21-GFP-PCNA-mRuby_200k_6days-GFP-CENPC-CENPA-DAPI-5_R3D_D3D-1-mitosis-CENP-A(mask)0009.tif,1657.2080536912752,130.2775,2.5253316810030615,2.484691326217971,1.0163562992136133,0.3593542785723145,2.7827691490773927,0.9839069239534713,Mitosis,KTProtein_Mitosis_1,Expt-1
9_22,24.0,2049.0,18674.0,8989.166666666666,Expt2023_011_set5_RPE-1-p21-GFP-PCNA-mRuby_200k_6days-GFP-CENPC-CENPA-DAPI-5_R3D_D3D-1-mitosis-CENP-C(particle)0009.tif,4687.056603773585,179.71,768.0,6536.0,3626.375,Expt2023_011_set5_RPE-1-p21-GFP-PCNA-mRuby_200k_6days-GFP-CENPC-CENPA-DAPI-5_R3D_D3D-1-mitosis-CENP-A(mask)0009.tif,1657.2080536912752,130.2775,2.1882436498679754,1.9178703025325998,1.1409758245791388,0.403416149068323,2.4788298691301,0.8764427593098748,Mitosis,KTProtein_Mitosis_1,Expt-1
9_23,24.0,3625.0,34189.0,13505.958333333334,Expt2023_011_set5_RPE-1-p21-GFP-PCNA-mRuby_200k_6days-GFP-CENPC-CENPA-DAPI-5_R3D_D3D-1-mitosis-CENP-C(particle)0009.tif,4687.056603773585,179.71,896.0,7694.0,3265.2916666666665,Expt2023_011_set5_RPE-1-p21-GFP-PCNA-mRuby_200k_6days-GFP-CENPC-CENPA-DAPI-5_R3D_D3D-1-mitosis-CENP-A(mask)0009.tif,1657.2080536912752,130.2775,1.970357107180077,2.8815436797711347,0.6837852644789933,0.24176675109442436,4.13621805096533,1.4624474260379754,Mitosis,KTProtein_Mitosis_1,Expt-1
9_24,13.0,890.0,13100.0,5624.846153846154,Expt2023_011_set5_RPE-1-p21-GFP-PCNA-mRuby_200k_6days-GFP-CENPC-CENPA-DAPI-5_R3D_D3D-1-mitosis-CENP-C(particle)0009.tif,4687.056603773585,179.71,472.0,6575.0,3043.076923076923,Expt2023_011_set5_RPE-1-p21-GFP-PCNA-mRuby_200k_6days-GFP-CENPC-CENPA-DAPI-5_R3D_D3D-1-mitosis-CENP-A(mask)0009.tif,1657.2080536912752,130.2775,1.836267278751606,1.2000806965543251,1.530119836127605,0.5410062497435827,1.8484074823053591,0.6535435829201319,Mitosis,KTProtein_Mitosis_1,Expt-1
9_25,16.0,869.0,12235.0,5196.25,Expt2023_011_set5_RPE-1-p21-GFP-PCNA-mRuby_200k_6days-GFP-CENPC-CENPA-DAPI-5_R3D_D3D-1-mitosis-CENP-C(particle)0009.tif,4687.056603773585,179.71,948.0,6250.0,3135.3125,Expt2023_011_set5_RPE-1-p21-GFP-PCNA-mRuby_200k_6days-GFP-CENPC-CENPA-DAPI-5_R3D_D3D-1-mitosis-CENP-A(mask)0009.tif,1657.2080536912752,130.2775,1.8919244889115678,1.1086382007455295,1.706530126455411,0.6033798412316574,1.6573308083325027,0.5859843811120251,Mitosis,KTProtein_Mitosis_1,Expt-1
9_26,13.0,2277.0,19907.0,9255.307692307691,Expt2023_011_set5_RPE-1-p21-GFP-PCNA-mRuby_200k_6days-GFP-CENPC-CENPA-DAPI-5_R3D_D3D-1-mitosis-CENP-C(particle)0009.tif,4687.056603773585,179.71,792.0,8055.0,3891.0,Expt2023_011_set5_RPE-1-p21-GFP-PCNA-mRuby_200k_6days-GFP-CENPC-CENPA-DAPI-5_R3D_D3D-1-mitosis-CENP-A(mask)0009.tif,1657.2080536912752,130.2775,2.3479248675705886,1.9746524257582407,1.1890319718767803,0.42040741694994144,2.378644999308068,0.8410202783879643,Mitosis,KTProtein_Mitosis_1,Expt-1
9_27,16.0,3003.0,20988.0,9965.4375,Expt2023_011_set5_RPE-1-p21-GFP-PCNA-mRuby_200k_6days-GFP-CENPC-CENPA-DAPI-5_R3D_D3D-1-mitosis-CENP-C(particle)0009.tif,4687.056603773585,179.71,891.0,7278.0,3487.0,Expt2023_011_set5_RPE-1-p21-GFP-PCNA-mRuby_200k_6days-GFP-CENPC-CENPA-DAPI-5_R3D_D3D-1-mitosis-CENP-A(mask)0009.tif,1657.2080536912752,130.2775,2.104141355234809,2.1261611161206693,0.9896434184978244,0.3499093742748374,2.857882850587898,1.0104649627417275,Mitosis,KTProtein_Mitosis_1,Expt-1
9_28,9.0,2089.0,29154.0,14418.888888888889,Expt2023_011_set5_RPE-1-p21-GFP-PCNA-mRuby_200k_6days-GFP-CENPC-CENPA-DAPI-5_R3D_D3D-1-mitosis-CENP-C(particle)0009.tif,4687.056603773585,179.71,1624.0,6382.0,3738.222222222222,Expt2023_011_set5_RPE-1-p21-GFP-PCNA-mRuby_200k_6days-GFP-CENPC-CENPA-DAPI-5_R3D_D3D-1-mitosis-CENP-A(mask)0009.tif,1657.2080536912752,130.2775,2.255735007982663,3.0763206224734154,0.7332574477133053,0.259258688448794,3.8571513494233742,1.363777487863973,Mitosis,KTProtein_Mitosis_1,Expt-1
9_29,23.0,1985.0,20683.0,8772.95652173913,Expt2023_011_set5_RPE-1-p21-GFP-PCNA-mRuby_200k_6days-GFP-CENPC-CENPA-DAPI-5_R3D_D3D-1-mitosis-CENP-C(particle)0009.tif,4687.056603773585,179.71,578.0,8672.0,3424.6521739130435,Expt2023_011_set5_RPE-1-p21-GFP-PCNA-mRuby_200k_6days-GFP-CENPC-CENPA-DAPI-5_R3D_D3D-1-mitosis-CENP-A(mask)0009.tif,1657.2080536912752,130.2775,2.066519147239813,1.8717411081991107,1.1040624892980564,0.3903646581887025,2.5617073139766653,0.90574583385745,Mitosis,KTProtein_Mitosis_1,Expt-1
9_30,18.0,2099.0,21375.0,9894.277777777776,Expt2023_011_set5_RPE-1-p21-GFP-PCNA-mRuby_200k_6days-GFP-CENPC-CENPA-DAPI-5_R3D_D3D-1-mitosis-CENP-C(particle)0009.tif,4687.056603773585,179.71,892.0,10512.0,4051.055555555556,Expt2023_011_set5_RPE-1-p21-GFP-PCNA-mRuby_200k_6days-GFP-CENPC-CENPA-DAPI-5_R3D_D3D-1-mitosis-CENP-A(mask)0009.tif,1657.2080536912752,130.2775,2.44450631683343,2.1109789392796787,1.1579965443272302,0.40943418474202276,2.442394986217583,0.8635604353905714,Mitosis,KTProtein_Mitosis_1,Expt-1
9_31,15.0,2297.0,26136.0,11525.466666666667,Expt2023_011_set5_RPE-1-p21-GFP-PCNA-mRuby_200k_6days-GFP-CENPC-CENPA-DAPI-5_R3D_D3D-1-mitosis-CENP-C(particle)0009.tif,4687.056603773585,179.71,902.0,7415.0,3388.266666666667,Expt2023_011_set5_RPE-1-p21-GFP-PCNA-mRuby_200k_6days-GFP-CENPC-CENPA-DAPI-5_R3D_D3D-1-mitosis-CENP-A(mask)0009.tif,1657.2080536912752,130.2775,2.0445632394312963,2.458998821859208,0.8314616588085374,0.29398086556148123,3.4015819297969463,1.202701278412493,Mitosis,KTProtein_Mitosis_1,Expt-1
9_32,39.0,957.0,18668.0,7218.410256410257,Expt2023_011_set5_RPE-1-p21-GFP-PCNA-mRuby_200k_6days-GFP-CENPC-CENPA-DAPI-5_R3D_D3D-1-mitosis-CENP-C(particle)0009.tif,4687.056603773585,179.71,671.0,9306.0,3394.6153846153848,Expt2023_011_set5_RPE-1-p21-GFP-PCNA-mRuby_200k_6days-GFP-CENPC-CENPA-DAPI-5_R3D_D3D-1-mitosis-CENP-A(mask)0009.tif,1657.2080536912752,130.2775,2.048394211610424,1.5400731987317284,1.3300628913595178,0.4702718831477916,2.126429488632072,0.7518441469920678,Mitosis,KTProtein_Mitosis_1,Expt-1
9_33,20.0,1080.0,10167.0,5268.7,Expt2023_011_set5_RPE-1-p21-GFP-PCNA-mRuby_200k_6days-GFP-CENPC-CENPA-DAPI-5_R3D_D3D-1-mitosis-CENP-C(particle)0009.tif,4687.056603773585,179.71,923.0,6209.0,2839.85,Expt2023_011_set5_RPE-1-p21-GFP-PCNA-mRuby_200k_6days-GFP-CENPC-CENPA-DAPI-5_R3D_D3D-1-mitosis-CENP-A(mask)0009.tif,1657.2080536912752,130.2775,1.7136351670959484,1.1240956628853445,1.5244567021078665,0.5390039288629074,1.8552740461644102,0.655971401888489,Mitosis,KTProtein_Mitosis_1,Expt-1
9_34,39.0,2213.0,28605.0,9425.564102564103,Expt2023_011_set5_RPE-1-p21-GFP-PCNA-mRuby_200k_6days-GFP-CENPC-CENPA-DAPI-5_R3D_D3D-1-mitosis-CENP-C(particle)0009.tif,4687.056603773585,179.71,645.0,11415.0,3766.923076923077,Expt2023_011_set5_RPE-1-p21-GFP-PCNA-mRuby_200k_6days-GFP-CENPC-CENPA-DAPI-5_R3D_D3D-1-mitosis-CENP-A(mask)0009.tif,1657.2080536912752,130.2775,2.2730538078985374,2.010977229286181,1.130322996598715,0.3996496162917543,2.5021918181199374,0.8847028707804111,Mitosis,KTProtein_Mitosis_1,Expt-1
9_35,52.0,889.0,29056.0,8548.865384615385,Expt2023_011_set5_RPE-1-p21-GFP-PCNA-mRuby_200k_6days-GFP-CENPC-CENPA-DAPI-5_R3D_D3D-1-mitosis-CENP-C(particle)0009.tif,4687.056603773585,179.71,478.0,12077.0,3939.480769230769,Expt2023_011_set5_RPE-1-p21-GFP-PCNA-mRuby_200k_6days-GFP-CENPC-CENPA-DAPI-5_R3D_D3D-1-mitosis-CENP-A(mask)0009.tif,1657.2080536912752,130.2775,2.3771793532236014,1.8239304764812585,1.303327831776612,0.4608191370424775,2.1700487666765924,0.767266665852493,Mitosis,KTProtein_Mitosis_1,Expt-1
9_36,26.0,1519.0,30848.0,10286.923076923076,Expt2023_011_set5_RPE-1-p21-GFP-PCNA-mRuby_200k_6days-GFP-CENPC-CENPA-DAPI-5_R3D_D3D-1-mitosis-CENP-C(particle)0009.tif,4687.056603773585,179.71,827.0,8702.0,3103.8846153846152,Expt2023_011_set5_RPE-1-p21-GFP-PCNA-mRuby_200k_6days-GFP-CENPC-CENPA-DAPI-5_R3D_D3D-1-mitosis-CENP-A(mask)0009.tif,1657.2080536912752,130.2775,1.8729601322362657,2.1947511938816775,0.8533815301969212,0.30173109997756675,3.3142092415211706,1.171808815418405,Mitosis,KTProtein_Mitosis_1,Expt-1
9_37,18.0,796.0,8209.0,3700.722222222222,Expt2023_011_set5_RPE-1-p21-GFP-PCNA-mRuby_200k_6days-GFP-CENPC-CENPA-DAPI-5_R3D_D3D-1-mitosis-CENP-C(particle)0009.tif,4687.056603773585,179.71,742.0,6081.0,3032.722222222222,Expt2023_011_set5_RPE-1-p21-GFP-PCNA-mRuby_200k_6days-GFP-CENPC-CENPA-DAPI-5_R3D_D3D-1-mitosis-CENP-A(mask)0009.tif,1657.2080536912752,130.2775,1.830018998198276,0.7895620930292888,2.3177645106759086,0.8194946932280486,1.2202641557823004,0.43145021653143656,Mitosis,KTProtein_Mitosis_1,Expt-1
12_1,13.0,4397.0,20523.0,11073.46153846154,Expt2023_011_set5_RPE-1-p21-GFP-PCNA-mRuby_200k_6days-GFP-CENPC-CENPA-DAPI-5_R3D_D3D-1-mitosis-CENP-C(particle)0012.tif,3051.4,212.475,1293.0,4127.0,2602.6153846153848,Expt2023_011_set5_RPE-1-p21-GFP-PCNA-mRuby_200k_6days-GFP-CENPC-CENPA-DAPI-5_R3D_D3D-1-mitosis-CENP-A(mask)0012.tif,1026.9806629834254,143.1975,2.534239911640273,3.628977367261434,0.6983344493968856,0.2350317807648223,4.254743748891648,1.4319786183592216,Mitosis,KTProtein_Mitosis_1,Expt-1
12_2,38.0,378.0,7967.0,3642.0263157894738,Expt2023_011_set5_RPE-1-p21-GFP-PCNA-mRuby_200k_6days-GFP-CENPC-CENPA-DAPI-5_R3D_D3D-1-mitosis-CENP-C(particle)0012.tif,3051.4,212.475,529.0,6954.0,2515.7631578947367,Expt2023_011_set5_RPE-1-p21-GFP-PCNA-mRuby_200k_6days-GFP-CENPC-CENPA-DAPI-5_R3D_D3D-1-mitosis-CENP-A(mask)0012.tif,1026.9806629834254,143.1975,2.449669451989807,1.1935591255782505,2.052407291346377,0.6907591927570683,1.447682507139196,0.4872327262801728,Mitosis,KTProtein_Mitosis_1,Expt-1
12_3,29.0,1032.0,28977.0,9995.379310344828,Expt2023_011_set5_RPE-1-p21-GFP-PCNA-mRuby_200k_6days-GFP-CENPC-CENPA-DAPI-5_R3D_D3D-1-mitosis-CENP-C(particle)0012.tif,3051.4,212.475,530.0,10979.0,3656.551724137931,Expt2023_011_set5_RPE-1-p21-GFP-PCNA-mRuby_200k_6days-GFP-CENPC-CENPA-DAPI-5_R3D_D3D-1-mitosis-CENP-A(mask)0012.tif,1026.9806629834254,143.1975,3.560487413186031,3.275669958165048,1.086949374832784,0.3658242084273423,2.7335533760844966,0.9200060491813058,Mitosis,KTProtein_Mitosis_1,Expt-1
12_4,36.0,2087.0,35378.0,11746.083333333334,Expt2023_011_set5_RPE-1-p21-GFP-PCNA-mRuby_200k_6days-GFP-CENPC-CENPA-DAPI-5_R3D_D3D-1-mitosis-CENP-C(particle)0012.tif,3051.4,212.475,807.0,11209.0,3600.6944444444443,Expt2023_011_set5_RPE-1-p21-GFP-PCNA-mRuby_200k_6days-GFP-CENPC-CENPA-DAPI-5_R3D_D3D-1-mitosis-CENP-A(mask)0012.tif,1026.9806629834254,143.1975,3.506097606535515,3.849407922046711,0.9108147739955138,0.3065442617988502,3.262171648987464,1.0979180713255816,Mitosis,KTProtein_Mitosis_1,Expt-1
12_5,37.0,892.0,21029.0,8367.0,Expt2023_011_set5_RPE-1-p21-GFP-PCNA-mRuby_200k_6days-GFP-CENPC-CENPA-DAPI-5_R3D_D3D-1-mitosis-CENP-C(particle)0012.tif,3051.4,212.475,516.0,7837.0,3225.0,Expt2023_011_set5_RPE-1-p21-GFP-PCNA-mRuby_200k_6days-GFP-CENPC-CENPA-DAPI-5_R3D_D3D-1-mitosis-CENP-A(mask)0012.tif,1026.9806629834254,143.1975,3.140273343249939,2.742020056367569,1.145240836571395,0.38544281104338474,2.5944186046511626,0.8731787830704544,Mitosis,KTProtein_Mitosis_1,Expt-1
12_6,45.0,1621.0,24269.0,8151.288888888889,Expt2023_011_set5_RPE-1-p21-GFP-PCNA-mRuby_200k_6days-GFP-CENPC-CENPA-DAPI-5_R3D_D3D-1-mitosis-CENP-C(particle)0012.tif,3051.4,212.475,507.0,8152.0,3404.1111111111118,Expt2023_011_set5_RPE-1-p21-GFP-PCNA-mRuby_200k_6days-GFP-CENPC-CENPA-DAPI-5_R3D_D3D-1-mitosis-CENP-A(mask)0012.tif,1026.9806629834254,143.1975,3.3146788774211333,2.671327550923802,1.240835807003468,0.41761630062594063,2.3945425465939874,0.8059084000927813,Mitosis,KTProtein_Mitosis_1,Expt-1
12_7,51.0,1239.0,26871.0,7597.490196078431,Expt2023_011_set5_RPE-1-p21-GFP-PCNA-mRuby_200k_6days-GFP-CENPC-CENPA-DAPI-5_R3D_D3D-1-mitosis-CENP-C(particle)0012.tif,3051.4,212.475,471.0,10416.0,3253.156862745098,Expt2023_011_set5_RPE-1-p21-GFP-PCNA-mRuby_200k_6days-GFP-CENPC-CENPA-DAPI-5_R3D_D3D-1-mitosis-CENP-A(mask)0012.tif,1026.9806629834254,143.1975,3.1676904736400098,2.4898375159200468,1.272247868941553,0.4281883594169385,2.335420797897668,0.7860103556958207,Mitosis,KTProtein_Mitosis_1,Expt-1
12_8,43.0,1356.0,27118.0,7846.930232558139,Expt2023_011_set5_RPE-1-p21-GFP-PCNA-mRuby_200k_6days-GFP-CENPC-CENPA-DAPI-5_R3D_D3D-1-mitosis-CENP-C(particle)0012.tif,3051.4,212.475,693.0,9257.0,3023.6744186046512,Expt2023_011_set5_RPE-1-p21-GFP-PCNA-mRuby_200k_6days-GFP-CENPC-CENPA-DAPI-5_R3D_D3D-1-mitosis-CENP-A(mask)0012.tif,1026.9806629834254,143.1975,2.944236953615796,2.5715836116399484,1.1449120068618728,0.38533213995696736,2.595163746558169,0.8734295683918393,Mitosis,KTProtein_Mitosis_1,Expt-1
12_9,37.0,1223.0,17703.0,8185.432432432432,Expt2023_011_set5_RPE-1-p21-GFP-PCNA-mRuby_200k_6days-GFP-CENPC-CENPA-DAPI-5_R3D_D3D-1-mitosis-CENP-C(particle)0012.tif,3051.4,212.475,301.0,9907.0,3288.3513513513512,Expt2023_011_set5_RPE-1-p21-GFP-PCNA-mRuby_200k_6days-GFP-CENPC-CENPA-DAPI-5_R3D_D3D-1-mitosis-CENP-A(mask)0012.tif,1026.9806629834254,143.1975,3.2019603385700965,2.682517019214928,1.1936402698042117,0.4017321477509485,2.489220754670458,0.8377733436925903,Mitosis,KTProtein_Mitosis_1,Expt-1
12_10,19.0,2150.0,26166.0,10305.105263157897,Expt2023_011_set5_RPE-1-p21-GFP-PCNA-mRuby_200k_6days-GFP-CENPC-CENPA-DAPI-5_R3D_D3D-1-mitosis-CENP-C(particle)0012.tif,3051.4,212.475,844.0,6381.0,2847.0526315789475,Expt2023_011_set5_RPE-1-p21-GFP-PCNA-mRuby_200k_6days-GFP-CENPC-CENPA-DAPI-5_R3D_D3D-1-mitosis-CENP-A(mask)0012.tif,1026.9806629834254,143.1975,2.7722553444269638,3.3771728593949977,0.8208804997099255,0.2762759388550386,3.6195696380374907,1.218204111747532,Mitosis,KTProtein_Mitosis_1,Expt-1
12_11,30.0,1302.0,30001.0,10907.833333333334,Expt2023_011_set5_RPE-1-p21-GFP-PCNA-mRuby_200k_6days-GFP-CENPC-CENPA-DAPI-5_R3D_D3D-1-mitosis-CENP-C(particle)0012.tif,3051.4,212.475,951.0,7582.0,3304.766666666667,Expt2023_011_set5_RPE-1-p21-GFP-PCNA-mRuby_200k_6days-GFP-CENPC-CENPA-DAPI-5_R3D_D3D-1-mitosis-CENP-A(mask)0012.tif,1026.9806629834254,143.1975,3.2179443934866017,3.574697952852243,0.900200362640153,0.3029718703683897,3.300636454414331,1.110863804883559,Mitosis,KTProtein_Mitosis_1,Expt-1
12_12,17.0,2759.0,23353.0,11464.176470588236,Expt2023_011_set5_RPE-1-p21-GFP-PCNA-mRuby_200k_6days-GFP-CENPC-CENPA-DAPI-5_R3D_D3D-1-mitosis-CENP-C(particle)0012.tif,3051.4,212.475,1326.0,5759.0,3214.8823529411766,Expt2023_011_set5_RPE-1-p21-GFP-PCNA-mRuby_200k_6days-GFP-CENPC-CENPA-DAPI-5_R3D_D3D-1-mitosis-CENP-A(mask)0012.tif,1026.9806629834254,143.1975,3.130421505310331,3.7570218491801257,0.833218871482865,0.280428547239226,3.5659707609829288,1.2001648477072027,Mitosis,KTProtein_Mitosis_1,Expt-1
12_13,16.0,4711.0,17145.0,9958.4375,Expt2023_011_set5_RPE-1-p21-GFP-PCNA-mRuby_200k_6days-GFP-CENPC-CENPA-DAPI-5_R3D_D3D-1-mitosis-CENP-C(particle)0012.tif,3051.4,212.475,1387.0,5219.0,3109.3125,Expt2023_011_set5_RPE-1-p21-GFP-PCNA-mRuby_200k_6days-GFP-CENPC-CENPA-DAPI-5_R3D_D3D-1-mitosis-CENP-A(mask)0012.tif,1026.9806629834254,143.1975,3.0276251657624265,3.26356344628695,0.9277053183099727,0.3122289515800044,3.2027779452853324,1.077928497620051,Mitosis,KTProtein_Mitosis_1,Expt-1
12_14,25.0,1452.0,19757.0,7844.88,Expt2023_011_set5_RPE-1-p21-GFP-PCNA-mRuby_200k_6days-GFP-CENPC-CENPA-DAPI-5_R3D_D3D-1-mitosis-CENP-C(particle)0012.tif,3051.4,212.475,737.0,10609.0,3310.72,Expt2023_011_set5_RPE-1-p21-GFP-PCNA-mRuby_200k_6days-GFP-CENPC-CENPA-DAPI-5_R3D_D3D-1-mitosis-CENP-A(mask)0012.tif,1026.9806629834254,143.1975,3.2237413218494377,2.5709117126564855,1.2539292212871802,0.4220230264835153,2.3695389522520784,0.7974931782620733,Mitosis,KTProtein_Mitosis_1,Expt-1
12_15,9.0,866.0,8281.0,4724.222222222223,Expt2023_011_set5_RPE-1-p21-GFP-PCNA-mRuby_200k_6days-GFP-CENPC-CENPA-DAPI-5_R3D_D3D-1-mitosis-CENP-C(particle)0012.tif,3051.4,212.475,1215.0,5520.0,3056.222222222222,Expt2023_011_set5_RPE-1-p21-GFP-PCNA-mRuby_200k_6days-GFP-CENPC-CENPA-DAPI-5_R3D_D3D-1-mitosis-CENP-A(mask)0012.tif,1026.9806629834254,143.1975,2.9759296668193906,1.5482146628505677,1.922168636059885,0.6469260078084575,1.5457718316003783,0.5202457168637544,Mitosis,KTProtein_Mitosis_1,Expt-1
12_16,13.0,1250.0,4881.0,2779.076923076923,Expt2023_011_set5_RPE-1-p21-GFP-PCNA-mRuby_200k_6days-GFP-CENPC-CENPA-DAPI-5_R3D_D3D-1-mitosis-CENP-C(particle)0012.tif,3051.4,212.475,1187.0,4355.0,2678.0,Expt2023_011_set5_RPE-1-p21-GFP-PCNA-mRuby_200k_6days-GFP-CENPC-CENPA-DAPI-5_R3D_D3D-1-mitosis-CENP-A(mask)0012.tif,1026.9806629834254,143.1975,2.6076440351080112,0.9107547103221219,2.863168321342771,0.9636293179805138,1.037743436548515,0.34926343398875664,Mitosis,KTProtein_Mitosis_1,Expt-1
12_17,43.0,1100.0,25632.0,10840.186046511628,Expt2023_011_set5_RPE-1-p21-GFP-PCNA-mRuby_200k_6days-GFP-CENPC-CENPA-DAPI-5_R3D_D3D-1-mitosis-CENP-C(particle)0012.tif,3051.4,212.475,881.0,11428.0,4187.046511627907,Expt2023_011_set5_RPE-1-p21-GFP-PCNA-mRuby_200k_6days-GFP-CENPC-CENPA-DAPI-5_R3D_D3D-1-mitosis-CENP-A(mask)0012.tif,1026.9806629834254,143.1975,4.077045130980702,3.5525286906048463,1.1476459406965556,0.3862522740534789,2.5889815210810747,0.8713488755888049,Mitosis,KTProtein_Mitosis_1,Expt-1
12_18,22.0,302.0,9439.0,3685.5454545454554,Expt2023_011_set5_RPE-1-p21-GFP-PCNA-mRuby_200k_6days-GFP-CENPC-CENPA-DAPI-5_R3D_D3D-1-mitosis-CENP-C(particle)0012.tif,3051.4,212.475,418.0,6988.0,2687.318181818182,Expt2023_011_set5_RPE-1-p21-GFP-PCNA-mRuby_200k_6days-GFP-CENPC-CENPA-DAPI-5_R3D_D3D-1-mitosis-CENP-A(mask)0012.tif,1026.9806629834254,143.1975,2.6167174112231097,1.2078211491595514,2.1664775559228473,0.7291507362916553,1.3714585341925882,0.461578749000256,Mitosis,KTProtein_Mitosis_1,Expt-1
12_19,5.0,5119.0,15570.0,10463.4,Expt2023_011_set5_RPE-1-p21-GFP-PCNA-mRuby_200k_6days-GFP-CENPC-CENPA-DAPI-5_R3D_D3D-1-mitosis-CENP-C(particle)0012.tif,3051.4,212.475,1908.0,3430.0,2758.8,Expt2023_011_set5_RPE-1-p21-GFP-PCNA-mRuby_200k_6days-GFP-CENPC-CENPA-DAPI-5_R3D_D3D-1-mitosis-CENP-A(mask)0012.tif,1026.9806629834254,143.1975,2.6863212711187385,3.4290489611325947,0.7834012583569125,0.2636619072194507,3.7927359721618092,1.2764850570924235,Mitosis,KTProtein_Mitosis_1,Expt-1
12_20,5.0,3648.0,15530.0,8948.0,Expt2023_011_set5_RPE-1-p21-GFP-PCNA-mRuby_200k_6days-GFP-CENPC-CENPA-DAPI-5_R3D_D3D-1-mitosis-CENP-C(particle)0012.tif,3051.4,212.475,1451.0,4126.0,2731.0,Expt2023_011_set5_RPE-1-p21-GFP-PCNA-mRuby_200k_6days-GFP-CENPC-CENPA-DAPI-5_R3D_D3D-1-mitosis-CENP-A(mask)0012.tif,1026.9806629834254,143.1975,2.6592516280358396,2.9324244609031918,0.9068440341739563,0.30520786767992847,3.2764555108019042,1.1027254547810963,Mitosis,KTProtein_Mitosis_1,Expt-1
13_1,53.0,664.0,17095.0,5669.471698113208,Expt2023_011_set5_RPE-1-p21-GFP-PCNA-mRuby_200k_6days-GFP-CENPC-CENPA-DAPI-5_R3D_D3D-1-mitosis-CENP-C(particle)0013.tif,2383.2598967297763,265.105,429.0,10305.0,2862.471698113208,Expt2023_011_set5_RPE-1-p21-GFP-PCNA-mRuby_200k_6days-GFP-CENPC-CENPA-DAPI-5_R3D_D3D-1-mitosis-CENP-A(mask)0013.tif,876.3588907014682,175.2925,3.266323567302416,2.378872613050995,1.373055265499581,0.5048921399617947,1.9806210492317629,0.728302804065322,Mitosis,KTProtein_Mitosis_1,Expt-1
13_2,27.0,1246.0,25763.0,9917.518518518518,Expt2023_011_set5_RPE-1-p21-GFP-PCNA-mRuby_200k_6days-GFP-CENPC-CENPA-DAPI-5_R3D_D3D-1-mitosis-CENP-C(particle)0013.tif,2383.2598967297763,265.105,694.0,6033.0,2638.1111111111118,Expt2023_011_set5_RPE-1-p21-GFP-PCNA-mRuby_200k_6days-GFP-CENPC-CENPA-DAPI-5_R3D_D3D-1-mitosis-CENP-A(mask)0013.tif,876.3588907014682,175.2925,3.0103090629907063,4.161324802270613,0.7234016103112502,0.2660051610879365,3.759325555602352,1.3823579955396295,Mitosis,KTProtein_Mitosis_1,Expt-1
13_3,15.0,2503.0,23721.0,12122.933333333332,Expt2023_011_set5_RPE-1-p21-GFP-PCNA-mRuby_200k_6days-GFP-CENPC-CENPA-DAPI-5_R3D_D3D-1-mitosis-CENP-C(particle)0013.tif,2383.2598967297763,265.105,1192.0,4421.0,2805.2,Expt2023_011_set5_RPE-1-p21-GFP-PCNA-mRuby_200k_6days-GFP-CENPC-CENPA-DAPI-5_R3D_D3D-1-mitosis-CENP-A(mask)0013.tif,876.3588907014682,175.2925,3.2009716906673016,5.086702188866597,0.6292823074394556,0.2313961417478718,4.321593231617472,1.5891118948965712,Mitosis,KTProtein_Mitosis_1,Expt-1
13_4,38.0,746.0,26666.0,9135.763157894737,Expt2023_011_set5_RPE-1-p21-GFP-PCNA-mRuby_200k_6days-GFP-CENPC-CENPA-DAPI-5_R3D_D3D-1-mitosis-CENP-C(particle)0013.tif,2383.2598967297763,265.105,415.0,9959.0,3109.868421052632,Expt2023_011_set5_RPE-1-p21-GFP-PCNA-mRuby_200k_6days-GFP-CENPC-CENPA-DAPI-5_R3D_D3D-1-mitosis-CENP-A(mask)0013.tif,876.3588907014682,175.2925,3.5486242611898247,3.833305452934656,0.925734801142213,0.3404059811210426,2.9376687116564413,1.0802229739728433,Mitosis,KTProtein_Mitosis_1,Expt-1
13_5,38.0,1826.0,20238.0,8932.315789473685,Expt2023_011_set5_RPE-1-p21-GFP-PCNA-mRuby_200k_6days-GFP-CENPC-CENPA-DAPI-5_R3D_D3D-1-mitosis-CENP-C(particle)0013.tif,2383.2598967297763,265.105,852.0,10207.0,3735.368421052632,Expt2023_011_set5_RPE-1-p21-GFP-PCNA-mRuby_200k_6days-GFP-CENPC-CENPA-DAPI-5_R3D_D3D-1-mitosis-CENP-A(mask)0013.tif,876.3588907014682,175.2925,4.262372939541599,3.7479402904107473,1.1372574292197366,0.4181858892018337,2.39128106859043,0.8793083907889634,Mitosis,KTProtein_Mitosis_1,Expt-1
13_6,57.0,559.0,37765.0,8406.508771929824,Expt2023_011_set5_RPE-1-p21-GFP-PCNA-mRuby_200k_6days-GFP-CENPC-CENPA-DAPI-5_R3D_D3D-1-mitosis-CENP-C(particle)0013.tif,2383.2598967297763,265.105,501.0,10342.0,3277.2280701754385,Expt2023_011_set5_RPE-1-p21-GFP-PCNA-mRuby_200k_6days-GFP-CENPC-CENPA-DAPI-5_R3D_D3D-1-mitosis-CENP-A(mask)0013.tif,876.3588907014682,175.2925,3.739595849312638,3.527315163346194,1.0601819446621445,0.3898441266270288,2.5651277823577905,0.9432343241033754,Mitosis,KTProtein_Mitosis_1,Expt-1
13_7,37.0,2390.0,26229.0,9268.27027027027,Expt2023_011_set5_RPE-1-p21-GFP-PCNA-mRuby_200k_6days-GFP-CENPC-CENPA-DAPI-5_R3D_D3D-1-mitosis-CENP-C(particle)0013.tif,2383.2598967297763,265.105,661.0,6167.0,2640.6486486486488,Expt2023_011_set5_RPE-1-p21-GFP-PCNA-mRuby_200k_6days-GFP-CENPC-CENPA-DAPI-5_R3D_D3D-1-mitosis-CENP-A(mask)0013.tif,876.3588907014682,175.2925,3.0132046090557507,3.88890455589332,0.7748209208399016,0.28491278001668,3.509846065667731,1.2906208042446834,Mitosis,KTProtein_Mitosis_1,Expt-1
13_8,31.0,1707.0,28038.0,8847.709677419354,Expt2023_011_set5_RPE-1-p21-GFP-PCNA-mRuby_200k_6days-GFP-CENPC-CENPA-DAPI-5_R3D_D3D-1-mitosis-CENP-C(particle)0013.tif,2383.2598967297763,265.105,511.0,7814.0,2901.2580645161293,Expt2023_011_set5_RPE-1-p21-GFP-PCNA-mRuby_200k_6days-GFP-CENPC-CENPA-DAPI-5_R3D_D3D-1-mitosis-CENP-A(mask)0013.tif,876.3588907014682,175.2925,3.3105821088821967,3.712440128565023,0.8917536698866152,0.3279106311456583,3.0496114032844477,1.1213859093253276,Mitosis,KTProtein_Mitosis_1,Expt-1
13_9,61.0,1249.0,30776.0,7651.88524590164,Expt2023_011_set5_RPE-1-p21-GFP-PCNA-mRuby_200k_6days-GFP-CENPC-CENPA-DAPI-5_R3D_D3D-1-mitosis-CENP-C(particle)0013.tif,2383.2598967297763,265.105,377.0,9421.0,2992.688524590164,Expt2023_011_set5_RPE-1-p21-GFP-PCNA-mRuby_200k_6days-GFP-CENPC-CENPA-DAPI-5_R3D_D3D-1-mitosis-CENP-A(mask)0013.tif,876.3588907014682,175.2925,3.414912037002,3.2106801513344316,1.0636101623460328,0.39110473150300473,2.55685988803313,0.9401941006226133,Mitosis,KTProtein_Mitosis_1,Expt-1
13_10,62.0,642.0,17532.0,5156.9838709677415,Expt2023_011_set5_RPE-1-p21-GFP-PCNA-mRuby_200k_6days-GFP-CENPC-CENPA-DAPI-5_R3D_D3D-1-mitosis-CENP-C(particle)0013.tif,2383.2598967297763,265.105,478.0,8974.0,2764.1774193548385,Expt2023_011_set5_RPE-1-p21-GFP-PCNA-mRuby_200k_6days-GFP-CENPC-CENPA-DAPI-5_R3D_D3D-1-mitosis-CENP-A(mask)0013.tif,876.3588907014682,175.2925,3.1541614385201187,2.1638361296826965,1.4576711217880638,0.5360066055114736,1.8656486500679779,0.6860258017414395,Mitosis,KTProtein_Mitosis_1,Expt-1
13_11,42.0,1077.0,29417.0,11251.0,Expt2023_011_set5_RPE-1-p21-GFP-PCNA-mRuby_200k_6days-GFP-CENPC-CENPA-DAPI-5_R3D_D3D-1-mitosis-CENP-C(particle)0013.tif,2383.2598967297763,265.105,806.0,10769.0,3761.6666666666665,Expt2023_011_set5_RPE-1-p21-GFP-PCNA-mRuby_200k_6days-GFP-CENPC-CENPA-DAPI-5_R3D_D3D-1-mitosis-CENP-A(mask)0013.tif,876.3588907014682,175.2925,4.292381473594337,4.720844762016186,0.9092401233208821,0.3343406512013747,2.9909614532565354,1.0998194804114332,Mitosis,KTProtein_Mitosis_1,Expt-1
14_1,47.0,1496.0,30090.0,9830.31914893617,Expt2023_011_set5_RPE-1-p21-GFP-PCNA-mRuby_200k_6days-GFP-CENPC-CENPA-DAPI-5_R3D_D3D-1-mitosis-CENP-C(particle)0014.tif,2261.580270793037,336.62,518.0,8181.0,2780.595744680851,Expt2023_011_set5_RPE-1-p21-GFP-PCNA-mRuby_200k_6days-GFP-CENPC-CENPA-DAPI-5_R3D_D3D-1-mitosis-CENP-A(mask)0014.tif,722.4538878842676,192.66,3.848821068461444,4.346659402670288,0.885466449498434,0.28285915264325523,3.5353284157688543,1.129348266742848,Mitosis,KTProtein_Mitosis_1,Expt-1
14_2,25.0,2104.0,25074.0,10071.84,Expt2023_011_set5_RPE-1-p21-GFP-PCNA-mRuby_200k_6days-GFP-CENPC-CENPA-DAPI-5_R3D_D3D-1-mitosis-CENP-C(particle)0014.tif,2261.580270793037,336.62,993.0,4362.0,2371.56,Expt2023_011_set5_RPE-1-p21-GFP-PCNA-mRuby_200k_6days-GFP-CENPC-CENPA-DAPI-5_R3D_D3D-1-mitosis-CENP-A(mask)0014.tif,722.4538878842676,192.66,3.28264549443453,4.453452362523594,0.7371012929336435,0.23546442358099412,4.246926073976623,1.3566656436322704,Mitosis,KTProtein_Mitosis_1,Expt-1
14_3,21.0,3154.0,20994.0,9544.142857142857,Expt2023_011_set5_RPE-1-p21-GFP-PCNA-mRuby_200k_6days-GFP-CENPC-CENPA-DAPI-5_R3D_D3D-1-mitosis-CENP-C(particle)0014.tif,2261.580270793037,336.62,1179.0,4848.0,2658.6666666666665,Expt2023_011_set5_RPE-1-p21-GFP-PCNA-mRuby_200k_6days-GFP-CENPC-CENPA-DAPI-5_R3D_D3D-1-mitosis-CENP-A(mask)0014.tif,722.4538878842676,192.66,3.680050327437047,4.220121204805233,0.872024794749204,0.27856526316314667,3.5898230405502223,1.1467563835585683,Mitosis,KTProtein_Mitosis_1,Expt-1
14_4,35.0,897.0,24982.0,7755.0,Expt2023_011_set5_RPE-1-p21-GFP-PCNA-mRuby_200k_6days-GFP-CENPC-CENPA-DAPI-5_R3D_D3D-1-mitosis-CENP-C(particle)0014.tif,2261.580270793037,336.62,525.0,11423.0,3487.457142857143,Expt2023_011_set5_RPE-1-p21-GFP-PCNA-mRuby_200k_6days-GFP-CENPC-CENPA-DAPI-5_R3D_D3D-1-mitosis-CENP-A(mask)0014.tif,722.4538878842676,192.66,4.827238390356356,3.4290182401001674,1.4077610710566952,0.4497043382149765,2.2236832403470395,0.7103478143839983,Mitosis,KTProtein_Mitosis_1,Expt-1
14_5,32.0,1254.0,28290.0,9493.53125,Expt2023_011_set5_RPE-1-p21-GFP-PCNA-mRuby_200k_6days-GFP-CENPC-CENPA-DAPI-5_R3D_D3D-1-mitosis-CENP-C(particle)0014.tif,2261.580270793037,336.62,766.0,9941.0,3387.71875,Expt2023_011_set5_RPE-1-p21-GFP-PCNA-mRuby_200k_6days-GFP-CENPC-CENPA-DAPI-5_R3D_D3D-1-mitosis-CENP-A(mask)0014.tif,722.4538878842676,192.66,4.6891833607831455,4.1977423364553115,1.1170726988314439,0.35684495692790813,2.8023374874316236,0.8951968847202942,Mitosis,KTProtein_Mitosis_1,Expt-1
14_6,55.0,1150.0,24127.0,8097.763636363637,Expt2023_011_set5_RPE-1-p21-GFP-PCNA-mRuby_200k_6days-GFP-CENPC-CENPA-DAPI-5_R3D_D3D-1-mitosis-CENP-C(particle)0014.tif,2261.580270793037,336.62,567.0,11119.0,3186.836363636364,Expt2023_011_set5_RPE-1-p21-GFP-PCNA-mRuby_200k_6days-GFP-CENPC-CENPA-DAPI-5_R3D_D3D-1-mitosis-CENP-A(mask)0014.tif,722.4538878842676,192.66,4.411127709436418,3.5805775903431036,1.2319598160177636,0.3935452436924224,2.54100390241676,0.811714787282949,Mitosis,KTProtein_Mitosis_1,Expt-1
15_1,23.0,1829.0,24467.0,9267.130434782608,Expt2023_011_set5_RPE-1-p21-GFP-PCNA-mRuby_200k_6days-GFP-CENPC-CENPA-DAPI-5_R3D_D3D-1-mitosis-CENP-C(particle)0015.tif,1985.376779500158,385.1025,710.0,4591.0,2131.9565217391305,Expt2023_011_set5_RPE-1-p21-GFP-PCNA-mRuby_200k_6days-GFP-CENPC-CENPA-DAPI-5_R3D_D3D-1-mitosis-CENP-A(mask)0015.tif,722.5832237707074,199.3,2.9504650144156273,4.6676935735672895,0.6321034077994823,0.23005573696655784,4.346772713368002,1.5820196310620476,Mitosis,KTProtein_Mitosis_1,Expt-1
15_2,38.0,985.0,32520.0,9118.263157894737,Expt2023_011_set5_RPE-1-p21-GFP-PCNA-mRuby_200k_6days-GFP-CENPC-CENPA-DAPI-5_R3D_D3D-1-mitosis-CENP-C(particle)0015.tif,1985.376779500158,385.1025,417.0,8479.0,2984.1052631578946,Expt2023_011_set5_RPE-1-p21-GFP-PCNA-mRuby_200k_6days-GFP-CENPC-CENPA-DAPI-5_R3D_D3D-1-mitosis-CENP-A(mask)0015.tif,722.5832237707074,199.3,4.12977379627737,4.592711696865099,0.8992016196218626,0.3272668502196286,3.0556104271755617,1.1120976410390873,Mitosis,KTProtein_Mitosis_1,Expt-1
15_3,26.0,2525.0,19011.0,8043.115384615385,Expt2023_011_set5_RPE-1-p21-GFP-PCNA-mRuby_200k_6days-GFP-CENPC-CENPA-DAPI-5_R3D_D3D-1-mitosis-CENP-C(particle)0015.tif,1985.376779500158,385.1025,951.0,4359.0,2320.692307692308,Expt2023_011_set5_RPE-1-p21-GFP-PCNA-mRuby_200k_6days-GFP-CENPC-CENPA-DAPI-5_R3D_D3D-1-mitosis-CENP-A(mask)0015.tif,722.5832237707074,199.3,3.211660928940579,4.051178329304493,0.7927720450390435,0.2885315200290741,3.465825847724485,1.2613966476968175,Mitosis,KTProtein_Mitosis_1,Expt-1
15_4,31.0,985.0,30187.0,9483.83870967742,Expt2023_011_set5_RPE-1-p21-GFP-PCNA-mRuby_200k_6days-GFP-CENPC-CENPA-DAPI-5_R3D_D3D-1-mitosis-CENP-C(particle)0015.tif,1985.376779500158,385.1025,629.0,8214.0,3120.3870967741937,Expt2023_011_set5_RPE-1-p21-GFP-PCNA-mRuby_200k_6days-GFP-CENPC-CENPA-DAPI-5_R3D_D3D-1-mitosis-CENP-A(mask)0015.tif,722.5832237707074,199.3,4.3183774465325335,4.77684578947533,0.9040227875991046,0.3290215272841064,3.039314807922921,1.1061668065423338,Mitosis,KTProtein_Mitosis_1,Expt-1
16_1,50.0,287.0,8043.0,3560.52,Expt2023_011_set5_RPE-1-p21-GFP-PCNA-mRuby_200k_6days-GFP-CENPC-CENPA-DAPI-5_R3D_D3D-1-mitosis-CENP-C(particle)0016.tif,1638.9655952919873,424.225,294.0,2445.0,1080.22,Expt2023_011_set5_RPE-1-p21-GFP-PCNA-mRuby_200k_6days-GFP-CENPC-CENPA-DAPI-5_R3D_D3D-1-mitosis-CENP-A(mask)0016.tif,628.3399731423456,208.515,1.719164856881204,2.1724190002693016,0.7913597039374493,0.30338826912922834,3.296106348706745,1.2636478645860418,Mitosis,KTProtein_Mitosis_1,Expt-1
16_2,60.0,562.0,15123.0,4804.833333333333,Expt2023_011_set5_RPE-1-p21-GFP-PCNA-mRuby_200k_6days-GFP-CENPC-CENPA-DAPI-5_R3D_D3D-1-mitosis-CENP-C(particle)0016.tif,1638.9655952919873,424.225,488.0,3575.0,1455.9,Expt2023_011_set5_RPE-1-p21-GFP-PCNA-mRuby_200k_6days-GFP-CENPC-CENPA-DAPI-5_R3D_D3D-1-mitosis-CENP-A(mask)0016.tif,628.3399731423456,208.515,2.317057742990636,2.9316255003372023,0.7903662124388406,0.30300738839363145,3.3002495592646013,1.265236271821755,Mitosis,KTProtein_Mitosis_1,Expt-1
16_3,5.0,1703.0,4578.0,3146.2,Expt2023_011_set5_RPE-1-p21-GFP-PCNA-mRuby_200k_6days-GFP-CENPC-CENPA-DAPI-5_R3D_D3D-1-mitosis-CENP-C(particle)0016.tif,1638.9655952919873,424.225,495.0,1337.0,952.2,Expt2023_011_set5_RPE-1-p21-GFP-PCNA-mRuby_200k_6days-GFP-CENPC-CENPA-DAPI-5_R3D_D3D-1-mitosis-CENP-A(mask)0016.tif,628.3399731423456,208.515,1.5154216518137809,1.919625408268252,0.7894361291981884,0.3026508168584324,3.304137786179374,1.2667269244640176,Mitosis,KTProtein_Mitosis_1,Expt-1
16_4,10.0,1889.0,6536.0,3667.3,Expt2023_011_set5_RPE-1-p21-GFP-PCNA-mRuby_200k_6days-GFP-CENPC-CENPA-DAPI-5_R3D_D3D-1-mitosis-CENP-C(particle)0016.tif,1638.9655952919873,424.225,945.0,1761.0,1315.3,Expt2023_011_set5_RPE-1-p21-GFP-PCNA-mRuby_200k_6days-GFP-CENPC-CENPA-DAPI-5_R3D_D3D-1-mitosis-CENP-A(mask)0016.tif,628.3399731423456,208.515,2.0932935293327724,2.2375698492601113,0.9355209760378894,0.35865623210536357,2.7881852048962217,1.068923119431476,Mitosis,KTProtein_Mitosis_1,Expt-1
16_5,5.0,3812.0,7018.0,5295.8,Expt2023_011_set5_RPE-1-p21-GFP-PCNA-mRuby_200k_6days-GFP-CENPC-CENPA-DAPI-5_R3D_D3D-1-mitosis-CENP-C(particle)0016.tif,1638.9655952919873,424.225,775.0,1555.0,1166.6,Expt2023_011_set5_RPE-1-p21-GFP-PCNA-mRuby_200k_6days-GFP-CENPC-CENPA-DAPI-5_R3D_D3D-1-mitosis-CENP-A(mask)0016.tif,628.3399731423456,208.515,1.8566382052152453,3.231184361168079,0.574599898268902,0.22028777521809734,4.539516543802503,1.7403414149788428,Mitosis,KTProtein_Mitosis_1,Expt-1
16_6,55.0,480.0,12631.0,4469.636363636364,Expt2023_011_set5_RPE-1-p21-GFP-PCNA-mRuby_200k_6days-GFP-CENPC-CENPA-DAPI-5_R3D_D3D-1-mitosis-CENP-C(particle)0016.tif,1638.9655952919873,424.225,524.0,2800.0,1370.4363636363637,Expt2023_011_set5_RPE-1-p21-GFP-PCNA-mRuby_200k_6days-GFP-CENPC-CENPA-DAPI-5_R3D_D3D-1-mitosis-CENP-A(mask)0016.tif,628.3399731423456,208.515,2.181042782910617,2.727108107989346,0.7997639611429506,0.30661025912215756,3.2614694722318043,1.2503689195633299,Mitosis,KTProtein_Mitosis_1,Expt-1
17_1,28.0,612.0,4401.0,1749.928571428571,Expt2023_011_set5_RPE-1-p21-GFP-PCNA-mRuby_200k_6days-GFP-CENPC-CENPA-DAPI-5_R3D_D3D-1-mitosis-CENP-C(particle)0017.tif,1437.9749649509313,452.1475,375.0,1389.0,782.5357142857143,Expt2023_011_set5_RPE-1-p21-GFP-PCNA-mRuby_200k_6days-GFP-CENPC-CENPA-DAPI-5_R3D_D3D-1-mitosis-CENP-A(mask)0017.tif,567.1723210591642,225.0425,1.3797142159976536,1.2169395254306703,1.133757419465341,0.44718151761296393,2.2362283784400523,0.8820228938140765,Mitosis,KTProtein_Mitosis_1,Expt-1
17_2,20.0,1365.0,5769.0,3346.35,Expt2023_011_set5_RPE-1-p21-GFP-PCNA-mRuby_200k_6days-GFP-CENPC-CENPA-DAPI-5_R3D_D3D-1-mitosis-CENP-C(particle)0017.tif,1437.9749649509313,452.1475,316.0,1484.0,874.45,Expt2023_011_set5_RPE-1-p21-GFP-PCNA-mRuby_200k_6days-GFP-CENPC-CENPA-DAPI-5_R3D_D3D-1-mitosis-CENP-A(mask)0017.tif,567.1723210591642,225.0425,1.5417712880752203,2.327126745293642,0.6625214080811384,0.26131456661735925,3.82680542055006,1.5093851878632893,Mitosis,KTProtein_Mitosis_1,Expt-1
17_3,5.0,1641.0,3961.0,2848.4,Expt2023_011_set5_RPE-1-p21-GFP-PCNA-mRuby_200k_6days-GFP-CENPC-CENPA-DAPI-5_R3D_D3D-1-mitosis-CENP-C(particle)0017.tif,1437.9749649509313,452.1475,324.0,1067.0,642.4,Expt2023_011_set5_RPE-1-p21-GFP-PCNA-mRuby_200k_6days-GFP-CENPC-CENPA-DAPI-5_R3D_D3D-1-mitosis-CENP-A(mask)0017.tif,567.1723210591642,225.0425,1.13263637195897,1.9808411616520718,0.5717956562525803,0.22553012217385196,4.433997509339975,1.7488765244454185,Mitosis,KTProtein_Mitosis_1,Expt-1
17_4,47.0,562.0,9632.0,3814.617021276596,Expt2023_011_set5_RPE-1-p21-GFP-PCNA-mRuby_200k_6days-GFP-CENPC-CENPA-DAPI-5_R3D_D3D-1-mitosis-CENP-C(particle)0017.tif,1437.9749649509313,452.1475,381.0,2424.0,1189.7446808510638,Expt2023_011_set5_RPE-1-p21-GFP-PCNA-mRuby_200k_6days-GFP-CENPC-CENPA-DAPI-5_R3D_D3D-1-mitosis-CENP-A(mask)0017.tif,567.1723210591642,225.0425,2.0976776134443207,2.652770120658369,0.7907498644939938,0.3118909904231762,3.206248435208699,1.264622410830139,Mitosis,KTProtein_Mitosis_1,Expt-1
17_5,5.0,2240.0,4416.0,3176.0,Expt2023_011_set5_RPE-1-p21-GFP-PCNA-mRuby_200k_6days-GFP-CENPC-CENPA-DAPI-5_R3D_D3D-1-mitosis-CENP-C(particle)0017.tif,1437.9749649509313,452.1475,847.0,1324.0,1101.2,Expt2023_011_set5_RPE-1-p21-GFP-PCNA-mRuby_200k_6days-GFP-CENPC-CENPA-DAPI-5_R3D_D3D-1-mitosis-CENP-A(mask)0017.tif,567.1723210591642,225.0425,1.941561601496292,2.20866153960363,0.879067057890965,0.34672544080604534,2.884126407555394,1.1375696438894825,Mitosis,KTProtein_Mitosis_1,Expt-1
17_6,5.0,1950.0,4231.0,3005.2,Expt2023_011_set5_RPE-1-p21-GFP-PCNA-mRuby_200k_6days-GFP-CENPC-CENPA-DAPI-5_R3D_D3D-1-mitosis-CENP-C(particle)0017.tif,1437.9749649509313,452.1475,481.0,1118.0,860.0,Expt2023_011_set5_RPE-1-p21-GFP-PCNA-mRuby_200k_6days-GFP-CENPC-CENPA-DAPI-5_R3D_D3D-1-mitosis-CENP-A(mask)0017.tif,567.1723210591642,225.0425,1.5162940222364794,2.0898833938340142,0.7255400118064714,0.28617063756155997,3.4944186046511625,1.3782837386323736,Mitosis,KTProtein_Mitosis_1,Expt-1
17_7,37.0,711.0,6038.0,2578.5405405405404,Expt2023_011_set5_RPE-1-p21-GFP-PCNA-mRuby_200k_6days-GFP-CENPC-CENPA-DAPI-5_R3D_D3D-1-mitosis-CENP-C(particle)0017.tif,1437.9749649509313,452.1475,333.0,1678.0,989.8648648648648,Expt2023_011_set5_RPE-1-p21-GFP-PCNA-mRuby_200k_6days-GFP-CENPC-CENPA-DAPI-5_R3D_D3D-1-mitosis-CENP-A(mask)0017.tif,567.1723210591642,225.0425,1.7452629969959477,1.7931748489296746,0.973280992669329,0.3838857094941618,2.6049419795221844,1.0274525111780837,Mitosis,KTProtein_Mitosis_1,Expt-1
18_1,8.0,1245.0,2803.0,1991.625,Expt2023_011_set5_RPE-1-p21-GFP-PCNA-mRuby_200k_6days-GFP-CENPC-CENPA-DAPI-5_R3D_D3D-1-mitosis-CENP-C(particle)0018.tif,1323.6992840095463,484.6325,291.0,961.0,600.625,Expt2023_011_set5_RPE-1-p21-GFP-PCNA-mRuby_200k_6days-GFP-CENPC-CENPA-DAPI-5_R3D_D3D-1-mitosis-CENP-A(mask)0018.tif,562.3185117967332,246.365,1.0681224028724734,1.5045902223103693,0.709909174627176,0.30157534676457665,3.315920915712799,1.408630900601012,Mitosis,KTProtein_Mitosis_1,Expt-1
18_2,31.0,1481.0,4811.0,2762.967741935484,Expt2023_011_set5_RPE-1-p21-GFP-PCNA-mRuby_200k_6days-GFP-CENPC-CENPA-DAPI-5_R3D_D3D-1-mitosis-CENP-C(particle)0018.tif,1323.6992840095463,484.6325,371.0,1579.0,931.1612903225806,Expt2023_011_set5_RPE-1-p21-GFP-PCNA-mRuby_200k_6days-GFP-CENPC-CENPA-DAPI-5_R3D_D3D-1-mitosis-CENP-A(mask)0018.tif,562.3185117967332,246.365,1.6559321288344435,2.0873077256386563,0.7933339720322148,0.3370148974921776,2.967227880551514,1.2605031868714596,Mitosis,KTProtein_Mitosis_1,Expt-1
18_3,5.0,1118.0,2347.0,1731.8,Expt2023_011_set5_RPE-1-p21-GFP-PCNA-mRuby_200k_6days-GFP-CENPC-CENPA-DAPI-5_R3D_D3D-1-mitosis-CENP-C(particle)0018.tif,1323.6992840095463,484.6325,702.0,1162.0,936.0,Expt2023_011_set5_RPE-1-p21-GFP-PCNA-mRuby_200k_6days-GFP-CENPC-CENPA-DAPI-5_R3D_D3D-1-mitosis-CENP-A(mask)0018.tif,562.3185117967332,246.365,1.6645370557146892,1.3083031931197378,1.27228693201114,0.5404781152558032,1.850213675213675,0.7859862227927403,Mitosis,KTProtein_Mitosis_1,Expt-1
18_4,5.0,1279.0,2066.0,1629.2,Expt2023_011_set5_RPE-1-p21-GFP-PCNA-mRuby_200k_6days-GFP-CENPC-CENPA-DAPI-5_R3D_D3D-1-mitosis-CENP-C(particle)0018.tif,1323.6992840095463,484.6325,560.0,1285.0,962.4,Expt2023_011_set5_RPE-1-p21-GFP-PCNA-mRuby_200k_6days-GFP-CENPC-CENPA-DAPI-5_R3D_D3D-1-mitosis-CENP-A(mask)0018.tif,562.3185117967332,246.365,1.7114855367733086,1.2307931413735285,1.390554983807711,0.5907193714706604,1.6928512053200333,0.719137331241468,Mitosis,KTProtein_Mitosis_1,Expt-1
18_5,8.0,1679.0,4151.0,2968.0,Expt2023_011_set5_RPE-1-p21-GFP-PCNA-mRuby_200k_6days-GFP-CENPC-CENPA-DAPI-5_R3D_D3D-1-mitosis-CENP-C(particle)0018.tif,1323.6992840095463,484.6325,638.0,1198.0,926.375,Expt2023_011_set5_RPE-1-p21-GFP-PCNA-mRuby_200k_6days-GFP-CENPC-CENPA-DAPI-5_R3D_D3D-1-mitosis-CENP-A(mask)0018.tif,562.3185117967332,246.365,1.6474204219954007,2.242201107044336,0.7347335690896283,0.31212095687331537,3.2038861152341114,1.3610375816080518,Mitosis,KTProtein_Mitosis_1,Expt-1
